gid,depth,is_seed,in_deg,in_kzt,in_tx,out_deg,out_kzt,out_tx,pass_through,truncated,seed_payers_direct,seed_sources_2hop,pagerank,betweenness,fast_pass_share,taint_kzt,taint_share,role,role_score,peripheral_reason,evidence,priority_score,why,cluster_id
100000000011452100,1,False,3,110000,7,1,16685,2,0.151681818182,False,1,1,0.000487245155609,3.36849647358e-06,1,76085.8620952,0.691689655411,terminal,0.75,,Possible holding point: receives 110K KZT from 3 payers; observed onward flow is 15%.,0.760297322074,"Possible holding point: receives 110K KZT from 3 payers; observed onward flow is 15%. Priority drivers: high case-money inflow (76K KZT), 1 seeds within 2 hops.",0
100000000018102100,4,False,1,7000,1,0,0,0,0,True,0,0,0.00031863672907,0,0,74.740878688,0.010677268384,peripheral,0.9,cut_off_hop4,Outgoing transfers not observed: graph cut off at hop 4.,0.206993564318,"Outgoing transfers not observed: graph cut off at hop 4. Priority drivers: high weighted network importance, high case-money inflow (75 KZT).",0
100000000031787100,2,False,1,90000,2,2,90000,4,1,False,0,1,0.000428872135161,3.96293702774e-07,0.444444444444,48648.6393997,0.540540437774,transit,1,,Pass-through hypothesis: forwards 100% of 90K KZT received; 44% forwarded within 2 days.,0.777517494276,"Pass-through hypothesis: forwards 100% of 90K KZT received; 44% forwarded within 2 days. Priority drivers: high case-money inflow (49K KZT), 1 seeds within 2 hops.",6
100000000041368100,1,False,1,160000,1,0,0,0,0,False,1,2,0.000315815838898,0,0,160000,1,peripheral,0.9,one_off_recipient,Single inflow of 160K KZT; 0 further outgoing transfers observed.,0.652201353474,"Single inflow of 160K KZT; 0 further outgoing transfers observed. Priority drivers: high case-money inflow (160K KZT), 2 seeds within 2 hops.",2
100000000076451100,2,False,3,87707,4,4,58000,4,0.661292713238,False,0,1,0.00138363601967,9.76863977338e-05,0.258620689655,1969.60506782,0.0224566461949,peripheral,0.6,other,"Limited role evidence: 3 payers, 4 recipients, 88K KZT received in observed graph.",0.646120393788,"Limited role evidence: 3 payers, 4 recipients, 88K KZT received in observed graph. Priority drivers: high case-money inflow (2K KZT), 1 seeds within 2 hops.",15
100000000089154100,1,False,1,10000,1,15,425500,21,42.55,False,1,1,0.000285899167442,0.000108954784611,0.273795534665,10000,0.0235017626322,distributor,0.75,,Fan-out hypothesis: sends 426K KZT to 15 recipients after receiving from 1 payers.,0.66806713011,"Fan-out hypothesis: sends 426K KZT to 15 recipients after receiving from 1 payers. Priority drivers: high case-money inflow (10K KZT), 1 seeds within 2 hops.",0
100000000190228100,2,False,1,5000,1,1,28560,1,5.712,False,0,1,0.000578557766435,2.15980068012e-05,0,2390.84439118,0.083713038907,peripheral,0.6,other,"Limited role evidence: 1 payers, 1 recipients, 5K KZT received in observed graph.",0.623973262205,"Limited role evidence: 1 payers, 1 recipients, 5K KZT received in observed graph. Priority drivers: high case-money inflow (2K KZT), 1 seeds within 2 hops.",8
100000000201868100,2,False,1,190000,1,1,190000,1,1,False,0,1,0.000967520301686,0,1,86971.248687,0.457743414142,transit,1,,Pass-through hypothesis: forwards 100% of 190K KZT received; 100% forwarded within 2 days.,0.767946892952,"Pass-through hypothesis: forwards 100% of 190K KZT received; 100% forwarded within 2 days. Priority drivers: high case-money inflow (87K KZT), 1 seeds within 2 hops.",53
100000000254336100,3,False,2,97177,2,1,60000,1,0.617430050321,False,0,0,0.000290357164055,1.92202445845e-05,1,192.707807704,0.0019830598568,peripheral,0.6,other,"Limited role evidence: 2 payers, 1 recipients, 97K KZT received in observed graph.",0.347255045584,"Limited role evidence: 2 payers, 1 recipients, 97K KZT received in observed graph. Priority drivers: strong bridge position, high case-money inflow (193 KZT).",0
100000000267734100,1,False,2,180000,4,7,282000,8,1.56666666667,False,1,1,0.00053390101153,3.56664332497e-06,0.414893617021,152432.403452,0.540540437774,peripheral,0.6,other,"Limited role evidence: 2 payers, 7 recipients, 180K KZT received in observed graph.",0.719299215464,"Limited role evidence: 2 payers, 7 recipients, 180K KZT received in observed graph. Priority drivers: high case-money inflow (152K KZT), 1 seeds within 2 hops.",6
100000000274067100,1,False,2,517704,9,3,2969000,9,5.73493733871,False,1,1,0.000411173399548,1.18888110832e-06,0.692152239811,242174.288471,0.0815676283162,peripheral,0.6,other,"Limited role evidence: 2 payers, 3 recipients, 518K KZT received in observed graph.",0.706100768873,"Limited role evidence: 2 payers, 3 recipients, 518K KZT received in observed graph. Priority drivers: high case-money inflow (242K KZT), 1 seeds within 2 hops.",6
100000000287768100,3,False,1,35168,1,0,0,0,0,False,0,0,0.000287132337554,0,0,170.563412372,0.00484996054288,peripheral,0.9,one_off_recipient,Single inflow of 35K KZT; 0 further outgoing transfers observed.,0.25597154848,"Single inflow of 35K KZT; 0 further outgoing transfers observed. Priority drivers: high case-money inflow (171 KZT), 0 seeds within 2 hops.",0
100000000288317100,3,False,2,100000,2,3,53500,3,0.535,False,0,0,0.000311104234185,5.82551743078e-05,0.308411214953,1067.72683866,0.0106772683866,peripheral,0.6,other,"Limited role evidence: 2 payers, 3 recipients, 100K KZT received in observed graph.",0.459234536166,"Limited role evidence: 2 payers, 3 recipients, 100K KZT received in observed graph. Priority drivers: high case-money inflow (1K KZT), strong bridge position.",0
100000000291906100,2,False,2,388000,3,2,455854,6,1.1748814433,False,0,1,0.000757952153029,7.80698594465e-05,0.418673522663,9823.83783181,0.0215504039272,transit,0.562796391753,,Pass-through hypothesis: forwards 117% of 388K KZT received; 42% forwarded within 2 days.,0.778795877846,"Pass-through hypothesis: forwards 117% of 388K KZT received; 42% forwarded within 2 days. Priority drivers: high case-money inflow (10K KZT), 1 seeds within 2 hops.",47
100000000291908100,3,False,1,295500,5,1,13300,1,0.0450084602369,False,0,0,0.000701668001682,1.98146851387e-05,0,6368.14300164,0.0215503993287,peripheral,0.6,other,"Limited role evidence: 1 payers, 1 recipients, 296K KZT received in observed graph.",0.553178453133,"Limited role evidence: 1 payers, 1 recipients, 296K KZT received in observed graph. Priority drivers: high case-money inflow (6K KZT), high weighted network importance.",47
100000000297649100,2,False,1,40000,1,1,70600,2,1.765,False,0,1,0.000802394966688,0,0,3402.5324654,0.0481945108414,peripheral,0.6,other,"Limited role evidence: 1 payers, 1 recipients, 40K KZT received in observed graph.",0.5643729471,"Limited role evidence: 1 payers, 1 recipients, 40K KZT received in observed graph. Priority drivers: high case-money inflow (3K KZT), 1 seeds within 2 hops.",10
100000000299820100,4,False,1,10000,1,0,0,0,0,True,0,0,0.000447548367129,0,0,66.5150349918,0.00665150349918,peripheral,0.9,cut_off_hop4,Outgoing transfers not observed: graph cut off at hop 4.,0.226729042571,"Outgoing transfers not observed: graph cut off at hop 4. Priority drivers: high weighted network importance, high case-money inflow (67 KZT).",3
100000000307908100,2,False,1,5000,1,0,0,0,0,False,0,1,0.000295513461644,0,0,1449.26385611,0.289852771223,peripheral,0.9,one_off_recipient,Single inflow of 5K KZT; 0 further outgoing transfers observed.,0.453464534645,"Single inflow of 5K KZT; 0 further outgoing transfers observed. Priority drivers: high case-money inflow (1K KZT), 1 seeds within 2 hops.",40
100000000331309100,2,False,5,984635,8,99,23001375,126,23.3603061033,False,0,3,0.000869741747215,0.00455723405027,0.358430745988,27494.9556223,0.00119536139132,coordinator,0.503927172077,,Bridge hypothesis: top 1% betweenness; links 5 payers and 99 recipients.,0.96307199027,"Bridge hypothesis: top 1% betweenness; links 5 payers and 99 recipients. Priority drivers: high case-money inflow (27K KZT), coordinator role signals.",5
100000000332284100,2,False,10,107426,12,3,289500,3,2.69487833485,False,0,1,0.000712719621885,0.00010913726639,1,6538.78309173,0.0225864700923,consolidator,1,,"Signs of consolidation: receives from 10 payers (1 seeds within 2 hops), 107K KZT in, forwards 269%.",0.829848298483,"Signs of consolidation: receives from 10 payers (1 seeds within 2 hops), 107K KZT in, forwards 269%. Priority drivers: high case-money inflow (7K KZT), consolidator role signals.",5
100000000343175100,0,True,8,178712,14,31,4000039,33,22.3825988182,False,1,3,0.000709762355094,0.00109469260903,1,74157.2148187,1,consolidator,0.8,,"Signs of consolidation: seed receives from 8 payers, 179K KZT observed in and 4.0M KZT observed out.",0.580430366101,"Signs of consolidation: seed receives from 8 payers, 179K KZT observed in and 4.0M KZT observed out. Priority drivers: high case-money inflow (74K KZT), 3 seeds within 2 hops.",11
100000000369781100,4,False,1,5000,1,0,0,0,0,True,0,0,0.000529321180088,0,0,5.97679686769,0.00119535937354,peripheral,0.9,cut_off_hop4,Outgoing transfers not observed: graph cut off at hop 4.,0.197948136785,"Outgoing transfers not observed: graph cut off at hop 4. Priority drivers: high weighted network importance, 0 seeds within 2 hops.",5
100000000375150100,4,False,1,300000,1,0,0,0,0,True,0,0,0.000740799620925,0,0,20532.3940248,0.0684413134161,peripheral,0.9,cut_off_hop4,Outgoing transfers not observed: graph cut off at hop 4.,0.362603940646,"Outgoing transfers not observed: graph cut off at hop 4. Priority drivers: high case-money inflow (21K KZT), high weighted network importance.",12
100000000404740100,4,False,1,25000,1,0,0,0,0,True,0,0,0.000554595626693,0,0,382.647963133,0.0153059185253,peripheral,0.9,cut_off_hop4,Outgoing transfers not observed: graph cut off at hop 4.,0.281533691741,"Outgoing transfers not observed: graph cut off at hop 4. Priority drivers: high weighted network importance, high case-money inflow (383 KZT).",24
100000000408846100,3,False,1,40500,1,0,0,0,0,False,0,0,0.000294103134265,0,0,13.0700835835,0.000322718113174,peripheral,0.9,one_off_recipient,Single inflow of 40K KZT; 0 further outgoing transfers observed.,0.218863874032,"Single inflow of 40K KZT; 0 further outgoing transfers observed. Priority drivers: 0 seeds within 2 hops, strong bridge position.",25
100000000413678100,3,False,2,306500,2,3,528198,18,1.72332137031,False,0,0,0.000299057129749,5.76607337536e-05,0.147670002537,193.493457734,0.000366327509256,peripheral,0.6,other,"Limited role evidence: 2 payers, 3 recipients, 306K KZT received in observed graph.",0.387575954411,"Limited role evidence: 2 payers, 3 recipients, 306K KZT received in observed graph. Priority drivers: strong bridge position, high case-money inflow (193 KZT).",3
100000000424935100,4,False,1,15000,1,0,0,0,0,True,0,0,0.000299773941291,0,0,41.4485451186,0.00276323634124,peripheral,0.9,cut_off_hop4,Outgoing transfers not observed: graph cut off at hop 4.,0.180921449664,"Outgoing transfers not observed: graph cut off at hop 4. Priority drivers: high weighted network importance, high case-money inflow (41 KZT).",27
100000000425407100,2,False,1,20000,1,0,0,0,0,False,0,1,0.000303432528633,0,0,5608.73898045,0.280436949023,peripheral,0.9,one_off_recipient,Single inflow of 20K KZT; 0 further outgoing transfers observed.,0.497136881481,"Single inflow of 20K KZT; 0 further outgoing transfers observed. Priority drivers: high case-money inflow (6K KZT), 1 seeds within 2 hops.",2
100000000437046100,2,False,9,1107200,20,42,7606224,73,6.86978323699,False,0,1,0.000787535929383,0.0021971484948,0.867455126223,36889.8866259,0.00484996058831,coordinator,0.501006506345,,Bridge hypothesis: top 1% betweenness; links 9 payers and 42 recipients.,0.919238405867,"Bridge hypothesis: top 1% betweenness; links 9 payers and 42 recipients. Priority drivers: high case-money inflow (37K KZT), coordinator role signals.",0
100000000440392100,1,False,1,105705,4,0,0,0,0,False,1,1,0.000295327724304,0,0,105705,1,peripheral,0.9,one_off_recipient,Single inflow of 106K KZT; 0 further outgoing transfers observed.,0.573287081185,"Single inflow of 106K KZT; 0 further outgoing transfers observed. Priority drivers: high case-money inflow (106K KZT), 1 seeds within 2 hops.",4
100000000456947100,0,True,0,0,0,0,0,0,,False,0,0,0.00028403728618,0,,0,1,peripheral,0.9,isolated_seed,Known seed with 0 observed transfers in this graph.,0.0845709468331,"Known seed with 0 observed transfers in this graph. Priority drivers: 0 seeds within 2 hops, strong bridge position.",69
100000000470237100,4,False,1,32500,1,0,0,0,0,True,0,0,0.000584077091739,0,0,2583.77893957,0.0795008904483,peripheral,0.9,cut_off_hop4,Outgoing transfers not observed: graph cut off at hop 4.,0.318199114575,"Outgoing transfers not observed: graph cut off at hop 4. Priority drivers: high case-money inflow (3K KZT), high weighted network importance.",27
100000000481716100,3,False,1,8000,1,0,0,0,0,False,0,0,0.000374966985473,0,0,1153.7609659,0.144220120737,peripheral,0.9,one_off_recipient,Single inflow of 8K KZT; 0 further outgoing transfers observed.,0.40516236623,"Single inflow of 8K KZT; 0 further outgoing transfers observed. Priority drivers: high case-money inflow (1K KZT), high weighted network importance.",7
100000000489417100,2,False,3,73504,3,1,80000,1,1.08837614279,False,0,1,0.000548475315164,1.40454814359e-05,1,23494.1996369,0.293677495461,transit,0.779059643013,,Pass-through hypothesis: forwards 109% of 74K KZT received; 100% forwarded within 2 days.,0.775686296189,"Pass-through hypothesis: forwards 109% of 74K KZT received; 100% forwarded within 2 days. Priority drivers: high case-money inflow (23K KZT), 1 seeds within 2 hops.",12
100000000490383100,2,False,3,62600,3,8,461375,9,7.37020766773,False,0,1,0.000544770443383,5.16502792616e-05,0.0108371714982,7415.16477933,0.0160718824803,peripheral,0.6,other,"Limited role evidence: 3 payers, 8 recipients, 63K KZT received in observed graph.",0.651924946216,"Limited role evidence: 3 payers, 8 recipients, 63K KZT received in observed graph. Priority drivers: high case-money inflow (7K KZT), 1 seeds within 2 hops.",4
100000000500040100,4,False,1,20000,1,0,0,0,0,True,0,0,0.000304384379275,0,0,4.05587069783,0.000202793534891,peripheral,0.9,cut_off_hop4,Outgoing transfers not observed: graph cut off at hop 4.,0.155720017874,"Outgoing transfers not observed: graph cut off at hop 4. Priority drivers: high weighted network importance, 0 seeds within 2 hops.",0
100000000507799100,1,False,1,5132,1,1,8000,1,1.55884645362,False,1,1,0.000284585439327,0.000115321467507,0,5132,0.6415,peripheral,0.6,other,"Limited role evidence: 1 payers, 1 recipients, 5K KZT received in observed graph.",0.51921491125,"Limited role evidence: 1 payers, 1 recipients, 5K KZT received in observed graph. Priority drivers: high case-money inflow (5K KZT), 1 seeds within 2 hops.",36
100000000533217100,2,False,1,53587,1,0,0,0,0,False,0,1,0.000648452020564,0,0,53003.1456843,0.98910455305,peripheral,0.9,one_off_recipient,Single inflow of 54K KZT; 0 further outgoing transfers observed.,0.645429375642,"Single inflow of 54K KZT; 0 further outgoing transfers observed. Priority drivers: high case-money inflow (53K KZT), 1 seeds within 2 hops.",0
100000000534581100,3,False,2,55960,2,1,40000,1,0.714796283059,False,0,0,0.000296821226619,1.92202445845e-05,0,409.557574633,0.00731875580117,peripheral,0.6,other,"Limited role evidence: 2 payers, 1 recipients, 56K KZT received in observed graph.",0.394175177707,"Limited role evidence: 2 payers, 1 recipients, 56K KZT received in observed graph. Priority drivers: high case-money inflow (410 KZT), strong bridge position.",3
100000000542087100,4,False,1,8506.91,1,0,0,0,0,True,0,0,0.000284877046504,0,0,0.411123998384,4.83282412044e-05,peripheral,0.9,cut_off_hop4,Outgoing transfers not observed: graph cut off at hop 4.,0.104833441593,"Outgoing transfers not observed: graph cut off at hop 4. Priority drivers: 0 seeds within 2 hops, strong bridge position.",34
100000000552584100,3,False,1,2500000,3,1,57500,1,0.023,False,0,0,0.00139581597867,0,0,37362.5113748,0.0149450045499,terminal,1,,Possible holding point: receives 2.5M KZT from 1 payers; observed onward flow is 2%.,0.609620815309,"Possible holding point: receives 2.5M KZT from 1 payers; observed onward flow is 2%. Priority drivers: high case-money inflow (37K KZT), high weighted network importance.",22
100000000555721100,1,False,2,113000,3,0,0,0,0,False,1,1,0.000306382355642,0,0,95218.3474984,0.842640243348,terminal,0.5,,Money stops here in the observed graph: receives 113K KZT from 2 payers; no outgoing transfers were traced.,0.652256634926,"Money stops here in the observed graph: receives 113K KZT from 2 payers; no outgoing transfers were traced. Priority drivers: high case-money inflow (95K KZT), 1 seeds within 2 hops.",0
100000000557536100,4,False,1,153000,7,0,0,0,0,True,0,0,0.000299140693838,0,0,7.39422090428,4.83282412044e-05,peripheral,0.9,cut_off_hop4,Outgoing transfers not observed: graph cut off at hop 4.,0.153930280876,"Outgoing transfers not observed: graph cut off at hop 4. Priority drivers: high weighted network importance, 0 seeds within 2 hops.",34
100000000560751100,3,False,1,25000,1,0,0,0,0,False,0,0,0.000549128325172,0,0,596.079434317,0.0238431773727,peripheral,0.9,one_off_recipient,Single inflow of 25K KZT; 0 further outgoing transfers observed.,0.414560213018,"Single inflow of 25K KZT; 0 further outgoing transfers observed. Priority drivers: high case-money inflow (596 KZT), high weighted network importance.",12
100000000561160100,4,False,1,240000,1,0,0,0,0,True,0,0,0.000433670376444,0,0,474.553852845,0.00197730772019,peripheral,0.9,cut_off_hop4,Outgoing transfers not observed: graph cut off at hop 4.,0.273020348181,"Outgoing transfers not observed: graph cut off at hop 4. Priority drivers: high case-money inflow (475 KZT), high weighted network importance.",2
100000000569479100,3,False,1,320000,1,0,0,0,0,False,0,0,0.000392671882698,0,0,4704.97064667,0.0147030332708,terminal,0.533333333333,,Money stops here in the observed graph: receives 320K KZT from 1 payers; no outgoing transfers were traced.,0.500992762737,"Money stops here in the observed graph: receives 320K KZT from 1 payers; no outgoing transfers were traced. Priority drivers: high case-money inflow (5K KZT), high weighted network importance.",0
100000000572276100,3,False,1,13075,1,1,34547,1,2.64221797323,False,0,0,0.000286063049852,1.38702795971e-06,0,8.68843794085,0.000251496162933,peripheral,0.6,other,"Limited role evidence: 1 payers, 1 recipients, 13K KZT received in observed graph.",0.234066273247,"Limited role evidence: 1 payers, 1 recipients, 13K KZT received in observed graph. Priority drivers: strong bridge position, 0 seeds within 2 hops.",1
100000000580561100,0,True,2,27980,3,3,1488077,13,53.1835954253,False,0,1,0.000828963607783,1.18888110832e-06,0.571207000713,18188.876905,1,peripheral,0.6,other,"Limited role evidence: 2 payers, 3 recipients, 28K KZT received in observed graph.",0.402681150407,"Limited role evidence: 2 payers, 3 recipients, 28K KZT received in observed graph. Priority drivers: high case-money inflow (18K KZT), 1 seeds within 2 hops.",41
100000000581662100,4,False,1,21160,1,0,0,0,0,True,0,0,0.000301268514162,0,0,6.78695006462,0.000320744331976,peripheral,0.9,cut_off_hop4,Outgoing transfers not observed: graph cut off at hop 4.,0.155961874225,"Outgoing transfers not observed: graph cut off at hop 4. Priority drivers: high weighted network importance, 0 seeds within 2 hops.",13
100000000581682100,4,False,1,5000,1,0,0,0,0,True,0,0,0.000289282837883,0,0,13.8161817062,0.00276323634124,peripheral,0.9,cut_off_hop4,Outgoing transfers not observed: graph cut off at hop 4.,0.140821666644,"Outgoing transfers not observed: graph cut off at hop 4. Priority drivers: 0 seeds within 2 hops, strong bridge position.",27
100000000583220100,3,False,1,5000,1,1,761255,4,152.251,False,0,0,0.000296489783999,1.96165382873e-05,0.0525448108715,39.9564123078,5.24875531954e-05,peripheral,0.6,other,"Limited role evidence: 1 payers, 1 recipients, 5K KZT received in observed graph.",0.322343841416,"Limited role evidence: 1 payers, 1 recipients, 5K KZT received in observed graph. Priority drivers: strong bridge position, 0 seeds within 2 hops.",65
100000000594783100,3,False,1,2635000,10,2,152500,2,0.0578747628083,False,0,0,0.00145585202806,0,1,39380.086989,0.0149450045499,terminal,1,,Possible holding point: receives 2.6M KZT from 1 payers; observed onward flow is 6%.,0.611901175192,"Possible holding point: receives 2.6M KZT from 1 payers; observed onward flow is 6%. Priority drivers: high case-money inflow (39K KZT), high weighted network importance.",22
100000000596954100,2,False,1,120000,1,2,48100,2,0.400833333333,False,0,1,0.000512506055127,4.83478317384e-05,1,95325.01473,0.79437512275,peripheral,0.6,other,"Limited role evidence: 1 payers, 2 recipients, 120K KZT received in observed graph.",0.723859935229,"Limited role evidence: 1 payers, 2 recipients, 120K KZT received in observed graph. Priority drivers: high case-money inflow (95K KZT), 1 seeds within 2 hops.",2
100000000600707100,4,False,1,89000,2,0,0,0,0,True,0,0,0.000566529130596,0,0,5916.18496892,0.0664739884149,peripheral,0.9,cut_off_hop4,Outgoing transfers not observed: graph cut off at hop 4.,0.329179392918,"Outgoing transfers not observed: graph cut off at hop 4. Priority drivers: high case-money inflow (6K KZT), high weighted network importance.",35
100000000607731100,1,False,1,20000,1,1,66666,1,3.3333,False,1,1,0.000315727075186,5.94440554161e-07,0,20000,0.30000300003,peripheral,0.6,other,"Limited role evidence: 1 payers, 1 recipients, 20K KZT received in observed graph.",0.609496432043,"Limited role evidence: 1 payers, 1 recipients, 20K KZT received in observed graph. Priority drivers: high case-money inflow (20K KZT), 1 seeds within 2 hops.",28
100000000607941100,2,False,2,50000,3,1,70000,4,1.4,False,0,1,0.000574372790255,5.76607337536e-05,0.285714285714,6696.54473774,0.0956649248248,peripheral,0.6,other,"Limited role evidence: 2 payers, 1 recipients, 50K KZT received in observed graph.",0.653479737045,"Limited role evidence: 2 payers, 1 recipients, 50K KZT received in observed graph. Priority drivers: high case-money inflow (7K KZT), 1 seeds within 2 hops.",4
100000000608031100,4,False,1,30000,1,0,0,0,0,True,0,0,0.00053542995533,0,0,73.7648074893,0.00245882691631,peripheral,0.9,cut_off_hop4,Outgoing transfers not observed: graph cut off at hop 4.,0.237322350752,"Outgoing transfers not observed: graph cut off at hop 4. Priority drivers: high weighted network importance, high case-money inflow (74 KZT).",16
100000000611474100,3,False,1,32000,1,0,0,0,0,False,0,0,0.000591952030045,0,0,990.522327281,0.0309538227275,peripheral,0.9,one_off_recipient,Single inflow of 32K KZT; 0 further outgoing transfers observed.,0.432319379374,"Single inflow of 32K KZT; 0 further outgoing transfers observed. Priority drivers: high case-money inflow (991 KZT), high weighted network importance.",21
100000000625169100,2,False,1,10000,1,0,0,0,0,False,0,1,0.000287408017732,0,0,171.850103637,0.0171850103637,peripheral,0.9,one_off_recipient,Single inflow of 10K KZT; 0 further outgoing transfers observed.,0.354545287026,"Single inflow of 10K KZT; 0 further outgoing transfers observed. Priority drivers: 1 seeds within 2 hops, high case-money inflow (172 KZT).",1
100000000627521100,4,False,1,6500,1,0,0,0,0,True,0,0,0.000284563457022,0,0,0.707037393513,0.000108774983617,peripheral,0.9,cut_off_hop4,Outgoing transfers not observed: graph cut off at hop 4.,0.104833441593,"Outgoing transfers not observed: graph cut off at hop 4. Priority drivers: 0 seeds within 2 hops, strong bridge position.",37
100000000629812100,2,False,2,22000,2,0,0,0,0,False,0,2,0.000296361813391,0,0,2314.98316795,0.105226507634,terminal,0.5,,Money stops here in the observed graph: receives 22K KZT from 2 payers; no outgoing transfers were traced.,0.569887271906,"Money stops here in the observed graph: receives 22K KZT from 2 payers; no outgoing transfers were traced. Priority drivers: 2 seeds within 2 hops, high case-money inflow (2K KZT).",54
100000000634341100,4,False,1,24000,2,0,0,0,0,True,0,0,0.000551576434978,0,0,116.399053028,0.00484996054282,peripheral,0.9,cut_off_hop4,Outgoing transfers not observed: graph cut off at hop 4.,0.250189108633,"Outgoing transfers not observed: graph cut off at hop 4. Priority drivers: high weighted network importance, high case-money inflow (116 KZT).",0
100000000640800100,3,False,1,80000,1,4,518135,6,6.4766875,False,0,0,0.000301571934705,0.000145174954828,0.0310961428971,133.69813471,0.000258037258071,peripheral,0.6,other,"Limited role evidence: 1 payers, 4 recipients, 80K KZT received in observed graph.",0.386021163582,"Limited role evidence: 1 payers, 4 recipients, 80K KZT received in observed graph. Priority drivers: strong bridge position, high case-money inflow (134 KZT).",3
100000000646541100,2,False,3,25300,4,0,0,0,0,False,0,1,0.000502843033807,0,0,1270.35634714,0.0502117133256,terminal,0.75,,Money stops here in the observed graph: receives 25K KZT from 3 payers; no outgoing transfers were traced.,0.581496376762,"Money stops here in the observed graph: receives 25K KZT from 3 payers; no outgoing transfers were traced. Priority drivers: high case-money inflow (1K KZT), 1 seeds within 2 hops.",0
100000000655469100,4,False,1,20000,2,0,0,0,0,True,0,0,0.000343469767614,0,0,172.178094376,0.0086089047188,peripheral,0.9,cut_off_hop4,Outgoing transfers not observed: graph cut off at hop 4.,0.234468445808,"Outgoing transfers not observed: graph cut off at hop 4. Priority drivers: high case-money inflow (172 KZT), high weighted network importance.",20
100000000656682100,3,False,1,71000,1,2,80000,3,1.12676056338,False,0,0,0.000288008090983,3.84404891691e-05,0,60.0974232105,0.000751217790131,transit,0.683098591549,,Pass-through hypothesis: forwards 113% of 71K KZT received; 0% forwarded within 2 days.,0.411485182268,"Pass-through hypothesis: forwards 113% of 71K KZT received; 0% forwarded within 2 days. Priority drivers: strong bridge position, transit role signals.",0
100000000661131100,3,False,1,15600,1,0,0,0,0,False,0,0,0.000286454258515,0,0,10.3663198376,0.0006645076819,peripheral,0.9,one_off_recipient,Single inflow of 16K KZT; 0 further outgoing transfers observed.,0.17667721621,"Single inflow of 16K KZT; 0 further outgoing transfers observed. Priority drivers: 0 seeds within 2 hops, strong bridge position.",1
100000000661912100,1,False,5,393036,9,2,430700,8,1.09582837196,False,1,1,0.0017931419247,0.00133369054521,0.75156721616,38023.8545761,0.0882838508848,consolidator,0.5,,"Signs of consolidation: receives from 5 payers (1 seeds within 2 hops), 393K KZT in, forwards 110%.",0.907104127221,"Signs of consolidation: receives from 5 payers (1 seeds within 2 hops), 393K KZT in, forwards 110%. Priority drivers: high case-money inflow (38K KZT), consolidator role signals.",3
100000000667713100,1,False,2,119495,10,6,79236,7,0.663090505879,False,1,1,0.000318341711655,0.000139676253688,0.472638699581,107665.44612,0.901003775217,peripheral,0.6,other,"Limited role evidence: 2 payers, 6 recipients, 119K KZT received in observed graph.",0.696426514827,"Limited role evidence: 2 payers, 6 recipients, 119K KZT received in observed graph. Priority drivers: high case-money inflow (108K KZT), 1 seeds within 2 hops.",4
100000000673868100,3,False,1,2030650,5,5,383000,19,0.188609558516,False,0,0,0.00116249089914,4.10163982371e-05,0.762402088773,3350.61010299,0.00165001851771,terminal,1,,Possible holding point: receives 2.0M KZT from 1 payers; observed onward flow is 19%.,0.617291116731,"Possible holding point: receives 2.0M KZT from 1 payers; observed onward flow is 19%. Priority drivers: high case-money inflow (3K KZT), high weighted network importance.",29
100000000673915100,4,False,1,20200,1,0,0,0,0,True,0,0,0.000286031330851,0,0,0.97623047233,4.83282412044e-05,peripheral,0.9,cut_off_hop4,Outgoing transfers not observed: graph cut off at hop 4.,0.111218449263,"Outgoing transfers not observed: graph cut off at hop 4. Priority drivers: 0 seeds within 2 hops, strong bridge position.",34
100000000703894100,1,False,1,120000,1,1,35000,1,0.291666666667,False,1,1,0.000474176020216,5.94440554161e-07,0,120000,1,peripheral,0.6,other,"Limited role evidence: 1 payers, 1 recipients, 120K KZT received in observed graph.",0.70074537824,"Limited role evidence: 1 payers, 1 recipients, 120K KZT received in observed graph. Priority drivers: high case-money inflow (120K KZT), 1 seeds within 2 hops.",28
100000000703902100,1,False,1,25499,1,0,0,0,0,False,1,1,0.000289348931203,0,0,25499,1,peripheral,0.9,one_off_recipient,Single inflow of 25K KZT; 0 further outgoing transfers observed.,0.510266226258,"Single inflow of 25K KZT; 0 further outgoing transfers observed. Priority drivers: high case-money inflow (25K KZT), 1 seeds within 2 hops.",1
100000000704700100,4,False,1,10000,1,0,0,0,0,True,0,0,0.000530097138902,0,0,23.5705427276,0.00235705427276,peripheral,0.9,cut_off_hop4,Outgoing transfers not observed: graph cut off at hop 4.,0.216184105661,"Outgoing transfers not observed: graph cut off at hop 4. Priority drivers: high weighted network importance, 0 seeds within 2 hops.",23
100000000706545100,1,False,3,1070300,8,1,75800,3,0.0708212650659,False,1,1,0.00341355771127,1.96165382873e-05,0,730574.930741,0.68258892903,terminal,1,,Possible holding point: receives 1.1M KZT from 3 payers; observed onward flow is 7%.,0.831264885683,"Possible holding point: receives 1.1M KZT from 3 payers; observed onward flow is 7%. Priority drivers: high case-money inflow (731K KZT), high weighted network importance.",4
100000000718427100,2,False,1,6000,1,0,0,0,0,False,0,1,0.000286059725111,0,0,103.110062182,0.0171850103637,peripheral,0.9,one_off_recipient,Single inflow of 6K KZT; 0 further outgoing transfers observed.,0.325487973981,"Single inflow of 6K KZT; 0 further outgoing transfers observed. Priority drivers: 1 seeds within 2 hops, high case-money inflow (103 KZT).",1
100000000723383100,2,False,1,6800,1,2,75000,2,11.0294117647,False,0,1,0.000386796361836,0.000238965102773,0,6205.86270347,0.0827448360463,peripheral,0.6,other,"Limited role evidence: 1 payers, 2 recipients, 7K KZT received in observed graph.",0.631194401832,"Limited role evidence: 1 payers, 2 recipients, 7K KZT received in observed graph. Priority drivers: high case-money inflow (6K KZT), 1 seeds within 2 hops.",20
100000000724540100,2,False,1,50000,1,1,100000,1,2,False,0,1,0.00030794222783,1.98146851387e-05,0,6362.44108438,0.0636244108438,peripheral,0.6,other,"Limited role evidence: 1 payers, 1 recipients, 50K KZT received in observed graph.",0.579920855388,"Limited role evidence: 1 payers, 1 recipients, 50K KZT received in observed graph. Priority drivers: high case-money inflow (6K KZT), 1 seeds within 2 hops.",17
100000000733373100,2,False,1,10710,1,0,0,0,0,False,0,1,0.000304116474608,0,0,6361.40958322,0.59396914876,peripheral,0.9,one_off_recipient,Single inflow of 11K KZT; 0 further outgoing transfers observed.,0.501213888543,"Single inflow of 11K KZT; 0 further outgoing transfers observed. Priority drivers: high case-money inflow (6K KZT), 1 seeds within 2 hops.",4
100000000733451100,3,False,1,70000,2,1,300000,1,4.28571428571,False,0,0,0.000537367452191,2.4570209572e-05,0,20532.3940253,0.0684413134177,peripheral,0.6,other,"Limited role evidence: 1 payers, 1 recipients, 70K KZT received in observed graph.",0.582270317085,"Limited role evidence: 1 payers, 1 recipients, 70K KZT received in observed graph. Priority drivers: high case-money inflow (21K KZT), strong bridge position.",12
100000000733940100,4,False,1,752000,2,0,0,0,0,True,0,0,0.000408735599265,0,0,258.891045421,0.000344270007209,peripheral,0.9,cut_off_hop4,Outgoing transfers not observed: graph cut off at hop 4.,0.25599366106,"Outgoing transfers not observed: graph cut off at hop 4. Priority drivers: high case-money inflow (259 KZT), high weighted network importance.",30
100000000737152100,4,False,1,35000,1,0,0,0,0,True,0,0,0.000342564695092,0,0,75.0427523131,0.00214407863752,peripheral,0.9,cut_off_hop4,Outgoing transfers not observed: graph cut off at hop 4.,0.214829710095,"Outgoing transfers not observed: graph cut off at hop 4. Priority drivers: high weighted network importance, high case-money inflow (75 KZT).",0
100000000749118100,3,False,1,10330,1,1,16500,1,1.59728944821,False,0,0,0.000284615010315,1.92202445845e-05,0,8.74375185584,0.000529924354899,peripheral,0.6,other,"Limited role evidence: 1 payers, 1 recipients, 10K KZT received in observed graph.",0.23441178232,"Limited role evidence: 1 payers, 1 recipients, 10K KZT received in observed graph. Priority drivers: strong bridge position, 0 seeds within 2 hops.",0
100000000764836100,3,False,1,251716,1,2,50000,2,0.198636558661,False,0,0,0.00033484763231,3.84404891691e-05,0.5,1674.28985558,0.00665150350229,peripheral,0.6,other,"Limited role evidence: 1 payers, 2 recipients, 252K KZT received in observed graph.",0.480517895067,"Limited role evidence: 1 payers, 2 recipients, 252K KZT received in observed graph. Priority drivers: high case-money inflow (2K KZT), strong bridge position.",3
100000000765628100,2,False,1,5000,1,0,0,0,0,False,0,1,0.00031369607776,0,0,5000,1,peripheral,0.9,one_off_recipient,Single inflow of 5K KZT; 0 further outgoing transfers observed.,0.5071566446,"Single inflow of 5K KZT; 0 further outgoing transfers observed. Priority drivers: high case-money inflow (5K KZT), 1 seeds within 2 hops.",4
100000000769919100,2,False,1,250000,1,0,0,0,0,False,0,1,0.000730685919147,0,0,200000,0.8,peripheral,0.9,one_off_recipient,Single inflow of 250K KZT; 0 further outgoing transfers observed.,0.673622916004,"Single inflow of 250K KZT; 0 further outgoing transfers observed. Priority drivers: high case-money inflow (200K KZT), 1 seeds within 2 hops.",60
100000000782285100,3,False,1,6151,1,0,0,0,0,False,0,0,0.00031914036536,0,0,131.622995497,0.0213986336363,peripheral,0.9,one_off_recipient,Single inflow of 6K KZT; 0 further outgoing transfers observed.,0.314293480013,"Single inflow of 6K KZT; 0 further outgoing transfers observed. Priority drivers: high case-money inflow (132 KZT), high weighted network importance.",0
100000000783406100,3,False,1,6066,1,0,0,0,0,False,0,0,0.000288618202217,0,0,19.4472447301,0.00320594209201,peripheral,0.9,one_off_recipient,Single inflow of 6K KZT; 0 further outgoing transfers observed.,0.206529200123,"Single inflow of 6K KZT; 0 further outgoing transfers observed. Priority drivers: 0 seeds within 2 hops, strong bridge position.",33
100000000785800100,2,False,1,19000,1,1,19000,1,1,False,0,1,0.000358052205173,0,1,19000,1,transit,1,,Pass-through hypothesis: forwards 100% of 19K KZT received; 100% forwarded within 2 days.,0.670236927088,"Pass-through hypothesis: forwards 100% of 19K KZT received; 100% forwarded within 2 days. Priority drivers: high case-money inflow (19K KZT), 1 seeds within 2 hops.",55
100000000790311100,2,False,1,46300,1,0,0,0,0,False,0,1,0.000298653511709,0,0,1283.45045486,0.0277203122,peripheral,0.9,one_off_recipient,Single inflow of 46K KZT; 0 further outgoing transfers observed.,0.458232559854,"Single inflow of 46K KZT; 0 further outgoing transfers observed. Priority drivers: high case-money inflow (1K KZT), 1 seeds within 2 hops.",15
100000000791285100,3,False,1,1120000,2,3,650000,3,0.580357142857,False,0,0,0.000562401480138,3.88367828719e-05,0.953846153846,361.444286755,0.000322718113174,peripheral,0.6,other,"Limited role evidence: 1 payers, 3 recipients, 1.1M KZT received in observed graph.",0.482107236803,"Limited role evidence: 1 payers, 3 recipients, 1.1M KZT received in observed graph. Priority drivers: strong bridge position, high weighted network importance.",25
100000000795033100,2,False,1,18200,1,0,0,0,0,False,0,1,0.000529861062882,0,0,2647.03980562,0.145441747562,peripheral,0.9,one_off_recipient,Single inflow of 18K KZT; 0 further outgoing transfers observed.,0.540394617429,"Single inflow of 18K KZT; 0 further outgoing transfers observed. Priority drivers: high case-money inflow (3K KZT), 1 seeds within 2 hops.",0
100000000795129100,2,False,1,332000,1,0,0,0,0,False,0,1,0.000388844778097,0,0,9203.14365041,0.0277203122,terminal,0.553333333333,,Money stops here in the observed graph: receives 332K KZT from 1 payers; no outgoing transfers were traced.,0.613836026001,"Money stops here in the observed graph: receives 332K KZT from 1 payers; no outgoing transfers were traced. Priority drivers: high case-money inflow (9K KZT), 1 seeds within 2 hops.",15
100000000795374100,3,False,1,50000,1,0,0,0,0,False,0,0,0.000294130078479,0,0,332.575175114,0.00665150350229,peripheral,0.9,one_off_recipient,Single inflow of 50K KZT; 0 further outgoing transfers observed.,0.312807790999,"Single inflow of 50K KZT; 0 further outgoing transfers observed. Priority drivers: high case-money inflow (333 KZT), 0 seeds within 2 hops.",3
100000000802149100,3,False,1,104128,1,0,0,0,0,False,0,0,0.000293201341842,0,0,505.016691409,0.00484996054288,peripheral,0.9,one_off_recipient,Single inflow of 104K KZT; 0 further outgoing transfers observed.,0.32382953043,"Single inflow of 104K KZT; 0 further outgoing transfers observed. Priority drivers: high case-money inflow (505 KZT), 0 seeds within 2 hops.",0
100000000803368100,4,False,1,139503,1,0,0,0,0,True,0,0,0.000545130725512,0,0,154.243126694,0.00110566171834,peripheral,0.9,cut_off_hop4,Outgoing transfers not observed: graph cut off at hop 4.,0.25594528979,"Outgoing transfers not observed: graph cut off at hop 4. Priority drivers: high weighted network importance, high case-money inflow (154 KZT).",14
100000000806727100,2,False,1,45000,1,1,5000,1,0.111111111111,False,0,2,0.000343872787809,0,0,25898.735075,0.575527446112,peripheral,0.6,other,"Limited role evidence: 1 payers, 1 recipients, 45K KZT received in observed graph.",0.618825177016,"Limited role evidence: 1 payers, 1 recipients, 45K KZT received in observed graph. Priority drivers: high case-money inflow (26K KZT), 2 seeds within 2 hops.",3
100000000810551100,1,False,1,100000,1,1,7100,1,0.071,False,1,2,0.000303898881628,7.76955820606e-05,0,100000,1,peripheral,0.6,other,"Limited role evidence: 1 payers, 1 recipients, 100K KZT received in observed graph.",0.718020831894,"Limited role evidence: 1 payers, 1 recipients, 100K KZT received in observed graph. Priority drivers: high case-money inflow (100K KZT), 2 seeds within 2 hops.",2
100000000817146100,1,False,1,70020,1,0,0,0,0,False,1,2,0.000585649286806,0,0,70020,1,peripheral,0.9,one_off_recipient,Single inflow of 70K KZT; 0 further outgoing transfers observed.,0.691312980546,"Single inflow of 70K KZT; 0 further outgoing transfers observed. Priority drivers: high case-money inflow (70K KZT), 2 seeds within 2 hops.",4
100000000821507100,2,False,1,400000,1,0,0,0,0,False,0,1,0.000333553352151,0,0,660.007428595,0.00165001857149,terminal,0.666666666667,,Money stops here in the observed graph: receives 400K KZT from 1 payers; no outgoing transfers were traced.,0.534507142824,"Money stops here in the observed graph: receives 400K KZT from 1 payers; no outgoing transfers were traced. Priority drivers: 1 seeds within 2 hops, high case-money inflow (660 KZT).",29
100000000831684100,2,False,1,15000,2,1,50000,3,3.33333333333,False,0,1,0.00198968865863,0,0.9,12669.8253479,0.253396506957,peripheral,0.6,other,"Limited role evidence: 1 payers, 1 recipients, 15K KZT received in observed graph.",0.606594155829,"Limited role evidence: 1 payers, 1 recipients, 15K KZT received in observed graph. Priority drivers: high case-money inflow (13K KZT), 1 seeds within 2 hops.",10
100000000838385100,3,False,1,436900,8,2,177500,6,0.406271458,False,0,0,0.00192785756982,2.17961536526e-05,0.69014084507,34734.0584316,0.0795011637253,peripheral,0.6,other,"Limited role evidence: 1 payers, 2 recipients, 437K KZT received in observed graph.",0.621934758673,"Limited role evidence: 1 payers, 2 recipients, 437K KZT received in observed graph. Priority drivers: high case-money inflow (35K KZT), high weighted network importance.",27
100000000850297100,2,False,1,17520,1,1,17520,1,1,False,0,1,0.000292324483406,0,1,408.470376784,0.0233145192228,transit,1,,Pass-through hypothesis: forwards 100% of 18K KZT received; 100% forwarded within 2 days.,0.51292664612,"Pass-through hypothesis: forwards 100% of 18K KZT received; 100% forwarded within 2 days. Priority drivers: 1 seeds within 2 hops, high case-money inflow (408 KZT).",7
100000000860514100,3,False,1,12000,1,1,50000,1,4.16666666667,False,0,0,0.000304597272352,2.00128319901e-05,0,229.58877788,0.0045917755576,peripheral,0.6,other,"Limited role evidence: 1 payers, 1 recipients, 12K KZT received in observed graph.",0.393864219541,"Limited role evidence: 1 payers, 1 recipients, 12K KZT received in observed graph. Priority drivers: strong bridge position, high case-money inflow (230 KZT).",24
100000000861294100,2,False,1,150000,1,0,0,0,0,False,0,1,0.000312275575275,0,0,36000.9600256,0.240006400171,peripheral,0.9,one_off_recipient,Single inflow of 150K KZT; 0 further outgoing transfers observed.,0.569348277752,"Single inflow of 150K KZT; 0 further outgoing transfers observed. Priority drivers: high case-money inflow (36K KZT), 1 seeds within 2 hops.",6
100000000870121100,3,False,1,12000,1,0,0,0,0,False,0,0,0.000313923280946,0,0,95.8953895387,0.00799128246156,peripheral,0.9,one_off_recipient,Single inflow of 12K KZT; 0 further outgoing transfers observed.,0.297087128175,"Single inflow of 12K KZT; 0 further outgoing transfers observed. Priority drivers: high weighted network importance, high case-money inflow (96 KZT).",12
100000000878006100,3,False,1,47003,1,0,0,0,0,False,0,0,0.000285547995895,0,0,56.185476736,0.0011953593757,peripheral,0.9,one_off_recipient,Single inflow of 47K KZT; 0 further outgoing transfers observed.,0.210986267166,"Single inflow of 47K KZT; 0 further outgoing transfers observed. Priority drivers: high case-money inflow (56 KZT), 0 seeds within 2 hops.",5
100000000896111100,3,False,1,287100,1,0,0,0,0,False,0,0,0.000384631722905,0,0,8722.2547804,0.0303805460829,peripheral,0.9,one_off_recipient,Single inflow of 287K KZT; 0 further outgoing transfers observed.,0.453464534645,"Single inflow of 287K KZT; 0 further outgoing transfers observed. Priority drivers: high case-money inflow (9K KZT), high weighted network importance.",22
100000000907277100,1,False,1,17534,1,0,0,0,0,False,1,1,0.000287689758192,0,0,17534,1,peripheral,0.9,one_off_recipient,Single inflow of 18K KZT; 0 further outgoing transfers observed.,0.485700531163,"Single inflow of 18K KZT; 0 further outgoing transfers observed. Priority drivers: high case-money inflow (18K KZT), 1 seeds within 2 hops.",1
100000000910216100,2,False,1,71000,3,1,52010,1,0.732535211268,False,0,1,0.000321455548223,0.000480161845848,0,2766.65000087,0.0389669014207,peripheral,0.6,other,"Limited role evidence: 1 payers, 1 recipients, 71K KZT received in observed graph.",0.596021578193,"Limited role evidence: 1 payers, 1 recipients, 71K KZT received in observed graph. Priority drivers: high case-money inflow (3K KZT), 1 seeds within 2 hops.",2
100000000912487100,2,False,1,10000,1,0,0,0,0,False,0,1,0.000290101542466,0,0,1489.77435931,0.148977435931,peripheral,0.9,one_off_recipient,Single inflow of 10K KZT; 0 further outgoing transfers observed.,0.436189080992,"Single inflow of 10K KZT; 0 further outgoing transfers observed. Priority drivers: high case-money inflow (1K KZT), 1 seeds within 2 hops.",2
100000000913911100,2,False,2,467000,2,1,600000,1,1.28479657388,False,0,1,0.000456622841616,1.94183914359e-05,0,9722.65172323,0.0162044195387,peripheral,0.6,other,"Limited role evidence: 2 payers, 1 recipients, 467K KZT received in observed graph.",0.633094701734,"Limited role evidence: 2 payers, 1 recipients, 467K KZT received in observed graph. Priority drivers: high case-money inflow (10K KZT), 1 seeds within 2 hops.",2
100000000917179100,2,False,1,94465,2,0,0,0,0,False,0,1,0.000423415085781,0,0,3309.99664363,0.0350393970638,peripheral,0.9,one_off_recipient,Single inflow of 94K KZT; 0 further outgoing transfers observed.,0.531756890603,"Single inflow of 94K KZT; 0 further outgoing transfers observed. Priority drivers: high case-money inflow (3K KZT), 1 seeds within 2 hops.",14
100000000922570100,1,False,1,47101,1,1,50000,1,1.06154858708,False,1,1,0.000291802945434,1.98146851387e-07,0,47101,0.94202,transit,0.846128532303,,Pass-through hypothesis: forwards 106% of 47K KZT received; 0% forwarded within 2 days.,0.702991187215,"Pass-through hypothesis: forwards 106% of 47K KZT received; 0% forwarded within 2 days. Priority drivers: high case-money inflow (47K KZT), 1 seeds within 2 hops.",10
100000000926078100,4,False,1,250000,1,0,0,0,0,True,0,0,0.000513417181285,0,0,1484.83909072,0.00593935636288,peripheral,0.9,cut_off_hop4,Outgoing transfers not observed: graph cut off at hop 4.,0.299527804267,"Outgoing transfers not observed: graph cut off at hop 4. Priority drivers: high case-money inflow (1K KZT), high weighted network importance.",3
100000000926766100,3,False,1,18750,1,1,6000,1,0.32,False,0,0,0.000316162264575,0,1,358.732465438,0.0191323981567,peripheral,0.6,other,"Limited role evidence: 1 payers, 1 recipients, 19K KZT received in observed graph.",0.349051692764,"Limited role evidence: 1 payers, 1 recipients, 19K KZT received in observed graph. Priority drivers: high case-money inflow (359 KZT), high weighted network importance.",24
100000000933075100,3,False,1,40000,1,2,55000,2,1.375,False,0,0,0.000801914672234,2.13998599498e-05,0.727272727273,939.104663053,0.0170746302373,peripheral,0.6,other,"Limited role evidence: 1 payers, 2 recipients, 40K KZT received in observed graph.",0.514239580598,"Limited role evidence: 1 payers, 2 recipients, 40K KZT received in observed graph. Priority drivers: high case-money inflow (939 KZT), high weighted network importance.",10
100000000941942100,1,False,1,130000,1,0,0,0,0,False,1,2,0.000309857360263,0,0,130000,1,peripheral,0.9,one_off_recipient,Single inflow of 130K KZT; 0 further outgoing transfers observed.,0.642596201243,"Single inflow of 130K KZT; 0 further outgoing transfers observed. Priority drivers: high case-money inflow (130K KZT), 2 seeds within 2 hops.",2
100000000942301100,3,False,1,57580,2,0,0,0,0,False,0,0,0.000298935143409,0,0,698.46938643,0.0121304165757,peripheral,0.9,one_off_recipient,Single inflow of 58K KZT; 0 further outgoing transfers observed.,0.347807860101,"Single inflow of 58K KZT; 0 further outgoing transfers observed. Priority drivers: high case-money inflow (698 KZT), high weighted network importance.",0
100000000943371100,2,False,1,15500,1,0,0,0,0,False,0,1,0.000304269302252,0,0,4546.45868067,0.293319914882,peripheral,0.9,one_off_recipient,Single inflow of 16K KZT; 0 further outgoing transfers observed.,0.493612688936,"Single inflow of 16K KZT; 0 further outgoing transfers observed. Priority drivers: high case-money inflow (5K KZT), 1 seeds within 2 hops.",12
100000000945428100,1,False,1,89629,1,0,0,0,0,False,1,1,0.000300725141749,0,0,89629,1,peripheral,0.9,one_off_recipient,Single inflow of 90K KZT; 0 further outgoing transfers observed.,0.580819178978,"Single inflow of 90K KZT; 0 further outgoing transfers observed. Priority drivers: high case-money inflow (90K KZT), 1 seeds within 2 hops.",0
100000000954884100,3,False,1,34000,1,0,0,0,0,False,0,0,0.00030971337343,0,0,109.002031128,0.00320594209201,peripheral,0.9,one_off_recipient,Single inflow of 34K KZT; 0 further outgoing transfers observed.,0.296672517287,"Single inflow of 34K KZT; 0 further outgoing transfers observed. Priority drivers: high case-money inflow (109 KZT), high weighted network importance.",33
100000000955444100,2,False,1,6910,1,0,0,0,0,False,0,1,0.000350553862408,0,0,3288.12309496,0.475849941383,peripheral,0.9,one_off_recipient,Single inflow of 7K KZT; 0 further outgoing transfers observed.,0.516692695017,"Single inflow of 7K KZT; 0 further outgoing transfers observed. Priority drivers: high case-money inflow (3K KZT), 1 seeds within 2 hops.",41
100000000955529100,3,False,1,27000,1,1,63500,1,2.35185185185,False,0,0,0.000294027097362,3.36849647358e-06,0,208.33531623,0.00328087112174,peripheral,0.6,other,"Limited role evidence: 1 payers, 1 recipients, 27K KZT received in observed graph.",0.358760497717,"Limited role evidence: 1 payers, 1 recipients, 27K KZT received in observed graph. Priority drivers: strong bridge position, high case-money inflow (208 KZT).",2
100000000957746100,4,False,1,5300,1,0,0,0,0,True,0,0,0.000345340547045,0,0,9.93773475251,0.00187504429293,peripheral,0.9,cut_off_hop4,Outgoing transfers not observed: graph cut off at hop 4.,0.18213073142,"Outgoing transfers not observed: graph cut off at hop 4. Priority drivers: high weighted network importance, 0 seeds within 2 hops.",16
100000000961900100,1,False,2,36000,3,0,0,0,0,False,1,1,0.000292721811336,0,0,27007.0455856,0.750195710712,terminal,0.5,,Money stops here in the observed graph: receives 36K KZT from 2 payers; no outgoing transfers were traced.,0.588890270925,"Money stops here in the observed graph: receives 36K KZT from 2 payers; no outgoing transfers were traced. Priority drivers: high case-money inflow (27K KZT), 1 seeds within 2 hops.",0
100000000967918100,2,False,1,21200,3,0,0,0,0,False,0,1,0.000476434933768,0,0,2364.16750234,0.111517335016,peripheral,0.9,one_off_recipient,Single inflow of 21K KZT; 0 further outgoing transfers observed.,0.530029345237,"Single inflow of 21K KZT; 0 further outgoing transfers observed. Priority drivers: high case-money inflow (2K KZT), 1 seeds within 2 hops.",0
100000000968253100,1,False,1,15000,1,0,0,0,0,False,1,1,0.000287161905787,0,0,15000,1,peripheral,0.9,one_off_recipient,Single inflow of 15K KZT; 0 further outgoing transfers observed.,0.476406337097,"Single inflow of 15K KZT; 0 further outgoing transfers observed. Priority drivers: high case-money inflow (15K KZT), 1 seeds within 2 hops.",1
100000000971908100,2,False,1,89000,1,0,0,0,0,False,0,1,0.000300792004376,0,0,21360.5696152,0.240006400171,peripheral,0.9,one_off_recipient,Single inflow of 89K KZT; 0 further outgoing transfers observed.,0.535833897665,"Single inflow of 89K KZT; 0 further outgoing transfers observed. Priority drivers: high case-money inflow (21K KZT), 1 seeds within 2 hops.",6
100000000976943100,3,False,1,70000,1,1,84000,3,1.2,False,0,0,0.00037128800217,2.17961536526e-05,0.130952380952,352.948823818,0.00420177171212,transit,0.5,,Pass-through hypothesis: forwards 120% of 70K KZT received; 13% forwarded within 2 days.,0.549585158773,"Pass-through hypothesis: forwards 120% of 70K KZT received; 13% forwarded within 2 days. Priority drivers: strong bridge position, high case-money inflow (353 KZT).",11
100000000978041100,1,False,1,44445,1,0,0,0,0,False,1,1,0.000293295534075,0,0,44445,1,peripheral,0.9,one_off_recipient,Single inflow of 44K KZT; 0 further outgoing transfers observed.,0.544817133565,"Single inflow of 44K KZT; 0 further outgoing transfers observed. Priority drivers: high case-money inflow (44K KZT), 1 seeds within 2 hops.",1
100000000979567100,2,False,1,10000,1,0,0,0,0,False,0,1,0.000527593720924,0,0,10000,1,peripheral,0.9,one_off_recipient,Single inflow of 10K KZT; 0 further outgoing transfers observed.,0.570523008601,"Single inflow of 10K KZT; 0 further outgoing transfers observed. Priority drivers: high case-money inflow (10K KZT), 1 seeds within 2 hops.",1
100000000979923100,1,False,1,97900,1,0,0,0,0,False,1,2,0.000298802860825,0,0,97900,1,peripheral,0.9,one_off_recipient,Single inflow of 98K KZT; 0 further outgoing transfers observed.,0.622763980449,"Single inflow of 98K KZT; 0 further outgoing transfers observed. Priority drivers: high case-money inflow (98K KZT), 2 seeds within 2 hops.",11
100000000981693100,4,False,1,16500,1,0,0,0,0,True,0,0,0.000525960045105,0,0,8.7437518557,0.000529924354891,peripheral,0.9,cut_off_hop4,Outgoing transfers not observed: graph cut off at hop 4.,0.199496017432,"Outgoing transfers not observed: graph cut off at hop 4. Priority drivers: high weighted network importance, 0 seeds within 2 hops.",0
100000000993112100,2,False,1,141000,1,0,0,0,0,False,0,1,0.000438496097196,0,0,20995.4070312,0.148903595966,peripheral,0.9,one_off_recipient,Single inflow of 141K KZT; 0 further outgoing transfers observed.,0.586070916889,"Single inflow of 141K KZT; 0 further outgoing transfers observed. Priority drivers: high case-money inflow (21K KZT), 1 seeds within 2 hops.",31
100000000998559100,1,False,1,100000,1,0,0,0,0,False,1,2,0.000303898881628,0,0,100000,1,peripheral,0.9,one_off_recipient,Single inflow of 100K KZT; 0 further outgoing transfers observed.,0.631505359997,"Single inflow of 100K KZT; 0 further outgoing transfers observed. Priority drivers: high case-money inflow (100K KZT), 2 seeds within 2 hops.",2
100000001009583100,3,False,1,393740,1,0,0,0,0,False,0,0,0.000296692368689,0,0,470.660800588,0.0011953593757,terminal,0.656233333333,,Money stops here in the observed graph: receives 394K KZT from 1 payers; no outgoing transfers were traced.,0.39215740472,"Money stops here in the observed graph: receives 394K KZT from 1 payers; no outgoing transfers were traced. Priority drivers: high case-money inflow (471 KZT), terminal role signals.",5
100000001046057100,3,False,1,83420,1,0,0,0,0,False,0,0,0.000316759942518,0,0,284.652067128,0.00341227603846,peripheral,0.9,one_off_recipient,Single inflow of 83K KZT; 0 further outgoing transfers observed.,0.340068456864,"Single inflow of 83K KZT; 0 further outgoing transfers observed. Priority drivers: high case-money inflow (285 KZT), high weighted network importance.",9
100000001046626100,3,False,1,150000,1,0,0,0,0,False,0,0,0.000288858392433,0,0,179.303906355,0.0011953593757,peripheral,0.9,one_off_recipient,Single inflow of 150K KZT; 0 further outgoing transfers observed.,0.269031791442,"Single inflow of 150K KZT; 0 further outgoing transfers observed. Priority drivers: high case-money inflow (179 KZT), 0 seeds within 2 hops.",5
100000001049200100,1,False,2,76624,2,4,36000,5,0.469826686156,False,1,1,0.000296669332161,0.00115965336572,0,6537.79742127,0.0853231026999,peripheral,0.6,other,"Limited role evidence: 2 payers, 4 recipients, 77K KZT received in observed graph.",0.584343371524,"Limited role evidence: 2 payers, 4 recipients, 77K KZT received in observed graph. Priority drivers: high case-money inflow (7K KZT), 1 seeds within 2 hops.",18
100000001052789100,3,False,1,70975,1,0,0,0,0,False,0,0,0.000296088949424,0,0,526.505055587,0.00741817619707,peripheral,0.9,one_off_recipient,Single inflow of 71K KZT; 0 further outgoing transfers observed.,0.332467257257,"Single inflow of 71K KZT; 0 further outgoing transfers observed. Priority drivers: high case-money inflow (527 KZT), 0 seeds within 2 hops.",18
100000001052945100,3,False,1,56520,1,3,1595700,6,28.2324840764,False,0,0,0.000299958084185,5.76607337536e-05,0,62.4920042615,3.91627525609e-05,peripheral,0.6,other,"Limited role evidence: 1 payers, 3 recipients, 57K KZT received in observed graph.",0.352748639846,"Limited role evidence: 1 payers, 3 recipients, 57K KZT received in observed graph. Priority drivers: strong bridge position, high case-money inflow (62 KZT).",56
100000001053894100,4,False,1,2000000,7,0,0,0,0,True,0,0,0.000445936007016,0,0,217.549967235,0.000108774983617,peripheral,0.9,cut_off_hop4,Outgoing transfers not observed: graph cut off at hop 4.,0.254155552791,"Outgoing transfers not observed: graph cut off at hop 4. Priority drivers: high weighted network importance, high case-money inflow (218 KZT).",37
100000001056414100,3,False,1,250000,1,0,0,0,0,False,0,0,0.000295859996784,0,0,80.186082994,0.000320744331976,peripheral,0.9,one_off_recipient,Single inflow of 250K KZT; 0 further outgoing transfers observed.,0.266336820672,"Single inflow of 250K KZT; 0 further outgoing transfers observed. Priority drivers: high case-money inflow (80 KZT), 0 seeds within 2 hops.",13
100000001063678100,3,False,1,35000,1,2,90000,2,2.57142857143,False,0,0,0.000326469526264,3.96293702774e-05,0.222222222222,1696.56500969,0.0188507223299,peripheral,0.6,other,"Limited role evidence: 1 payers, 2 recipients, 35K KZT received in observed graph.",0.479135858774,"Limited role evidence: 1 payers, 2 recipients, 35K KZT received in observed graph. Priority drivers: high case-money inflow (2K KZT), strong bridge position.",21
100000001065234100,4,False,1,360000,1,0,0,0,0,True,0,0,0.000545242978213,0,0,408.325280517,0.00113423689033,peripheral,0.9,cut_off_hop4,Outgoing transfers not observed: graph cut off at hop 4.,0.280904865228,"Outgoing transfers not observed: graph cut off at hop 4. Priority drivers: high case-money inflow (408 KZT), high weighted network importance.",15
100000001065481100,4,False,1,16000,2,0,0,0,0,True,0,0,0.000429736253047,0,0,63.9302576844,0.00399564110528,peripheral,0.9,cut_off_hop4,Outgoing transfers not observed: graph cut off at hop 4.,0.224503964141,"Outgoing transfers not observed: graph cut off at hop 4. Priority drivers: high weighted network importance, high case-money inflow (64 KZT).",12
100000001066017100,3,False,2,136123,3,4,82500,4,0.606069510663,False,0,0,0.000299584607211,7.68809783382e-05,0.187878787879,556.683217993,0.00408956030938,peripheral,0.6,other,"Limited role evidence: 2 payers, 4 recipients, 136K KZT received in observed graph.",0.429106144994,"Limited role evidence: 2 payers, 4 recipients, 136K KZT received in observed graph. Priority drivers: high case-money inflow (557 KZT), strong bridge position.",0
100000001072022100,1,False,3,1684000,6,0,0,0,0,False,1,3,0.000498874170502,0,0,747675.710556,0.443987951636,terminal,1,,Money stops here in the observed graph: receives 1.7M KZT from 3 payers; no outgoing transfers were traced.,0.774106168028,"Money stops here in the observed graph: receives 1.7M KZT from 3 payers; no outgoing transfers were traced. Priority drivers: high case-money inflow (748K KZT), 3 seeds within 2 hops.",2
100000001073568100,3,False,1,707465,4,2,219503,3,0.310266939001,False,0,0,0.000483319086615,1.92202445845e-05,1,782.217016894,0.00110566178807,peripheral,0.6,other,"Limited role evidence: 1 payers, 2 recipients, 707K KZT received in observed graph.",0.478202984277,"Limited role evidence: 1 payers, 2 recipients, 707K KZT received in observed graph. Priority drivers: high case-money inflow (782 KZT), strong bridge position.",14
100000001074553100,1,False,2,28971,2,0,0,0,0,False,2,2,0.000287941111572,0,0,28971,1,terminal,0.5,,Money stops here in the observed graph: receives 29K KZT from 2 payers; no outgoing transfers were traced.,0.611624767933,"Money stops here in the observed graph: receives 29K KZT from 2 payers; no outgoing transfers were traced. Priority drivers: high case-money inflow (29K KZT), 2 seeds within 2 hops.",8
100000001083990100,2,False,1,49900,2,0,0,0,0,False,0,1,0.000499146496544,0,0,45687.4210259,0.915579579677,peripheral,0.9,one_off_recipient,Single inflow of 50K KZT; 0 further outgoing transfers observed.,0.61979260242,"Single inflow of 50K KZT; 0 further outgoing transfers observed. Priority drivers: high case-money inflow (46K KZT), 1 seeds within 2 hops.",10
100000001089055100,4,False,1,13000,1,0,0,0,0,True,0,0,0.000327470588193,0,0,97.1662397799,0.00747432613692,peripheral,0.9,cut_off_hop4,Outgoing transfers not observed: graph cut off at hop 4.,0.214249254852,"Outgoing transfers not observed: graph cut off at hop 4. Priority drivers: high weighted network importance, high case-money inflow (97 KZT).",16
100000001102676100,2,False,1,50000,1,1,50000,1,1,False,0,1,0.000311314528051,2.39757690178e-05,1,6789.35440287,0.135787088057,transit,1,,Pass-through hypothesis: forwards 100% of 50K KZT received; 100% forwarded within 2 days.,0.692764118652,"Pass-through hypothesis: forwards 100% of 50K KZT received; 100% forwarded within 2 days. Priority drivers: high case-money inflow (7K KZT), 1 seeds within 2 hops.",2
100000001103905100,1,False,1,18000,1,0,0,0,0,False,1,1,0.000287786829708,0,0,18000,1,peripheral,0.9,one_off_recipient,Single inflow of 18K KZT; 0 further outgoing transfers observed.,0.487462627435,"Single inflow of 18K KZT; 0 further outgoing transfers observed. Priority drivers: high case-money inflow (18K KZT), 1 seeds within 2 hops.",1
100000001110358100,3,False,2,32000,2,0,0,0,0,False,0,0,0.000291394405007,0,0,301.129023538,0.00941028198557,terminal,0.5,,Money stops here in the observed graph: receives 32K KZT from 2 payers; no outgoing transfers were traced.,0.362374522622,"Money stops here in the observed graph: receives 32K KZT from 2 payers; no outgoing transfers were traced. Priority drivers: high case-money inflow (301 KZT), terminal role signals.",0
100000001111763100,1,False,1,17144,1,0,0,0,0,False,1,1,0.000287608518082,0,0,17144,1,peripheral,0.9,one_off_recipient,Single inflow of 17K KZT; 0 further outgoing transfers observed.,0.483972985797,"Single inflow of 17K KZT; 0 further outgoing transfers observed. Priority drivers: high case-money inflow (17K KZT), 1 seeds within 2 hops.",1
100000001114385100,2,False,1,29500,1,0,0,0,0,False,0,1,0.000288656577372,0,0,417.046661437,0.014137174964,peripheral,0.9,one_off_recipient,Single inflow of 30K KZT; 0 further outgoing transfers observed.,0.394589788595,"Single inflow of 30K KZT; 0 further outgoing transfers observed. Priority drivers: 1 seeds within 2 hops, high case-money inflow (417 KZT).",2
100000001126374100,1,False,4,182500,7,2,29200,4,0.16,False,1,1,0.000311765333286,3.92330765746e-05,0.753424657534,20351.9136404,0.111517335016,terminal,1,,Possible holding point: receives 182K KZT from 4 payers; observed onward flow is 16%.,0.690988202017,"Possible holding point: receives 182K KZT from 4 payers; observed onward flow is 16%. Priority drivers: high case-money inflow (20K KZT), 1 seeds within 2 hops.",0
100000001130176100,3,False,1,25000,2,0,0,0,0,False,0,0,0.000554679316009,0,0,1948.72717131,0.0779490868524,peripheral,0.9,one_off_recipient,Single inflow of 25K KZT; 0 further outgoing transfers observed.,0.445310520521,"Single inflow of 25K KZT; 0 further outgoing transfers observed. Priority drivers: high case-money inflow (2K KZT), high weighted network importance.",0
100000001130553100,4,False,1,18000,2,0,0,0,0,True,0,0,0.000540081965337,0,0,39.073573767,0.00217075409817,peripheral,0.9,cut_off_hop4,Outgoing transfers not observed: graph cut off at hop 4.,0.227019270193,"Outgoing transfers not observed: graph cut off at hop 4. Priority drivers: high weighted network importance, 0 seeds within 2 hops.",5
100000001131403100,4,False,1,1570000,3,0,0,0,0,True,0,0,0.000534895256738,0,0,61.4855176432,3.91627500912e-05,peripheral,0.9,cut_off_hop4,Outgoing transfers not observed: graph cut off at hop 4.,0.234081475646,"Outgoing transfers not observed: graph cut off at hop 4. Priority drivers: high weighted network importance, high case-money inflow (61 KZT).",56
100000001138283100,3,False,1,81805,1,2,50000,2,0.611209583766,False,0,0,0.000300550103661,1.90220977332e-05,0.8,544.126244005,0.00665150350229,peripheral,0.6,other,"Limited role evidence: 1 payers, 2 recipients, 82K KZT received in observed graph.",0.409723085995,"Limited role evidence: 1 payers, 2 recipients, 82K KZT received in observed graph. Priority drivers: high case-money inflow (544 KZT), strong bridge position.",3
100000001138376100,2,False,1,15300,1,0,0,0,0,False,0,1,0.000288867269994,0,0,424.12077666,0.0277203122,peripheral,0.9,one_off_recipient,Single inflow of 15K KZT; 0 further outgoing transfers observed.,0.397008352106,"Single inflow of 15K KZT; 0 further outgoing transfers observed. Priority drivers: 1 seeds within 2 hops, high case-money inflow (424 KZT).",15
100000001140785100,3,False,2,215000,2,0,0,0,0,False,0,0,0.000313618870285,0,0,60.8635525347,0.000283086290859,terminal,0.5,,Money stops here in the observed graph: receives 215K KZT from 2 payers; no outgoing transfers were traced.,0.347863141553,"Money stops here in the observed graph: receives 215K KZT from 2 payers; no outgoing transfers were traced. Priority drivers: terminal role signals, high weighted network importance.",9
100000001141268100,3,False,2,480000,2,1,10000,1,0.0208333333333,False,0,0,0.000362798676815,2.23905942067e-05,1,2570.00386508,0.00535417471892,terminal,0.8,,Possible holding point: receives 480K KZT from 2 payers; observed onward flow is 2%.,0.558969185197,"Possible holding point: receives 480K KZT from 2 payers; observed onward flow is 2%. Priority drivers: high case-money inflow (3K KZT), strong bridge position.",17
100000001145749100,3,False,1,10000,1,0,0,0,0,False,0,0,0.000475584918916,0,0,5737.70491803,0.573770491803,peripheral,0.9,one_off_recipient,Single inflow of 10K KZT; 0 further outgoing transfers observed.,0.452566211055,"Single inflow of 10K KZT; 0 further outgoing transfers observed. Priority drivers: high case-money inflow (6K KZT), high weighted network importance.",2
100000001149815100,3,False,1,12000,1,0,0,0,0,False,0,0,0.000285896495668,0,0,7.97409218281,0.0006645076819,peripheral,0.9,one_off_recipient,Single inflow of 12K KZT; 0 further outgoing transfers observed.,0.168557752993,"Single inflow of 12K KZT; 0 further outgoing transfers observed. Priority drivers: 0 seeds within 2 hops, strong bridge position.",1
100000001155773100,3,False,1,21500,1,0,0,0,0,False,0,0,0.000287368369847,0,0,14.2869151609,0.0006645076819,peripheral,0.9,one_off_recipient,Single inflow of 22K KZT; 0 further outgoing transfers observed.,0.191154046372,"Single inflow of 22K KZT; 0 further outgoing transfers observed. Priority drivers: 0 seeds within 2 hops, strong bridge position.",1
100000001160401100,3,False,1,47190,2,0,0,0,0,False,0,0,0.00030321449338,0,0,36.9423540896,0.000782842849959,peripheral,0.9,one_off_recipient,Single inflow of 47K KZT; 0 further outgoing transfers observed.,0.260463166429,"Single inflow of 47K KZT; 0 further outgoing transfers observed. Priority drivers: high weighted network importance, 0 seeds within 2 hops.",0
100000001162560100,1,False,1,331300,2,12,2904398,14,8.76667069122,False,1,1,0.000319384606495,2.97220277081e-06,0.149731545057,331300,0.114068388699,distributor,0.6,,Fan-out hypothesis: sends 2.9M KZT to 12 recipients after receiving from 1 payers.,0.809725850067,"Fan-out hypothesis: sends 2.9M KZT to 12 recipients after receiving from 1 payers. Priority drivers: high case-money inflow (331K KZT), 1 seeds within 2 hops.",8
100000001164648100,1,False,2,13660,2,0,0,0,0,False,1,1,0.00028858044246,0,0,6400.35127468,0.468546945437,terminal,0.5,,Money stops here in the observed graph: receives 14K KZT from 2 payers; no outgoing transfers were traced.,0.522690732525,"Money stops here in the observed graph: receives 14K KZT from 2 payers; no outgoing transfers were traced. Priority drivers: high case-money inflow (6K KZT), 1 seeds within 2 hops.",7
100000001166289100,2,False,2,721039,10,1,25000,1,0.0346721883282,False,0,1,0.00211623751532,0,1,4751.97369588,0.00659045307657,terminal,1,,Possible holding point: receives 721K KZT from 2 payers; observed onward flow is 3%.,0.64168405729,"Possible holding point: receives 721K KZT from 2 payers; observed onward flow is 3%. Priority drivers: high case-money inflow (5K KZT), 1 seeds within 2 hops.",1
100000001169666100,3,False,1,220000,2,1,24000,1,0.109090909091,False,0,0,0.000317781039734,2.1994300504e-05,0,177.28811437,0.000805855065319,peripheral,0.6,other,"Limited role evidence: 1 payers, 1 recipients, 220K KZT received in observed graph.",0.400325239207,"Limited role evidence: 1 payers, 1 recipients, 220K KZT received in observed graph. Priority drivers: strong bridge position, high case-money inflow (177 KZT).",7
100000001184915100,2,False,1,201000,2,0,0,0,0,False,0,1,0.00034749001472,0,0,5571.78275221,0.0277203122,peripheral,0.9,one_off_recipient,Single inflow of 201K KZT; 0 further outgoing transfers observed.,0.526436050877,"Single inflow of 201K KZT; 0 further outgoing transfers observed. Priority drivers: high case-money inflow (6K KZT), 1 seeds within 2 hops.",15
100000001194266100,1,False,1,50000,1,0,0,0,0,False,1,2,0.000293968083904,0,0,50000,1,peripheral,0.9,one_off_recipient,Single inflow of 50K KZT; 0 further outgoing transfers observed.,0.594363134643,"Single inflow of 50K KZT; 0 further outgoing transfers observed. Priority drivers: high case-money inflow (50K KZT), 2 seeds within 2 hops.",2
100000001202637100,4,False,1,10000,1,0,0,0,0,True,0,0,0.000545481326174,0,0,8.05855065317,0.000805855065317,peripheral,0.9,cut_off_hop4,Outgoing transfers not observed: graph cut off at hop 4.,0.203752689212,"Outgoing transfers not observed: graph cut off at hop 4. Priority drivers: high weighted network importance, 0 seeds within 2 hops.",7
100000001202787100,4,False,2,14850,2,0,0,0,0,True,0,0,0.0003491792964,0,0,31.1332396529,0.00209651445474,peripheral,0.9,cut_off_hop4,Outgoing transfers not observed: graph cut off at hop 4.,0.200076472675,"Outgoing transfers not observed: graph cut off at hop 4. Priority drivers: high weighted network importance, 0 seeds within 2 hops.",0
100000001220124100,4,False,1,40000,1,0,0,0,0,True,0,0,0.000536335328973,0,0,292.750231923,0.00731875579807,peripheral,0.9,cut_off_hop4,Outgoing transfers not observed: graph cut off at hop 4.,0.271327353723,"Outgoing transfers not observed: graph cut off at hop 4. Priority drivers: high weighted network importance, high case-money inflow (293 KZT).",3
100000001222245100,4,False,1,420000,5,0,0,0,0,True,0,0,0.00054583765535,0,0,502.050936886,0.00119535937354,peripheral,0.9,cut_off_hop4,Outgoing transfers not observed: graph cut off at hop 4.,0.286032219873,"Outgoing transfers not observed: graph cut off at hop 4. Priority drivers: high case-money inflow (502 KZT), high weighted network importance.",5
100000001222263100,3,False,1,745570,1,1,420000,5,0.5633273871,False,0,0,0.000308000434111,1.92202445845e-05,0.714285714286,891.22408974,0.0011953593757,peripheral,0.6,other,"Limited role evidence: 1 payers, 1 recipients, 746K KZT received in observed graph.",0.435152553773,"Limited role evidence: 1 payers, 1 recipients, 746K KZT received in observed graph. Priority drivers: high case-money inflow (891 KZT), strong bridge position.",5
100000001223977100,3,False,1,5000,1,1,18000,1,3.6,False,0,0,0.000303863895299,2.41739158692e-05,0,217.391304348,0.012077294686,peripheral,0.6,other,"Limited role evidence: 1 payers, 1 recipients, 5K KZT received in observed graph.",0.392965895951,"Limited role evidence: 1 payers, 1 recipients, 5K KZT received in observed graph. Priority drivers: strong bridge position, high case-money inflow (217 KZT).",48
100000001227106100,3,False,1,164765,1,0,0,0,0,False,0,0,0.000289332949992,0,0,196.953387537,0.0011953593757,peripheral,0.9,one_off_recipient,Single inflow of 165K KZT; 0 further outgoing transfers observed.,0.274629038425,"Single inflow of 165K KZT; 0 further outgoing transfers observed. Priority drivers: high case-money inflow (197 KZT), 0 seeds within 2 hops.",5
100000001229743100,3,False,1,7000,1,1,9000,1,1.28571428571,False,0,0,0.000286881966205,1.92202445845e-05,0,5.47989994971,0.00060887777219,peripheral,0.6,other,"Limited role evidence: 1 payers, 1 recipients, 7K KZT received in observed graph.",0.240423640191,"Limited role evidence: 1 payers, 1 recipients, 7K KZT received in observed graph. Priority drivers: strong bridge position, 0 seeds within 2 hops.",0
100000001232297100,2,False,1,5000,1,2,45000,2,9,False,0,1,0.000290563742977,0,0,1466.59957441,0.0325911016535,peripheral,0.6,other,"Limited role evidence: 1 payers, 2 recipients, 5K KZT received in observed graph.",0.437640219099,"Limited role evidence: 1 payers, 2 recipients, 5K KZT received in observed graph. Priority drivers: high case-money inflow (1K KZT), 1 seeds within 2 hops.",12
100000001236706100,3,False,3,142700,3,2,36000,2,0.252277505256,False,0,0,0.00076127552983,3.92330765746e-05,0,23827.671379,0.166977374765,peripheral,0.6,other,"Limited role evidence: 3 payers, 2 recipients, 143K KZT received in observed graph.",0.60517756863,"Limited role evidence: 3 payers, 2 recipients, 143K KZT received in observed graph. Priority drivers: high case-money inflow (24K KZT), high weighted network importance.",12
100000001241318100,2,False,1,53000,1,0,0,0,0,False,0,1,0.000527699652985,0,0,14095,0.265943396226,peripheral,0.9,one_off_recipient,Single inflow of 53K KZT; 0 further outgoing transfers observed.,0.581302891681,"Single inflow of 53K KZT; 0 further outgoing transfers observed. Priority drivers: high case-money inflow (14K KZT), 1 seeds within 2 hops.",0
100000001246806100,4,False,1,130000,1,0,0,0,0,True,0,0,0.000529823474398,0,0,126.214108745,0.000970877759575,peripheral,0.9,cut_off_hop4,Outgoing transfers not observed: graph cut off at hop 4.,0.247867287662,"Outgoing transfers not observed: graph cut off at hop 4. Priority drivers: high weighted network importance, high case-money inflow (126 KZT).",8
100000001248999100,3,False,1,23425,1,0,0,0,0,False,0,0,0.000287697456478,0,0,57.5980206446,0.00245882692186,peripheral,0.9,one_off_recipient,Single inflow of 23K KZT; 0 further outgoing transfers observed.,0.225981360937,"Single inflow of 23K KZT; 0 further outgoing transfers observed. Priority drivers: high case-money inflow (58 KZT), 0 seeds within 2 hops.",16
100000001249054100,4,False,1,17375,1,0,0,0,0,True,0,0,0.000290491856368,0,0,41.0149702411,0.00236057382682,peripheral,0.9,cut_off_hop4,Outgoing transfers not observed: graph cut off at hop 4.,0.162298510626,"Outgoing transfers not observed: graph cut off at hop 4. Priority drivers: 0 seeds within 2 hops, high case-money inflow (41 KZT).",7
100000001250022100,2,False,1,50000,1,0,0,0,0,False,0,1,0.000293450049211,0,0,12000.3200085,0.240006400171,peripheral,0.9,one_off_recipient,Single inflow of 50K KZT; 0 further outgoing transfers observed.,0.499002630476,"Single inflow of 50K KZT; 0 further outgoing transfers observed. Priority drivers: high case-money inflow (12K KZT), 1 seeds within 2 hops.",6
100000001251686100,2,False,1,18000,1,0,0,0,0,False,0,1,0.000294952947495,0,0,2681.59384677,0.148977435931,peripheral,0.9,one_off_recipient,Single inflow of 18K KZT; 0 further outgoing transfers observed.,0.465695555832,"Single inflow of 18K KZT; 0 further outgoing transfers observed. Priority drivers: high case-money inflow (3K KZT), 1 seeds within 2 hops.",2
100000001252290100,3,False,1,141005,1,1,5000,1,0.0354597354704,False,0,0,0.000288569286762,1.92202445845e-05,0,168.55164877,0.0011953593757,peripheral,0.6,other,"Limited role evidence: 1 payers, 1 recipients, 141K KZT received in observed graph.",0.333987497178,"Limited role evidence: 1 payers, 1 recipients, 141K KZT received in observed graph. Priority drivers: strong bridge position, high case-money inflow (169 KZT).",5
100000001253557100,1,False,5,210200,5,0,0,0,0,False,1,2,0.000349201446076,0,0,33464.7705963,0.159204427195,consolidator,0.5,,"Signs of consolidation: receives from 5 payers (2 seeds within 2 hops), 210K KZT in, forwards 0%.",0.793846253069,"Signs of consolidation: receives from 5 payers (2 seeds within 2 hops), 210K KZT in, forwards 0%. Priority drivers: high case-money inflow (33K KZT), 2 seeds within 2 hops.",9
100000001256409100,4,False,1,8000,1,0,0,0,0,True,0,0,0.000543889040619,0,0,17.2535926613,0.00215669908266,peripheral,0.9,cut_off_hop4,Outgoing transfers not observed: graph cut off at hop 4.,0.214055769771,"Outgoing transfers not observed: graph cut off at hop 4. Priority drivers: high weighted network importance, 0 seeds within 2 hops.",3
100000001262647100,2,False,1,23650,1,0,0,0,0,False,0,1,0.000301742695627,0,0,4450.27619547,0.188172354988,peripheral,0.9,one_off_recipient,Single inflow of 24K KZT; 0 further outgoing transfers observed.,0.490088496391,"Single inflow of 24K KZT; 0 further outgoing transfers observed. Priority drivers: high case-money inflow (4K KZT), 1 seeds within 2 hops.",15
100000001270349100,3,False,1,200000,1,0,0,0,0,False,0,0,0.000353302527952,0,0,3511.12422906,0.0175556211453,peripheral,0.9,one_off_recipient,Single inflow of 200K KZT; 0 further outgoing transfers observed.,0.423888957991,"Single inflow of 200K KZT; 0 further outgoing transfers observed. Priority drivers: high case-money inflow (4K KZT), high weighted network importance.",26
100000001270470100,4,False,1,28300,2,0,0,0,0,True,0,0,0.000427262614394,0,0,97.3723356218,0.00344071857321,peripheral,0.9,cut_off_hop4,Outgoing transfers not observed: graph cut off at hop 4.,0.231421055784,"Outgoing transfers not observed: graph cut off at hop 4. Priority drivers: high weighted network importance, high case-money inflow (97 KZT).",0
100000001273783100,2,False,1,23200,1,0,0,0,0,False,0,1,0.000295011200314,0,0,540.896845969,0.0233145192228,peripheral,0.9,one_off_recipient,Single inflow of 23K KZT; 0 further outgoing transfers observed.,0.426169317873,"Single inflow of 23K KZT; 0 further outgoing transfers observed. Priority drivers: 1 seeds within 2 hops, high case-money inflow (541 KZT).",7
100000001275557100,4,False,1,20000,1,0,0,0,0,True,0,0,0.000345703752309,0,0,377.009465167,0.0188504732583,peripheral,0.9,cut_off_hop4,Outgoing transfers not observed: graph cut off at hop 4.,0.255558319628,"Outgoing transfers not observed: graph cut off at hop 4. Priority drivers: high case-money inflow (377 KZT), high weighted network importance.",21
100000001275752100,3,False,1,151500,1,0,0,0,0,False,0,0,0.000291789927372,0,0,191.002362485,0.00126074166657,peripheral,0.9,one_off_recipient,Single inflow of 152K KZT; 0 further outgoing transfers observed.,0.283750477954,"Single inflow of 152K KZT; 0 further outgoing transfers observed. Priority drivers: high case-money inflow (191 KZT), 0 seeds within 2 hops.",8
100000001276409100,4,False,1,94760,1,0,0,0,0,True,0,0,0.000319239304657,0,0,223.68797583,0.00236057382682,peripheral,0.9,cut_off_hop4,Outgoing transfers not observed: graph cut off at hop 4.,0.233452649133,"Outgoing transfers not observed: graph cut off at hop 4. Priority drivers: high case-money inflow (224 KZT), high weighted network importance.",7
100000001279272100,3,False,1,250000,1,2,136758,2,0.547032,False,0,0,0.000306039186875,0.000299195454137,0.950584243701,1212.49013572,0.00484996054288,peripheral,0.6,other,"Limited role evidence: 1 payers, 2 recipients, 250K KZT received in observed graph.",0.465142741315,"Limited role evidence: 1 payers, 2 recipients, 250K KZT received in observed graph. Priority drivers: high case-money inflow (1K KZT), strong bridge position.",0
100000001279875100,2,False,1,49235,1,0,0,0,0,False,0,1,0.000301625107111,0,0,717.074688522,0.0145643279887,peripheral,0.9,one_off_recipient,Single inflow of 49K KZT; 0 further outgoing transfers observed.,0.449111120325,"Single inflow of 49K KZT; 0 further outgoing transfers observed. Priority drivers: 1 seeds within 2 hops, high case-money inflow (717 KZT).",13
100000001280798100,3,False,1,23785,1,0,0,0,0,False,0,0,0.000292837569845,0,0,183.527981353,0.00771612282334,peripheral,0.9,one_off_recipient,Single inflow of 24K KZT; 0 further outgoing transfers observed.,0.28637634691,"Single inflow of 24K KZT; 0 further outgoing transfers observed. Priority drivers: high case-money inflow (184 KZT), 0 seeds within 2 hops.",7
100000001282143100,3,False,5,1700000,6,0,0,0,0,False,0,0,0.000399449176538,0,0,857.82666277,0.000504603919276,consolidator,0.5,,"Signs of consolidation: receives from 5 payers (0 seeds within 2 hops), 1.7M KZT in, forwards 0%.",0.567606912024,"Signs of consolidation: receives from 5 payers (0 seeds within 2 hops), 1.7M KZT in, forwards 0%. Priority drivers: consolidator role signals, high case-money inflow (858 KZT).",13
100000001285440100,3,False,2,243000,2,0,0,0,0,False,0,0,0.000318599829911,0,0,1048.78082257,0.00431597046327,terminal,0.5,,Money stops here in the observed graph: receives 243K KZT from 2 payers; no outgoing transfers were traced.,0.444536580197,"Money stops here in the observed graph: receives 243K KZT from 2 payers; no outgoing transfers were traced. Priority drivers: high case-money inflow (1K KZT), high weighted network importance.",17
100000001286703100,4,False,1,20500,1,0,0,0,0,True,0,0,0.000285696748068,0,0,2.22988716416,0.000108774983617,peripheral,0.9,cut_off_hop4,Outgoing transfers not observed: graph cut off at hop 4.,0.111653790695,"Outgoing transfers not observed: graph cut off at hop 4. Priority drivers: 0 seeds within 2 hops, strong bridge position.",37
100000001287955100,2,False,1,17520,1,4,310000,5,17.6940639269,False,0,1,0.000292324483406,0.000680304189762,0.740967741935,408.470376784,0.00131764637672,peripheral,0.6,other,"Limited role evidence: 1 payers, 4 recipients, 18K KZT received in observed graph.",0.504358021108,"Limited role evidence: 1 payers, 4 recipients, 18K KZT received in observed graph. Priority drivers: 1 seeds within 2 hops, strong bridge position.",13
100000001290243100,2,False,1,10000,1,0,0,0,0,False,0,1,0.000318187224982,0,0,9010.03775212,0.901003775212,peripheral,0.9,one_off_recipient,Single inflow of 10K KZT; 0 further outgoing transfers observed.,0.527127069023,"Single inflow of 10K KZT; 0 further outgoing transfers observed. Priority drivers: high case-money inflow (9K KZT), 1 seeds within 2 hops.",4
100000001297206100,4,False,1,6758,1,0,0,0,0,True,0,0,0.000296891970383,0,0,32.7760333484,0.00484996054282,peripheral,0.9,cut_off_hop4,Outgoing transfers not observed: graph cut off at hop 4.,0.170956967997,"Outgoing transfers not observed: graph cut off at hop 4. Priority drivers: 0 seeds within 2 hops, strong bridge position.",0
100000001298099100,3,False,1,19000,1,0,0,0,0,False,0,0,0.000291067153308,0,0,146.606333644,0.00771612282334,peripheral,0.9,one_off_recipient,Single inflow of 19K KZT; 0 further outgoing transfers observed.,0.271657660397,"Single inflow of 19K KZT; 0 further outgoing transfers observed. Priority drivers: high case-money inflow (147 KZT), 0 seeds within 2 hops.",7
100000001299323100,4,False,1,109000,1,0,0,0,0,True,0,0,0.000298277914373,0,0,72.1982567795,0.000662369328252,peripheral,0.9,cut_off_hop4,Outgoing transfers not observed: graph cut off at hop 4.,0.188128768928,"Outgoing transfers not observed: graph cut off at hop 4. Priority drivers: high case-money inflow (72 KZT), 0 seeds within 2 hops.",8
100000001299443100,4,False,1,8000,1,0,0,0,0,True,0,0,0.00028829025258,0,0,0.387079532369,4.83849415461e-05,peripheral,0.9,cut_off_hop4,Outgoing transfers not observed: graph cut off at hop 4.,0.119296451391,"Outgoing transfers not observed: graph cut off at hop 4. Priority drivers: 0 seeds within 2 hops, strong bridge position.",7
100000001299828100,4,False,1,100000,1,0,0,0,0,True,0,0,0.000543972358072,0,0,484.996054282,0.00484996054282,peripheral,0.9,cut_off_hop4,Outgoing transfers not observed: graph cut off at hop 4.,0.284774566847,"Outgoing transfers not observed: graph cut off at hop 4. Priority drivers: high case-money inflow (485 KZT), high weighted network importance.",0
100000001303311100,3,False,5,1324000,5,0,0,0,0,False,0,0,0.000498732579889,0,0,4293.68250852,0.00324296261973,consolidator,0.5,,"Signs of consolidation: receives from 5 payers (0 seeds within 2 hops), 1.3M KZT in, forwards 0%.",0.614319738703,"Signs of consolidation: receives from 5 payers (0 seeds within 2 hops), 1.3M KZT in, forwards 0%. Priority drivers: high case-money inflow (4K KZT), consolidator role signals.",17
100000001307612100,1,False,1,38483,1,0,0,0,0,False,1,1,0.000292053601935,0,0,38483,1,peripheral,0.9,one_off_recipient,Single inflow of 38K KZT; 0 further outgoing transfers observed.,0.535972101294,"Single inflow of 38K KZT; 0 further outgoing transfers observed. Priority drivers: high case-money inflow (38K KZT), 1 seeds within 2 hops.",1
100000001308856100,2,False,1,27000,1,0,0,0,0,False,0,1,0.000293138261372,0,0,463.995279819,0.0171850103637,peripheral,0.9,one_off_recipient,Single inflow of 27K KZT; 0 further outgoing transfers observed.,0.416425962012,"Single inflow of 27K KZT; 0 further outgoing transfers observed. Priority drivers: 1 seeds within 2 hops, high case-money inflow (464 KZT).",1
100000001311175100,4,False,1,300000,1,0,0,0,0,True,0,0,0.000528336359651,0,0,96.2232995929,0.000320744331976,peripheral,0.9,cut_off_hop4,Outgoing transfers not observed: graph cut off at hop 4.,0.239499057912,"Outgoing transfers not observed: graph cut off at hop 4. Priority drivers: high weighted network importance, high case-money inflow (96 KZT).",13
100000001317336100,3,False,1,131196,1,2,1752000,3,13.3540656727,False,0,0,0.000341788867912,4.00256639802e-05,0,603.161052631,0.000344270007209,peripheral,0.6,other,"Limited role evidence: 1 payers, 2 recipients, 131K KZT received in observed graph.",0.459096332536,"Limited role evidence: 1 payers, 2 recipients, 131K KZT received in observed graph. Priority drivers: high case-money inflow (603 KZT), strong bridge position.",30
100000001325618100,4,False,1,9300,1,0,0,0,0,True,0,0,0.00028898135962,0,0,0.449979956379,4.83849415461e-05,peripheral,0.9,cut_off_hop4,Outgoing transfers not observed: graph cut off at hop 4.,0.122295470146,"Outgoing transfers not observed: graph cut off at hop 4. Priority drivers: 0 seeds within 2 hops, strong bridge position.",7
100000001329153100,3,False,1,150687,1,0,0,0,0,False,0,0,0.000292464732144,0,0,127.547893117,0.00084644258043,peripheral,0.9,one_off_recipient,Single inflow of 151K KZT; 0 further outgoing transfers observed.,0.272210474914,"Single inflow of 151K KZT; 0 further outgoing transfers observed. Priority drivers: high case-money inflow (128 KZT), 0 seeds within 2 hops.",0
100000001330595100,2,False,3,87000,6,1,154000,1,1.77011494253,False,0,1,0.000671140014521,1.18888110832e-06,0,744.068569161,0.00483161408546,peripheral,0.6,other,"Limited role evidence: 3 payers, 1 recipients, 87K KZT received in observed graph.",0.586140018704,"Limited role evidence: 3 payers, 1 recipients, 87K KZT received in observed graph. Priority drivers: 1 seeds within 2 hops, high case-money inflow (744 KZT).",23
100000001330685100,1,False,3,2435923,7,1,100500,1,0.0412574617506,False,1,1,0.000435436601739,1.92202445845e-05,0,135739.352113,0.0557239913219,terminal,1,,Possible holding point: receives 2.4M KZT from 3 payers; observed onward flow is 4%.,0.770628043359,"Possible holding point: receives 2.4M KZT from 3 payers; observed onward flow is 4%. Priority drivers: high case-money inflow (136K KZT), 1 seeds within 2 hops.",5
100000001339466100,2,False,1,30000,1,0,0,0,0,False,0,1,0.000302230055039,0,0,4469.32307794,0.148977435931,peripheral,0.9,one_off_recipient,Single inflow of 30K KZT; 0 further outgoing transfers observed.,0.49112502361,"Single inflow of 30K KZT; 0 further outgoing transfers observed. Priority drivers: high case-money inflow (4K KZT), 1 seeds within 2 hops.",2
100000001346560100,2,False,2,10000,2,1,22200,1,2.22,False,0,2,0.000582977545091,2.57590906803e-05,1,5755.27445917,0.25924659726,peripheral,0.6,other,"Limited role evidence: 2 payers, 1 recipients, 10K KZT received in observed graph.",0.687166871669,"Limited role evidence: 2 payers, 1 recipients, 10K KZT received in observed graph. Priority drivers: high case-money inflow (6K KZT), 2 seeds within 2 hops.",3
100000001362940100,1,False,1,81000,1,0,0,0,0,False,1,2,0.000300125178493,0,0,81000,1,peripheral,0.9,one_off_recipient,Single inflow of 81K KZT; 0 further outgoing transfers observed.,0.621243740527,"Single inflow of 81K KZT; 0 further outgoing transfers observed. Priority drivers: high case-money inflow (81K KZT), 2 seeds within 2 hops.",2
100000001363952100,1,False,2,196655,2,1,91000,2,0.462739315044,False,1,1,0.000305404475356,1.92202445845e-05,0.10989010989,69160.4567581,0.35168420207,peripheral,0.6,other,"Limited role evidence: 2 payers, 1 recipients, 197K KZT received in observed graph.",0.650404706294,"Limited role evidence: 2 payers, 1 recipients, 197K KZT received in observed graph. Priority drivers: high case-money inflow (69K KZT), 1 seeds within 2 hops.",3
100000001373265100,3,False,1,142482,1,1,5000,1,0.0350921519911,False,0,0,0.000312798110828,1.92202445845e-05,0,947.719522013,0.00665150350229,peripheral,0.6,other,"Limited role evidence: 1 payers, 1 recipients, 142K KZT received in observed graph.",0.442477346122,"Limited role evidence: 1 payers, 1 recipients, 142K KZT received in observed graph. Priority drivers: high case-money inflow (948 KZT), strong bridge position.",3
100000001378288100,4,False,1,268000,3,0,0,0,0,True,0,0,0.000520298853713,0,0,180.21188501,0.000672432406754,peripheral,0.9,cut_off_hop4,Outgoing transfers not observed: graph cut off at hop 4.,0.254300666602,"Outgoing transfers not observed: graph cut off at hop 4. Priority drivers: high weighted network importance, high case-money inflow (180 KZT).",3
100000001379511100,3,False,1,55000,1,0,0,0,0,False,0,0,0.000305611801866,0,0,187.675182115,0.00341227603846,peripheral,0.9,one_off_recipient,Single inflow of 55K KZT; 0 further outgoing transfers observed.,0.312496832833,"Single inflow of 55K KZT; 0 further outgoing transfers observed. Priority drivers: high case-money inflow (188 KZT), high weighted network importance.",9
100000001380054100,1,False,2,127050,2,3,360000,4,2.83353010626,False,1,1,0.000711185070454,2.77405591942e-06,0.555555555556,122396.940076,0.339991500212,peripheral,0.6,other,"Limited role evidence: 2 payers, 3 recipients, 127K KZT received in observed graph.",0.72935352949,"Limited role evidence: 2 payers, 3 recipients, 127K KZT received in observed graph. Priority drivers: high case-money inflow (122K KZT), 1 seeds within 2 hops.",28
100000001380107100,3,False,1,6000,1,0,0,0,0,False,0,0,0.000289377038717,0,0,82.2393822394,0.0137065637066,peripheral,0.9,one_off_recipient,Single inflow of 6K KZT; 0 further outgoing transfers observed.,0.24429334181,"Single inflow of 6K KZT; 0 further outgoing transfers observed. Priority drivers: high case-money inflow (82 KZT), 0 seeds within 2 hops.",54
100000001380986100,2,False,1,70170,1,0,0,0,0,False,0,1,0.000290596144564,0,0,8004.17883499,0.114068388699,peripheral,0.9,one_off_recipient,Single inflow of 70K KZT; 0 further outgoing transfers observed.,0.477097355243,"Single inflow of 70K KZT; 0 further outgoing transfers observed. Priority drivers: high case-money inflow (8K KZT), 1 seeds within 2 hops.",8
100000001382002100,2,False,1,55000,2,1,56500,3,1.02727272727,False,0,1,0.000658061030579,0,0,54400.7504177,0.962845140137,transit,0.931818181818,,Pass-through hypothesis: forwards 103% of 55K KZT received; 0% forwarded within 2 days.,0.750464133855,"Pass-through hypothesis: forwards 103% of 55K KZT received; 0% forwarded within 2 days. Priority drivers: high case-money inflow (54K KZT), 1 seeds within 2 hops.",0
100000001384826100,3,False,1,364260,1,1,10000,1,0.0274529182452,False,0,0,0.000295744860606,1.92202445845e-05,0,435.421606192,0.0011953593757,terminal,0.6071,,Possible holding point: receives 364K KZT from 1 payers; observed onward flow is 3%.,0.457182212272,"Possible holding point: receives 364K KZT from 1 payers; observed onward flow is 3%. Priority drivers: high case-money inflow (435 KZT), strong bridge position.",5
100000001386612100,2,False,1,62264,1,0,0,0,0,False,0,2,0.000430968188849,0,0,22005.9918372,0.353430422672,peripheral,0.9,one_off_recipient,Single inflow of 62K KZT; 0 further outgoing transfers observed.,0.62967416191,"Single inflow of 62K KZT; 0 further outgoing transfers observed. Priority drivers: high case-money inflow (22K KZT), 2 seeds within 2 hops.",19
100000001389255100,1,False,1,16136,1,0,0,0,0,False,1,1,0.000287398543645,0,0,16136,1,peripheral,0.9,one_off_recipient,Single inflow of 16K KZT; 0 further outgoing transfers observed.,0.48124346412,"Single inflow of 16K KZT; 0 further outgoing transfers observed. Priority drivers: high case-money inflow (16K KZT), 1 seeds within 2 hops.",1
100000001411870100,1,False,2,900000,4,0,0,0,0,False,1,2,0.000475211351051,0,0,783555.555556,0.870617283951,terminal,1,,Money stops here in the observed graph: receives 900K KZT from 2 payers; no outgoing transfers were traced.,0.764616185488,"Money stops here in the observed graph: receives 900K KZT from 2 payers; no outgoing transfers were traced. Priority drivers: high case-money inflow (784K KZT), 2 seeds within 2 hops.",6
100000001415126100,0,True,1,27000,1,0,0,0,0,False,0,0,0.000407179302089,0,0,4329.01876684,1,peripheral,0.9,one_off_recipient,Single inflow of 27K KZT; 0 further outgoing transfers observed.,0.263620658678,"Single inflow of 27K KZT; 0 further outgoing transfers observed. Priority drivers: high case-money inflow (4K KZT), high weighted network importance.",19
100000001418900100,2,False,1,40140,2,0,0,0,0,False,0,1,0.000297567402632,0,0,689.806315998,0.0171850103637,peripheral,0.9,one_off_recipient,Single inflow of 40K KZT; 0 further outgoing transfers observed.,0.43916045902,"Single inflow of 40K KZT; 0 further outgoing transfers observed. Priority drivers: 1 seeds within 2 hops, high case-money inflow (690 KZT).",1
100000001420847100,2,False,1,20000,2,0,0,0,0,False,0,1,0.000301180344705,0,0,1641.11888112,0.0820559440559,peripheral,0.9,one_off_recipient,Single inflow of 20K KZT; 0 further outgoing transfers observed.,0.46866693386,"Single inflow of 20K KZT; 0 further outgoing transfers observed. Priority drivers: high case-money inflow (2K KZT), 1 seeds within 2 hops.",18
100000001427082100,3,False,1,5000,1,5,124900,6,24.98,False,0,0,0.000436653936818,7.84661531493e-05,0,1075.25219938,0.00860890471882,peripheral,0.6,other,"Limited role evidence: 1 payers, 5 recipients, 5K KZT received in observed graph.",0.500177361324,"Limited role evidence: 1 payers, 5 recipients, 5K KZT received in observed graph. Priority drivers: high case-money inflow (1K KZT), strong bridge position.",20
100000001429930100,0,True,1,26000,1,0,0,0,0,False,0,0,0.000348790274839,0,0,207.773344,1,peripheral,0.9,one_off_recipient,Single inflow of 26K KZT; 0 further outgoing transfers observed.,0.206072667468,"Single inflow of 26K KZT; 0 further outgoing transfers observed. Priority drivers: high case-money inflow (208 KZT), high weighted network importance.",12
100000001439416100,3,False,1,10000,1,2,165000,3,16.5,False,0,0,0.000341106184213,1.98146851387e-05,0,213.986336363,0.00129688688705,peripheral,0.6,other,"Limited role evidence: 1 payers, 2 recipients, 10K KZT received in observed graph.",0.415389434793,"Limited role evidence: 1 payers, 2 recipients, 10K KZT received in observed graph. Priority drivers: strong bridge position, high case-money inflow (214 KZT).",0
100000001445848100,3,False,1,546000,13,1,351850,14,0.644413919414,False,0,0,0.000696365040263,0,0.686372033537,1750.44438224,0.00320594209201,peripheral,0.6,other,"Limited role evidence: 1 payers, 1 recipients, 546K KZT received in observed graph.",0.451045971134,"Limited role evidence: 1 payers, 1 recipients, 546K KZT received in observed graph. Priority drivers: high case-money inflow (2K KZT), high weighted network importance.",33
100000001463701100,1,False,2,621000,2,0,0,0,0,False,1,2,0.000568858882949,0,0,248027.641543,0.399400388958,terminal,1,,Money stops here in the observed graph: receives 621K KZT from 2 payers; no outgoing transfers were traced.,0.773668523202,"Money stops here in the observed graph: receives 621K KZT from 2 payers; no outgoing transfers were traced. Priority drivers: high case-money inflow (248K KZT), 2 seeds within 2 hops.",11
100000001471706100,4,False,1,377000,8,0,0,0,0,True,0,0,0.000536913667515,0,0,422.100856408,0.00111963091885,peripheral,0.9,cut_off_hop4,Outgoing transfers not observed: graph cut off at hop 4.,0.281025793404,"Outgoing transfers not observed: graph cut off at hop 4. Priority drivers: high case-money inflow (422 KZT), high weighted network importance.",19
100000001477796100,1,False,1,182000,1,0,0,0,0,False,1,1,0.000328835744864,0,0,182000,1,peripheral,0.9,one_off_recipient,Single inflow of 182K KZT; 0 further outgoing transfers observed.,0.619170686089,"Single inflow of 182K KZT; 0 further outgoing transfers observed. Priority drivers: high case-money inflow (182K KZT), 1 seeds within 2 hops.",2
100000001484381100,3,False,2,95585,4,0,0,0,0,False,0,0,0.000319510268523,0,0,353.017182119,0.00369322782988,terminal,0.5,,Money stops here in the observed graph: receives 96K KZT from 2 payers; no outgoing transfers were traced.,0.413924476323,"Money stops here in the observed graph: receives 96K KZT from 2 payers; no outgoing transfers were traced. Priority drivers: high case-money inflow (353 KZT), high weighted network importance.",7
100000001490461100,2,False,1,20000,1,1,5000,1,0.25,False,0,1,0.000319216407215,2.1994300504e-05,0,1002.75234103,0.0501376170513,peripheral,0.6,other,"Limited role evidence: 1 payers, 1 recipients, 20K KZT received in observed graph.",0.553662165835,"Limited role evidence: 1 payers, 1 recipients, 20K KZT received in observed graph. Priority drivers: high case-money inflow (1K KZT), 1 seeds within 2 hops.",7
100000001498732100,4,False,1,5500,1,0,0,0,0,True,0,0,0.000287852505135,0,0,0.267763136133,4.86842065696e-05,peripheral,0.9,cut_off_hop4,Outgoing transfers not observed: graph cut off at hop 4.,0.116636031529,"Outgoing transfers not observed: graph cut off at hop 4. Priority drivers: 0 seeds within 2 hops, strong bridge position.",49
100000001524952100,1,False,1,103807,1,0,0,0,0,False,1,1,0.000303364917003,0,0,103807,1,peripheral,0.9,one_off_recipient,Single inflow of 104K KZT; 0 further outgoing transfers observed.,0.588696785844,"Single inflow of 104K KZT; 0 further outgoing transfers observed. Priority drivers: high case-money inflow (104K KZT), 1 seeds within 2 hops.",0
100000001526235100,2,False,3,82000,4,8,432750,9,5.27743902439,False,0,1,0.000872287647993,0.000256600172546,0.134604274986,8279.54530231,0.0191323981567,peripheral,0.6,other,"Limited role evidence: 3 payers, 8 recipients, 82K KZT received in observed graph.",0.679289264803,"Limited role evidence: 3 payers, 8 recipients, 82K KZT received in observed graph. Priority drivers: high case-money inflow (8K KZT), 1 seeds within 2 hops.",24
100000001527186100,1,False,1,678000,2,0,0,0,0,False,1,2,0.000418698903322,0,0,678000,1,terminal,1,,Money stops here in the observed graph: receives 678K KZT from 1 payers; no outgoing transfers were traced.,0.757429596768,"Money stops here in the observed graph: receives 678K KZT from 1 payers; no outgoing transfers were traced. Priority drivers: high case-money inflow (678K KZT), 2 seeds within 2 hops.",2
100000001530709100,3,False,1,53961,1,0,0,0,0,False,0,0,0.000287055153757,0,0,45.6748880826,0.00084644258043,peripheral,0.9,one_off_recipient,Single inflow of 54K KZT; 0 further outgoing transfers observed.,0.214441357897,"Single inflow of 54K KZT; 0 further outgoing transfers observed. Priority drivers: high case-money inflow (46 KZT), 0 seeds within 2 hops.",0
100000001530740100,2,False,1,15000,1,0,0,0,0,False,0,1,0.000526693271955,0,0,13485,0.899,peripheral,0.9,one_off_recipient,Single inflow of 15K KZT; 0 further outgoing transfers observed.,0.578815226355,"Single inflow of 15K KZT; 0 further outgoing transfers observed. Priority drivers: high case-money inflow (13K KZT), 1 seeds within 2 hops.",4
100000001530983100,1,False,4,564158,4,11,1829538,17,3.24295321523,False,2,2,0.000354074177371,0.000332072106608,0.156482128275,393442.952532,0.215050440347,distributor,0.55,,Fan-out hypothesis: sends 1.8M KZT to 11 recipients after receiving from 4 payers.,0.897139645554,"Fan-out hypothesis: sends 1.8M KZT to 11 recipients after receiving from 4 payers. Priority drivers: high case-money inflow (393K KZT), 2 seeds within 2 hops.",4
100000001533161100,4,False,1,100000,1,0,0,0,0,True,0,0,0.000322545878155,0,0,14.696804528,0.00014696804528,peripheral,0.9,cut_off_hop4,Outgoing transfers not observed: graph cut off at hop 4.,0.180776335853,"Outgoing transfers not observed: graph cut off at hop 4. Priority drivers: high weighted network importance, 0 seeds within 2 hops.",42
100000001534244100,3,False,2,366000,2,1,45000,1,0.122950819672,False,0,0,0.000339680842218,2.15980068012e-05,0,214.519856966,0.000586119827775,terminal,0.61,,Possible holding point: receives 366K KZT from 2 payers; observed onward flow is 12%.,0.479536649299,"Possible holding point: receives 366K KZT from 2 payers; observed onward flow is 12%. Priority drivers: strong bridge position, high case-money inflow (215 KZT).",8
100000001537524100,4,False,1,150000,1,0,0,0,0,True,0,0,0.000297054185877,0,0,0.604657854456,4.03105236304e-06,peripheral,0.9,cut_off_hop4,Outgoing transfers not observed: graph cut off at hop 4.,0.140918409184,"Outgoing transfers not observed: graph cut off at hop 4. Priority drivers: 0 seeds within 2 hops, strong bridge position.",13
100000001538095100,3,False,2,280000,2,0,0,0,0,False,0,0,0.000328309179444,0,0,657.972445309,0.00234990159039,terminal,0.5,,Money stops here in the observed graph: receives 280K KZT from 2 payers; no outgoing transfers were traced.,0.436589871517,"Money stops here in the observed graph: receives 280K KZT from 2 payers; no outgoing transfers were traced. Priority drivers: high case-money inflow (658 KZT), high weighted network importance.",13
100000001541418100,2,False,2,96900,2,0,0,0,0,False,0,1,0.000301921829785,0,0,5755.2749728,0.0593939625676,terminal,0.5,,Money stops here in the observed graph: receives 97K KZT from 2 payers; no outgoing transfers were traced.,0.558623676124,"Money stops here in the observed graph: receives 97K KZT from 2 payers; no outgoing transfers were traced. Priority drivers: high case-money inflow (6K KZT), 1 seeds within 2 hops.",8
100000001549194100,3,False,1,46500,1,0,0,0,0,False,0,0,0.000297135607256,0,0,51.4132731451,0.00110566178807,peripheral,0.9,one_off_recipient,Single inflow of 46K KZT; 0 further outgoing transfers observed.,0.255902446665,"Single inflow of 46K KZT; 0 further outgoing transfers observed. Priority drivers: high case-money inflow (51 KZT), 0 seeds within 2 hops.",14
100000001550388100,1,False,1,50000,1,0,0,0,0,False,1,1,0.000293346692493,0,0,50000,1,peripheral,0.9,one_off_recipient,Single inflow of 50K KZT; 0 further outgoing transfers observed.,0.549965218753,"Single inflow of 50K KZT; 0 further outgoing transfers observed. Priority drivers: high case-money inflow (50K KZT), 1 seeds within 2 hops.",0
100000001550419100,3,False,1,23000,1,0,0,0,0,False,0,0,0.000290516025637,0,0,25.4302211255,0.00110566178807,peripheral,0.9,one_off_recipient,Single inflow of 23K KZT; 0 further outgoing transfers observed.,0.220245910324,"Single inflow of 23K KZT; 0 further outgoing transfers observed. Priority drivers: 0 seeds within 2 hops, strong bridge position.",14
100000001554432100,1,False,1,53920,1,0,0,0,0,False,1,2,0.000294746658446,0,0,53920,1,peripheral,0.9,one_off_recipient,Single inflow of 54K KZT; 0 further outgoing transfers observed.,0.599614872553,"Single inflow of 54K KZT; 0 further outgoing transfers observed. Priority drivers: high case-money inflow (54K KZT), 2 seeds within 2 hops.",2
100000001557930100,2,False,1,34610,1,0,0,0,0,False,0,1,0.00029055280075,0,0,8306.62150991,0.240006400171,peripheral,0.9,one_off_recipient,Single inflow of 35K KZT; 0 further outgoing transfers observed.,0.477511966131,"Single inflow of 35K KZT; 0 further outgoing transfers observed. Priority drivers: high case-money inflow (8K KZT), 1 seeds within 2 hops.",6
100000001567366100,1,False,1,824070,4,0,0,0,0,False,1,1,0.000372056881709,0,0,824070,1,terminal,1,,Money stops here in the observed graph: receives 824K KZT from 1 payers; no outgoing transfers were traced.,0.70788359569,"Money stops here in the observed graph: receives 824K KZT from 1 payers; no outgoing transfers were traced. Priority drivers: high case-money inflow (824K KZT), 1 seeds within 2 hops.",4
100000001578517100,2,False,1,30000,1,0,0,0,0,False,0,2,0.00028897235259,0,0,6451.51321041,0.215050440347,peripheral,0.9,one_off_recipient,Single inflow of 30K KZT; 0 further outgoing transfers observed.,0.505809159215,"Single inflow of 30K KZT; 0 further outgoing transfers observed. Priority drivers: high case-money inflow (6K KZT), 2 seeds within 2 hops.",4
100000001584286100,2,False,2,738699,3,0,0,0,0,False,0,1,0.000326620839933,0,0,369.859611963,0.00050069055456,terminal,1,,Money stops here in the observed graph: receives 739K KZT from 2 payers; no outgoing transfers were traced.,0.514191209328,"Money stops here in the observed graph: receives 739K KZT from 2 payers; no outgoing transfers were traced. Priority drivers: 1 seeds within 2 hops, high case-money inflow (370 KZT).",13
100000001590795100,4,False,1,5060,1,0,0,0,0,True,0,0,0.000286727287428,0,0,0.244827804223,4.83849415461e-05,peripheral,0.9,cut_off_hop4,Outgoing transfers not observed: graph cut off at hop 4.,0.110396137669,"Outgoing transfers not observed: graph cut off at hop 4. Priority drivers: 0 seeds within 2 hops, strong bridge position.",7
100000001597424100,3,False,1,48100,1,0,0,0,0,False,0,0,0.000297586302175,0,0,53.182332006,0.00110566178807,peripheral,0.9,one_off_recipient,Single inflow of 48K KZT; 0 further outgoing transfers observed.,0.258597417435,"Single inflow of 48K KZT; 0 further outgoing transfers observed. Priority drivers: high case-money inflow (53 KZT), 0 seeds within 2 hops.",14
100000001597505100,2,False,1,26460,1,1,12920,1,0.48828420257,False,0,1,0.000313022960928,9.78845445852e-06,0,3939.98914926,0.148903595966,peripheral,0.6,other,"Limited role evidence: 1 payers, 1 recipients, 26K KZT received in observed graph.",0.567482528758,"Limited role evidence: 1 payers, 1 recipients, 26K KZT received in observed graph. Priority drivers: high case-money inflow (4K KZT), 1 seeds within 2 hops.",31
100000001598625100,4,False,1,25000,1,0,0,0,0,True,0,0,0.000426347530009,0,0,166.28758748,0.00665150349918,peripheral,0.9,cut_off_hop4,Outgoing transfers not observed: graph cut off at hop 4.,0.245231053434,"Outgoing transfers not observed: graph cut off at hop 4. Priority drivers: high weighted network importance, high case-money inflow (166 KZT).",3
100000001600934100,3,False,1,180300,2,1,11000,1,0.0610094287299,False,0,0,0.00251022113551,0,0,11453.0409418,0.0635221350074,peripheral,0.6,other,"Limited role evidence: 1 payers, 1 recipients, 180K KZT received in observed graph.",0.508815088151,"Limited role evidence: 1 payers, 1 recipients, 180K KZT received in observed graph. Priority drivers: high case-money inflow (11K KZT), high weighted network importance.",3
100000001601320100,2,False,2,43500,2,1,46200,1,1.06206896552,False,0,1,0.000806329942259,9.90734256935e-07,0,21081.075172,0.456300328399,transit,0.844827586207,,Pass-through hypothesis: forwards 106% of 44K KZT received; 0% forwarded within 2 days.,0.779970608695,"Pass-through hypothesis: forwards 106% of 44K KZT received; 0% forwarded within 2 days. Priority drivers: high case-money inflow (21K KZT), 1 seeds within 2 hops.",6
100000001609499100,1,False,3,263113,3,2,21000,2,0.0798136162029,False,1,1,0.000319110542701,0.000184223171747,0.47619047619,94403.2842407,0.358793690318,terminal,0.75,,Possible holding point: receives 263K KZT from 3 payers; observed onward flow is 8%.,0.756531273178,"Possible holding point: receives 263K KZT from 3 payers; observed onward flow is 8%. Priority drivers: high case-money inflow (94K KZT), 1 seeds within 2 hops.",0
100000001611488100,3,False,2,779300,3,0,0,0,0,False,0,0,0.000871593679082,0,0,6771.31678249,0.00868897315859,terminal,1,,Money stops here in the observed graph: receives 779K KZT from 2 payers; no outgoing transfers were traced.,0.547290978528,"Money stops here in the observed graph: receives 779K KZT from 2 payers; no outgoing transfers were traced. Priority drivers: high case-money inflow (7K KZT), high weighted network importance.",5
100000001616816100,0,True,5,176195,12,3,181326,10,1.02912114419,False,0,3,0.00241193937079,0.000104700965277,0.693921445353,57745.8093822,1,consolidator,0.5,,"Signs of consolidation: seed receives from 5 payers, 176K KZT observed in and 181K KZT observed out.",0.579601144326,"Signs of consolidation: seed receives from 5 payers, 176K KZT observed in and 181K KZT observed out. Priority drivers: high case-money inflow (58K KZT), 3 seeds within 2 hops.",6
100000001632325100,3,False,1,85600,3,0,0,0,0,False,0,0,0.000297299647198,0,0,56.8818575707,0.0006645076819,peripheral,0.9,one_off_recipient,Single inflow of 86K KZT; 0 further outgoing transfers observed.,0.259703046469,"Single inflow of 86K KZT; 0 further outgoing transfers observed. Priority drivers: high case-money inflow (57 KZT), 0 seeds within 2 hops.",1
100000001633685100,2,False,3,45000,3,0,0,0,0,False,0,1,0.000304518457184,0,0,1097.4929627,0.0243887325045,terminal,0.75,,Money stops here in the observed graph: receives 45K KZT from 3 payers; no outgoing transfers were traced.,0.525869415998,"Money stops here in the observed graph: receives 45K KZT from 3 payers; no outgoing transfers were traced. Priority drivers: high case-money inflow (1K KZT), 1 seeds within 2 hops.",0
100000001637376100,3,False,1,116700,1,1,234250,2,2.00728363325,False,0,0,0.000287788106845,1.92202445845e-05,0.495197438634,139.498439144,0.000595510946186,peripheral,0.6,other,"Limited role evidence: 1 payers, 1 recipients, 117K KZT received in observed graph.",0.323138512284,"Limited role evidence: 1 payers, 1 recipients, 117K KZT received in observed graph. Priority drivers: strong bridge position, high case-money inflow (139 KZT).",5
100000001639766100,3,False,1,20000,1,0,0,0,0,False,0,0,0.000647181827129,0,0,4764.66343581,0.23823317179,peripheral,0.9,one_off_recipient,Single inflow of 20K KZT; 0 further outgoing transfers observed.,0.470325377411,"Single inflow of 20K KZT; 0 further outgoing transfers observed. Priority drivers: high case-money inflow (5K KZT), high weighted network importance.",6
100000001641789100,1,False,1,17826,1,0,0,0,0,False,1,1,0.000485585583647,0,0,17826,1,peripheral,0.9,one_off_recipient,Single inflow of 18K KZT; 0 further outgoing transfers observed.,0.583859658821,"Single inflow of 18K KZT; 0 further outgoing transfers observed. Priority drivers: high case-money inflow (18K KZT), 1 seeds within 2 hops.",6
100000001641951100,2,False,1,25000,4,0,0,0,0,False,0,2,0.000317279231529,0,0,14388.1861528,0.575527446112,peripheral,0.9,one_off_recipient,Single inflow of 25K KZT; 0 further outgoing transfers observed.,0.58323774249,"Single inflow of 25K KZT; 0 further outgoing transfers observed. Priority drivers: high case-money inflow (14K KZT), 2 seeds within 2 hops.",3
100000001648936100,2,False,1,92740,1,0,0,0,0,False,0,1,0.000301496079051,0,0,22258.1935518,0.240006400171,peripheral,0.9,one_off_recipient,Single inflow of 93K KZT; 0 further outgoing transfers observed.,0.538114257547,"Single inflow of 93K KZT; 0 further outgoing transfers observed. Priority drivers: high case-money inflow (22K KZT), 1 seeds within 2 hops.",6
100000001650895100,3,False,1,153500,1,1,10000,1,0.0651465798046,False,0,0,0.000307581223319,2.1994300504e-05,0,123.698752526,0.000805855065319,peripheral,0.6,other,"Limited role evidence: 1 payers, 1 recipients, 154K KZT received in observed graph.",0.375932298649,"Limited role evidence: 1 payers, 1 recipients, 154K KZT received in observed graph. Priority drivers: strong bridge position, high case-money inflow (124 KZT).",7
100000001660397100,1,False,2,48600,2,3,49000,4,1.00823045267,False,1,1,0.000293545093304,0.000503295133351,0.755102040816,19494.8890526,0.397854878625,transit,0.979423868313,,Pass-through hypothesis: forwards 101% of 49K KZT received; 76% forwarded within 2 days.,0.712389034003,"Pass-through hypothesis: forwards 101% of 49K KZT received; 76% forwarded within 2 days. Priority drivers: high case-money inflow (19K KZT), 1 seeds within 2 hops.",0
100000001669260100,4,False,1,500000,1,0,0,0,0,True,0,0,0.00055672915953,0,0,1078.34954133,0.00215669908266,peripheral,0.9,cut_off_hop4,Outgoing transfers not observed: graph cut off at hop 4.,0.302865421913,"Outgoing transfers not observed: graph cut off at hop 4. Priority drivers: high case-money inflow (1K KZT), high weighted network importance.",3
100000001674850100,3,False,2,237000,2,0,0,0,0,False,0,0,0.000312392540569,0,0,54.4465271901,0.000229732182237,terminal,0.5,,Money stops here in the observed graph: receives 237K KZT from 2 payers; no outgoing transfers were traced.,0.343095116344,"Money stops here in the observed graph: receives 237K KZT from 2 payers; no outgoing transfers were traced. Priority drivers: terminal role signals, high weighted network importance.",9
100000001677389100,3,False,1,11000,1,1,5400,1,0.490909090909,False,0,0,0.000287076833126,1.92202445845e-05,0,83.9415968486,0.00763105425896,peripheral,0.6,other,"Limited role evidence: 1 payers, 1 recipients, 11K KZT received in observed graph.",0.299782098945,"Limited role evidence: 1 payers, 1 recipients, 11K KZT received in observed graph. Priority drivers: strong bridge position, high case-money inflow (84 KZT).",16
100000001677929100,2,False,3,126777,3,2,286098,4,2.25670271421,False,0,1,0.003489720743,1.18888110832e-06,0.270529678642,63010.4743538,0.220240876741,peripheral,0.6,other,"Limited role evidence: 3 payers, 2 recipients, 127K KZT received in observed graph.",0.725656582409,"Limited role evidence: 3 payers, 2 recipients, 127K KZT received in observed graph. Priority drivers: high case-money inflow (63K KZT), high weighted network importance.",6
100000001680944100,3,False,1,393000,1,0,0,0,0,False,0,0,0.000343653922495,0,0,2071.0978512,0.00526996908703,terminal,0.655,,Money stops here in the observed graph: receives 393K KZT from 1 payers; no outgoing transfers were traced.,0.471002575194,"Money stops here in the observed graph: receives 393K KZT from 1 payers; no outgoing transfers were traced. Priority drivers: high case-money inflow (2K KZT), high weighted network importance.",17
100000001684867100,1,False,1,30550,1,0,0,0,0,False,1,1,0.000287300356845,0,0,30550,1,peripheral,0.9,one_off_recipient,Single inflow of 31K KZT; 0 further outgoing transfers observed.,0.504876284718,"Single inflow of 31K KZT; 0 further outgoing transfers observed. Priority drivers: high case-money inflow (31K KZT), 1 seeds within 2 hops.",4
100000001686328100,3,False,1,140000,1,0,0,0,0,False,0,0,0.000313325913781,0,0,767.915059916,0.00548510757083,peripheral,0.9,one_off_recipient,Single inflow of 140K KZT; 0 further outgoing transfers observed.,0.369713135334,"Single inflow of 140K KZT; 0 further outgoing transfers observed. Priority drivers: high case-money inflow (768 KZT), high weighted network importance.",8
100000001688676100,3,False,1,133700,1,0,0,0,0,False,0,0,0.000306739750086,0,0,991.810157548,0.00741817619707,peripheral,0.9,one_off_recipient,Single inflow of 134K KZT; 0 further outgoing transfers observed.,0.367570979081,"Single inflow of 134K KZT; 0 further outgoing transfers observed. Priority drivers: high case-money inflow (992 KZT), high weighted network importance.",18
100000001689968100,3,False,3,344333.75,3,0,0,0,0,False,0,0,0.000337221284935,0,0,635.303282627,0.00184502182149,terminal,0.75,,Money stops here in the observed graph: receives 344K KZT from 3 payers; no outgoing transfers were traced.,0.439561249545,"Money stops here in the observed graph: receives 344K KZT from 3 payers; no outgoing transfers were traced. Priority drivers: high case-money inflow (635 KZT), high weighted network importance.",5
100000001690439100,3,False,1,14200,1,0,0,0,0,False,0,0,0.000474100034712,0,0,93.095678505,0.00655603369753,peripheral,0.9,one_off_recipient,Single inflow of 14K KZT; 0 further outgoing transfers observed.,0.333849293549,"Single inflow of 14K KZT; 0 further outgoing transfers observed. Priority drivers: high weighted network importance, high case-money inflow (93 KZT).",5
100000001690558100,3,False,1,740000,1,0,0,0,0,False,0,0,0.000409690414755,0,0,5489.45038583,0.00741817619707,terminal,1,,Money stops here in the observed graph: receives 740K KZT from 1 payers; no outgoing transfers were traced.,0.506659111535,"Money stops here in the observed graph: receives 740K KZT from 1 payers; no outgoing transfers were traced. Priority drivers: high case-money inflow (5K KZT), high weighted network importance.",18
100000001696818100,1,False,1,53550,1,0,0,0,0,False,1,1,0.000297218371139,0,0,53550,1,peripheral,0.9,one_off_recipient,Single inflow of 54K KZT; 0 further outgoing transfers observed.,0.56167797633,"Single inflow of 54K KZT; 0 further outgoing transfers observed. Priority drivers: high case-money inflow (54K KZT), 1 seeds within 2 hops.",2
100000001697501100,1,False,3,123700,3,38,1482606,55,11.9854971706,False,1,1,0.000587937273034,0.000205478284888,0.458247167488,25478.5994752,0.0171850103637,distributor,1,,Fan-out hypothesis: sends 1.5M KZT to 38 recipients after receiving from 3 payers.,0.831492921671,"Fan-out hypothesis: sends 1.5M KZT to 38 recipients after receiving from 3 payers. Priority drivers: high case-money inflow (25K KZT), 1 seeds within 2 hops.",1
100000001703168100,2,False,1,45000,1,1,90000,1,2,False,0,1,0.000291083662575,1.92202445845e-05,1,636.172873378,0.00706858748198,peripheral,0.6,other,"Limited role evidence: 1 payers, 1 recipients, 45K KZT received in observed graph.",0.487255321991,"Limited role evidence: 1 payers, 1 recipients, 45K KZT received in observed graph. Priority drivers: 1 seeds within 2 hops, high case-money inflow (636 KZT).",2
100000001714173100,3,False,1,638905,6,0,0,0,0,False,0,0,0.000567261646808,0,0,15479.4184152,0.0242280439427,terminal,1,,Money stops here in the observed graph: receives 639K KZT from 1 payers; no outgoing transfers were traced.,0.560834934192,"Money stops here in the observed graph: receives 639K KZT from 1 payers; no outgoing transfers were traced. Priority drivers: high case-money inflow (15K KZT), high weighted network importance.",17
100000001714413100,3,False,1,250172,1,0,0,0,0,False,0,0,0.000292077991471,0,0,299.045445737,0.0011953593757,peripheral,0.9,one_off_recipient,Single inflow of 250K KZT; 0 further outgoing transfers observed.,0.302269764271,"Single inflow of 250K KZT; 0 further outgoing transfers observed. Priority drivers: high case-money inflow (299 KZT), 0 seeds within 2 hops.",5
100000001714883100,4,False,1,6900,1,0,0,0,0,True,0,0,0.0002877054697,0,0,0.333856096668,4.83849415461e-05,peripheral,0.9,cut_off_hop4,Outgoing transfers not observed: graph cut off at hop 4.,0.116490917718,"Outgoing transfers not observed: graph cut off at hop 4. Priority drivers: 0 seeds within 2 hops, strong bridge position.",7
100000001716579100,1,False,1,13916,1,0,0,0,0,False,1,1,0.000286936099943,0,0,13916,1,peripheral,0.9,one_off_recipient,Single inflow of 14K KZT; 0 further outgoing transfers observed.,0.47226022822,"Single inflow of 14K KZT; 0 further outgoing transfers observed. Priority drivers: high case-money inflow (14K KZT), 1 seeds within 2 hops.",1
100000001724740100,4,False,1,185000,4,0,0,0,0,True,0,0,0.000533298379611,0,0,226.933499556,0.00122666756517,peripheral,0.9,cut_off_hop4,Outgoing transfers not observed: graph cut off at hop 4.,0.263974920648,"Outgoing transfers not observed: graph cut off at hop 4. Priority drivers: high weighted network importance, high case-money inflow (227 KZT).",8
100000001726614100,3,False,1,138717,1,0,0,0,0,False,0,0,0.000296245436815,0,0,672.771976627,0.00484996054288,peripheral,0.9,one_off_recipient,Single inflow of 139K KZT; 0 further outgoing transfers observed.,0.339930253235,"Single inflow of 139K KZT; 0 further outgoing transfers observed. Priority drivers: high case-money inflow (673 KZT), 0 seeds within 2 hops.",0
100000001732159100,0,True,2,2378100,30,4,1505966,23,0.633264370716,False,2,3,0.00108570511132,2.0270944336e-05,0.91447350073,2378100,1,peripheral,0.6,other,"Limited role evidence: 2 payers, 4 recipients, 2.4M KZT received in observed graph.",0.489680335006,"Limited role evidence: 2 payers, 4 recipients, 2.4M KZT received in observed graph. Priority drivers: high case-money inflow (2.4M KZT), 3 seeds within 2 hops.",9
100000001733216100,4,False,1,60000,2,0,0,0,0,True,0,0,0.000405323586533,0,0,10.157310965,0.000169288516083,peripheral,0.9,cut_off_hop4,Outgoing transfers not observed: graph cut off at hop 4.,0.192264512533,"Outgoing transfers not observed: graph cut off at hop 4. Priority drivers: high weighted network importance, 0 seeds within 2 hops.",0
100000001733687100,3,False,1,300000,1,0,0,0,0,False,0,0,0.000305067696772,0,0,337.278176708,0.00112426058903,terminal,0.5,,Money stops here in the observed graph: receives 300K KZT from 1 payers; no outgoing transfers were traced.,0.396027106338,"Money stops here in the observed graph: receives 300K KZT from 1 payers; no outgoing transfers were traced. Priority drivers: high case-money inflow (337 KZT), terminal role signals.",8
100000001737722100,2,False,1,60460,1,0,0,0,0,False,0,1,0.00031702092705,0,0,8209.68734396,0.135787088057,peripheral,0.9,one_off_recipient,Single inflow of 60K KZT; 0 further outgoing transfers observed.,0.523464672849,"Single inflow of 60K KZT; 0 further outgoing transfers observed. Priority drivers: high case-money inflow (8K KZT), 1 seeds within 2 hops.",2
100000001740277100,3,False,1,8700,1,1,5000,1,0.574712643678,False,0,0,0.000374238844859,0,1,1916.07819898,0.220238873446,peripheral,0.6,other,"Limited role evidence: 1 payers, 1 recipients, 9K KZT received in observed graph.",0.41594224931,"Limited role evidence: 1 payers, 1 recipients, 9K KZT received in observed graph. Priority drivers: high case-money inflow (2K KZT), high weighted network importance.",6
100000001745217100,3,False,1,50000,1,0,0,0,0,False,0,0,0.000288437666319,0,0,242.498027144,0.00484996054288,peripheral,0.9,one_off_recipient,Single inflow of 50K KZT; 0 further outgoing transfers observed.,0.278775147302,"Single inflow of 50K KZT; 0 further outgoing transfers observed. Priority drivers: high case-money inflow (242 KZT), 0 seeds within 2 hops.",0
100000001746925100,1,False,1,65250,1,1,5000,1,0.0766283524904,False,1,2,0.00029699697721,0.000118888110832,0,65250,1,peripheral,0.6,other,"Limited role evidence: 1 payers, 1 recipients, 65K KZT received in observed graph.",0.697186634788,"Limited role evidence: 1 payers, 1 recipients, 65K KZT received in observed graph. Priority drivers: high case-money inflow (65K KZT), 2 seeds within 2 hops.",2
100000001782980100,2,False,1,50000,1,1,596200,3,11.924,False,0,1,0.000367996634846,5.94440554161e-07,0,16999.5750106,0.0285132086726,peripheral,0.6,other,"Limited role evidence: 1 payers, 1 recipients, 50K KZT received in observed graph.",0.624871585795,"Limited role evidence: 1 payers, 1 recipients, 50K KZT received in observed graph. Priority drivers: high case-money inflow (17K KZT), 1 seeds within 2 hops.",28
100000001784279100,3,False,1,35674,1,0,0,0,0,False,0,0,0.000287176869401,0,0,173.017492407,0.00484996054288,peripheral,0.9,one_off_recipient,Single inflow of 36K KZT; 0 further outgoing transfers observed.,0.257353584772,"Single inflow of 36K KZT; 0 further outgoing transfers observed. Priority drivers: high case-money inflow (173 KZT), 0 seeds within 2 hops.",0
100000001785161100,3,False,2,30000,2,0,0,0,0,False,0,0,0.000329225354596,0,0,49.500554715,0.0016500184905,terminal,0.5,,Money stops here in the observed graph: receives 30K KZT from 2 payers; no outgoing transfers were traced.,0.35097272321,"Money stops here in the observed graph: receives 30K KZT from 2 payers; no outgoing transfers were traced. Priority drivers: high weighted network importance, terminal role signals.",29
100000001788284100,3,False,1,8000,1,5,296700,8,37.0875,False,0,0,0.000297743943628,5.94440554161e-05,0.650151668352,153.059185253,0.000515871874801,peripheral,0.6,other,"Limited role evidence: 1 payers, 5 recipients, 8K KZT received in observed graph.",0.376139604093,"Limited role evidence: 1 payers, 5 recipients, 8K KZT received in observed graph. Priority drivers: strong bridge position, high case-money inflow (153 KZT).",24
100000001805543100,1,False,1,59000,1,0,0,0,0,False,1,1,0.000290339124781,0,0,59000,1,peripheral,0.9,one_off_recipient,Single inflow of 59K KZT; 0 further outgoing transfers observed.,0.54384970816,"Single inflow of 59K KZT; 0 further outgoing transfers observed. Priority drivers: high case-money inflow (59K KZT), 1 seeds within 2 hops.",4
100000001808684100,3,False,1,48400,3,1,37700,2,0.778925619835,False,0,0,0.00116284707528,0,0.79575596817,11530.4855147,0.23823317179,peripheral,0.6,other,"Limited role evidence: 1 payers, 1 recipients, 48K KZT received in observed graph.",0.504254368386,"Limited role evidence: 1 payers, 1 recipients, 48K KZT received in observed graph. Priority drivers: high case-money inflow (12K KZT), high weighted network importance.",6
100000001816678100,4,False,1,60000,1,0,0,0,0,True,0,0,0.000307964743517,0,0,16.3268597361,0.000272114328936,peripheral,0.9,cut_off_hop4,Outgoing transfers not observed: graph cut off at hop 4.,0.172698333725,"Outgoing transfers not observed: graph cut off at hop 4. Priority drivers: high weighted network importance, 0 seeds within 2 hops.",2
100000001818442100,3,False,1,42215,1,0,0,0,0,False,0,0,0.00029965654096,0,0,325.736124987,0.00771612282334,peripheral,0.9,one_off_recipient,Single inflow of 42K KZT; 0 further outgoing transfers observed.,0.325211566722,"Single inflow of 42K KZT; 0 further outgoing transfers observed. Priority drivers: high case-money inflow (326 KZT), high weighted network importance.",7
100000001819396100,3,False,1,166080,1,0,0,0,0,False,0,0,0.000325314719512,0,0,53.5970242359,0.000322718113174,peripheral,0.9,one_off_recipient,Single inflow of 166K KZT; 0 further outgoing transfers observed.,0.290246048528,"Single inflow of 166K KZT; 0 further outgoing transfers observed. Priority drivers: high weighted network importance, high case-money inflow (54 KZT).",25
100000001822623100,2,False,1,201300,1,0,0,0,0,False,0,1,0.000321704153745,0,0,6231.00451735,0.030953822739,peripheral,0.9,one_off_recipient,Single inflow of 201K KZT; 0 further outgoing transfers observed.,0.518903953084,"Single inflow of 201K KZT; 0 further outgoing transfers observed. Priority drivers: high case-money inflow (6K KZT), 1 seeds within 2 hops.",21
100000001822650100,4,False,1,112000,1,0,0,0,0,True,0,0,0.000304241396325,0,0,16.4760350756,0.000147107456032,peripheral,0.9,cut_off_hop4,Outgoing transfers not observed: graph cut off at hop 4.,0.169699314971,"Outgoing transfers not observed: graph cut off at hop 4. Priority drivers: high weighted network importance, 0 seeds within 2 hops.",8
100000001825934100,3,False,1,40000,1,1,97000,1,2.425,False,0,0,0.000472918529461,9.90734256935e-07,0,10104.0462391,0.104165425145,peripheral,0.6,other,"Limited role evidence: 1 payers, 1 recipients, 40K KZT received in observed graph.",0.529822039793,"Limited role evidence: 1 payers, 1 recipients, 40K KZT received in observed graph. Priority drivers: high case-money inflow (10K KZT), high weighted network importance.",35
100000001831496100,3,False,1,25000,1,1,373000,1,14.92,False,0,0,0.000291079394285,1.84937061295e-06,0,27.6415447016,7.41060179669e-05,peripheral,0.6,other,"Limited role evidence: 1 payers, 1 recipients, 25K KZT received in observed graph.",0.287896586831,"Limited role evidence: 1 payers, 1 recipients, 25K KZT received in observed graph. Priority drivers: strong bridge position, 0 seeds within 2 hops.",11
100000001835625100,3,False,1,75130,1,0,0,0,0,False,0,0,0.000286452017599,0,0,89.8073498962,0.0011953593757,peripheral,0.9,one_off_recipient,Single inflow of 75K KZT; 0 further outgoing transfers observed.,0.227086989971,"Single inflow of 75K KZT; 0 further outgoing transfers observed. Priority drivers: high case-money inflow (90 KZT), 0 seeds within 2 hops.",5
100000001837130100,3,False,1,172900,1,0,0,0,0,False,0,0,0.000299253800701,0,0,838.558177864,0.00484996054288,peripheral,0.9,one_off_recipient,Single inflow of 173K KZT; 0 further outgoing transfers observed.,0.352714088939,"Single inflow of 173K KZT; 0 further outgoing transfers observed. Priority drivers: high case-money inflow (839 KZT), high weighted network importance.",0
100000001845505100,4,False,1,20000,1,0,0,0,0,True,0,0,0.000588641174492,0,0,178.306540112,0.00891532700561,peripheral,0.9,cut_off_hop4,Outgoing transfers not observed: graph cut off at hop 4.,0.263684693027,"Outgoing transfers not observed: graph cut off at hop 4. Priority drivers: high weighted network importance, high case-money inflow (178 KZT).",3
100000001848426100,2,False,1,95530,1,0,0,0,0,False,0,1,0.000302021311228,0,0,22927.8114083,0.240006400171,peripheral,0.9,one_off_recipient,Single inflow of 96K KZT; 0 further outgoing transfers observed.,0.539841802912,"Single inflow of 96K KZT; 0 further outgoing transfers observed. Priority drivers: high case-money inflow (23K KZT), 1 seeds within 2 hops.",6
100000001851289100,1,False,1,109510,3,0,0,0,0,False,1,1,0.000295734139489,0,0,109510,1,peripheral,0.9,one_off_recipient,Single inflow of 110K KZT; 0 further outgoing transfers observed.,0.575360135624,"Single inflow of 110K KZT; 0 further outgoing transfers observed. Priority drivers: high case-money inflow (110K KZT), 1 seeds within 2 hops.",4
100000001852140100,3,False,1,30000,1,0,0,0,0,False,0,0,0.000798288673633,0,0,2343.31797235,0.0781105990783,peripheral,0.9,one_off_recipient,Single inflow of 30K KZT; 0 further outgoing transfers observed.,0.459614596146,"Single inflow of 30K KZT; 0 further outgoing transfers observed. Priority drivers: high case-money inflow (2K KZT), high weighted network importance.",57
100000001853812100,3,False,1,70000,1,0,0,0,0,False,0,0,0.000298167195399,0,0,465.60524516,0.00665150350229,peripheral,0.9,one_off_recipient,Single inflow of 70K KZT; 0 further outgoing transfers observed.,0.333780191735,"Single inflow of 70K KZT; 0 further outgoing transfers observed. Priority drivers: high case-money inflow (466 KZT), 0 seeds within 2 hops.",3
100000001857829100,2,False,6,888535,9,16,2390993,16,2.69093845487,False,0,1,0.000616547380133,0.00195959937728,0.815486703642,3995.89134599,0.00167122670204,consolidator,0.6,,"Signs of consolidation: receives from 6 payers (1 seeds within 2 hops), 889K KZT in, forwards 269%.",0.823283626095,"Signs of consolidation: receives from 6 payers (1 seeds within 2 hops), 889K KZT in, forwards 269%. Priority drivers: high case-money inflow (4K KZT), consolidator role signals.",3
100000001860090100,3,False,1,5000,1,0,0,0,0,False,0,0,0.000375625568147,0,0,410.367562518,0.0820735125035,peripheral,0.9,one_off_recipient,Single inflow of 5K KZT; 0 further outgoing transfers observed.,0.375724993205,"Single inflow of 5K KZT; 0 further outgoing transfers observed. Priority drivers: high case-money inflow (410 KZT), high weighted network importance.",6
100000001870116100,1,False,1,24000,1,0,0,0,0,False,1,1,0.000289036677551,0,0,24000,1,peripheral,0.9,one_off_recipient,Single inflow of 24K KZT; 0 further outgoing transfers observed.,0.506465626454,"Single inflow of 24K KZT; 0 further outgoing transfers observed. Priority drivers: high case-money inflow (24K KZT), 1 seeds within 2 hops.",1
100000001872484100,1,False,1,871400,13,3,514580,9,0.590521000689,False,1,1,0.00235830321197,5.94440554161e-07,0.546426211668,871400,1,peripheral,0.6,other,"Limited role evidence: 1 payers, 3 recipients, 871K KZT received in observed graph.",0.755335811785,"Limited role evidence: 1 payers, 3 recipients, 871K KZT received in observed graph. Priority drivers: high case-money inflow (871K KZT), 1 seeds within 2 hops.",55
100000001875167100,3,False,1,1000000,2,0,0,0,0,False,0,0,0.000316177994539,0,0,1195.3593757,0.0011953593757,terminal,1,,Money stops here in the observed graph: receives 1.0M KZT from 1 payers; no outgoing transfers were traced.,0.444951191085,"Money stops here in the observed graph: receives 1.0M KZT from 1 payers; no outgoing transfers were traced. Priority drivers: high case-money inflow (1K KZT), terminal role signals.",5
100000001875239100,3,False,3,712000,3,0,0,0,0,False,0,0,0.000332190292047,0,0,805.790158516,0.00113172775072,terminal,1,,Money stops here in the observed graph: receives 712K KZT from 3 payers; no outgoing transfers were traced.,0.444191071124,"Money stops here in the observed graph: receives 712K KZT from 3 payers; no outgoing transfers were traced. Priority drivers: high case-money inflow (806 KZT), high weighted network importance.",8
100000001884825100,3,False,3,495000,3,0,0,0,0,False,0,0,0.000338297237957,0,0,394.395754818,0.000796759100642,terminal,0.825,,Money stops here in the observed graph: receives 495K KZT from 3 payers; no outgoing transfers were traced.,0.425326275735,"Money stops here in the observed graph: receives 495K KZT from 3 payers; no outgoing transfers were traced. Priority drivers: high case-money inflow (394 KZT), high weighted network importance.",8
100000001887715100,3,False,3,1331500,4,1,750000,1,0.563274502441,False,0,0,0.00072648862601,2.25887410581e-05,1,112.488238715,8.44823422572e-05,peripheral,0.6,other,"Limited role evidence: 3 payers, 1 recipients, 1.3M KZT received in observed graph.",0.443030160639,"Limited role evidence: 3 payers, 1 recipients, 1.3M KZT received in observed graph. Priority drivers: high weighted network importance, strong bridge position.",17
100000001893287100,3,False,1,18000,3,1,152700,14,8.48333333333,False,0,0,0.000613755101261,0,0.377865094957,1477.32322506,0.00967467730886,peripheral,0.6,other,"Limited role evidence: 1 payers, 1 recipients, 18K KZT received in observed graph.",0.443859382414,"Limited role evidence: 1 payers, 1 recipients, 18K KZT received in observed graph. Priority drivers: high case-money inflow (1K KZT), high weighted network importance.",6
100000001899164100,1,False,4,291675,5,3,76500,3,0.262278220622,False,1,2,0.00116630477986,0.000126615838036,0,24810.8517907,0.0850633471868,peripheral,0.6,other,"Limited role evidence: 4 payers, 3 recipients, 292K KZT received in observed graph.",0.758963657052,"Limited role evidence: 4 payers, 3 recipients, 292K KZT received in observed graph. Priority drivers: high case-money inflow (25K KZT), 2 seeds within 2 hops.",10
100000001904863100,2,False,1,500000,1,0,0,0,0,False,0,1,0.000478239576152,0,0,13709.2602173,0.0274185204346,terminal,0.833333333333,,Money stops here in the observed graph: receives 500K KZT from 1 payers; no outgoing transfers were traced.,0.636501421194,"Money stops here in the observed graph: receives 500K KZT from 1 payers; no outgoing transfers were traced. Priority drivers: high case-money inflow (14K KZT), 1 seeds within 2 hops.",14
100000001924185100,1,False,2,151000,2,0,0,0,0,False,2,4,0.000308532109001,0,0,151000,1,terminal,0.5,,Money stops here in the observed graph: receives 151K KZT from 2 payers; no outgoing transfers were traced.,0.714471302016,"Money stops here in the observed graph: receives 151K KZT from 2 payers; no outgoing transfers were traced. Priority drivers: high case-money inflow (151K KZT), 4 seeds within 2 hops.",11
100000001927599100,3,False,2,188000,2,0,0,0,0,False,0,0,0.000325436371308,0,0,552.296282245,0.00293774618216,terminal,0.5,,Money stops here in the observed graph: receives 188K KZT from 2 payers; no outgoing transfers were traced.,0.431269031791,"Money stops here in the observed graph: receives 188K KZT from 2 payers; no outgoing transfers were traced. Priority drivers: high case-money inflow (552 KZT), high weighted network importance.",7
100000001929088100,1,False,2,396010,2,0,0,0,0,False,2,2,0.000315846529828,0,0,396010,1,terminal,0.660016666667,,Money stops here in the observed graph: receives 396K KZT from 2 payers; no outgoing transfers were traced.,0.724675336641,"Money stops here in the observed graph: receives 396K KZT from 2 payers; no outgoing transfers were traced. Priority drivers: high case-money inflow (396K KZT), 2 seeds within 2 hops.",6
100000001934935100,3,False,1,118935,1,0,0,0,0,False,0,0,0.000290688943494,0,0,100.671648303,0.00084644258043,peripheral,0.9,one_off_recipient,Single inflow of 119K KZT; 0 further outgoing transfers observed.,0.255349632148,"Single inflow of 119K KZT; 0 further outgoing transfers observed. Priority drivers: high case-money inflow (101 KZT), 0 seeds within 2 hops.",0
100000001937767100,1,False,1,53000,1,4,1933000,6,36.4716981132,False,1,1,0.000883277708358,5.66998905284e-05,0.0274185204346,53000,0.0274185204346,peripheral,0.6,other,"Limited role evidence: 1 payers, 4 recipients, 53K KZT received in observed graph.",0.735123531011,"Limited role evidence: 1 payers, 4 recipients, 53K KZT received in observed graph. Priority drivers: high case-money inflow (53K KZT), 1 seeds within 2 hops.",14
100000001952325100,1,False,1,77888,2,0,0,0,0,False,1,1,0.000300261977642,0,0,77888,1,peripheral,0.9,one_off_recipient,Single inflow of 78K KZT; 0 further outgoing transfers observed.,0.578055106394,"Single inflow of 78K KZT; 0 further outgoing transfers observed. Priority drivers: high case-money inflow (78K KZT), 1 seeds within 2 hops.",1
100000001953577100,1,False,1,15600,1,0,0,0,0,False,1,1,0.000287286890571,0,0,15600,1,peripheral,0.9,one_off_recipient,Single inflow of 16K KZT; 0 further outgoing transfers observed.,0.479308613311,"Single inflow of 16K KZT; 0 further outgoing transfers observed. Priority drivers: high case-money inflow (16K KZT), 1 seeds within 2 hops.",1
100000001954534100,3,False,1,13000,1,1,40000,1,3.07692307692,False,0,0,0.000364752655891,1.96165382873e-05,0,1256.46137492,0.031411534373,peripheral,0.6,other,"Limited role evidence: 1 payers, 1 recipients, 13K KZT received in observed graph.",0.47803022974,"Limited role evidence: 1 payers, 1 recipients, 13K KZT received in observed graph. Priority drivers: high case-money inflow (1K KZT), strong bridge position.",0
100000001954903100,2,False,1,27118,1,0,0,0,0,False,0,1,0.000296864467365,0,0,632.243132284,0.0233145192228,peripheral,0.9,one_off_recipient,Single inflow of 27K KZT; 0 further outgoing transfers observed.,0.434046924739,"Single inflow of 27K KZT; 0 further outgoing transfers observed. Priority drivers: 1 seeds within 2 hops, high case-money inflow (632 KZT).",7
100000001957974100,4,False,1,500000,1,0,0,0,0,True,0,0,0.000318407205188,0,0,51.9040277818,0.000103808055564,peripheral,0.9,cut_off_hop4,Outgoing transfers not observed: graph cut off at hop 4.,0.199447646162,"Outgoing transfers not observed: graph cut off at hop 4. Priority drivers: high weighted network importance, high case-money inflow (52 KZT).",14
100000001960517100,1,False,1,200000,1,0,0,0,0,False,1,2,0.000357188374514,0,0,200000,1,peripheral,0.9,one_off_recipient,Single inflow of 200K KZT; 0 further outgoing transfers observed.,0.673899323263,"Single inflow of 200K KZT; 0 further outgoing transfers observed. Priority drivers: high case-money inflow (200K KZT), 2 seeds within 2 hops.",6
100000001961048100,2,False,1,150000,1,0,0,0,0,False,0,1,0.000302605810919,0,0,247.502785723,0.00165001857149,peripheral,0.9,one_off_recipient,Single inflow of 150K KZT; 0 further outgoing transfers observed.,0.415389434793,"Single inflow of 150K KZT; 0 further outgoing transfers observed. Priority drivers: 1 seeds within 2 hops, high case-money inflow (248 KZT).",29
100000001965374100,2,False,2,1759720,8,3,3082100,5,1.75147182506,False,0,1,0.00127048215653,1.5851748111e-06,0.261510009409,93635.8810821,0.0303805460829,peripheral,0.6,other,"Limited role evidence: 2 payers, 3 recipients, 1.8M KZT received in observed graph.",0.730459158524,"Limited role evidence: 2 payers, 3 recipients, 1.8M KZT received in observed graph. Priority drivers: high case-money inflow (94K KZT), 1 seeds within 2 hops.",22
100000001969496100,3,False,1,22740,1,0,0,0,0,False,0,0,0.000290442787712,0,0,25.1427490606,0.00110566178807,peripheral,0.9,one_off_recipient,Single inflow of 23K KZT; 0 further outgoing transfers observed.,0.219623993993,"Single inflow of 23K KZT; 0 further outgoing transfers observed. Priority drivers: 0 seeds within 2 hops, strong bridge position.",14
100000001985793100,2,False,1,420000,1,0,0,0,0,False,0,1,0.000370555099578,0,0,35853.6585366,0.0853658536585,terminal,0.7,,Money stops here in the observed graph: receives 420K KZT from 1 payers; no outgoing transfers were traced.,0.656333641988,"Money stops here in the observed graph: receives 420K KZT from 1 payers; no outgoing transfers were traced. Priority drivers: high case-money inflow (36K KZT), 1 seeds within 2 hops.",26
100000001987030100,1,False,2,30864,2,1,19000,1,0.615603939865,False,1,2,0.000292277534574,5.70662931995e-05,0,7852.08434915,0.254409161131,peripheral,0.6,other,"Limited role evidence: 2 payers, 1 recipients, 31K KZT received in observed graph.",0.609358228414,"Limited role evidence: 2 payers, 1 recipients, 31K KZT received in observed graph. Priority drivers: high case-money inflow (8K KZT), 2 seeds within 2 hops.",15
100000001991973100,4,False,1,20800,1,0,0,0,0,True,0,0,0.00029509499882,0,0,1.00640678416,4.83849415461e-05,peripheral,0.9,cut_off_hop4,Outgoing transfers not observed: graph cut off at hop 4.,0.14009609759,"Outgoing transfers not observed: graph cut off at hop 4. Priority drivers: 0 seeds within 2 hops, strong bridge position.",7
100000002015633100,3,False,1,94970,1,0,0,0,0,False,0,0,0.000287089689252,0,0,113.52327991,0.0011953593757,peripheral,0.9,one_off_recipient,Single inflow of 95K KZT; 0 further outgoing transfers observed.,0.241252861967,"Single inflow of 95K KZT; 0 further outgoing transfers observed. Priority drivers: high case-money inflow (114 KZT), 0 seeds within 2 hops.",5
100000002028158100,2,False,1,34800,1,0,0,0,0,False,0,1,0.000295023131718,0,0,964.666864561,0.0277203122,peripheral,0.9,one_off_recipient,Single inflow of 35K KZT; 0 further outgoing transfers observed.,0.441786327976,"Single inflow of 35K KZT; 0 further outgoing transfers observed. Priority drivers: high case-money inflow (965 KZT), 1 seeds within 2 hops.",15
100000002032323100,3,False,1,300000,1,1,1050000,2,3.5,False,0,0,0.000401716462653,1.96165382873e-05,0.285714285714,1023.68281154,0.000974936010989,peripheral,0.6,other,"Limited role evidence: 1 payers, 1 recipients, 300K KZT received in observed graph.",0.480241487808,"Limited role evidence: 1 payers, 1 recipients, 300K KZT received in observed graph. Priority drivers: high case-money inflow (1K KZT), strong bridge position.",9
100000002087788100,2,False,1,100500,1,0,0,0,0,False,0,1,0.000654158397937,0,0,5600.26112767,0.0557239913201,peripheral,0.9,one_off_recipient,Single inflow of 100K KZT; 0 further outgoing transfers observed.,0.569624685011,"Single inflow of 100K KZT; 0 further outgoing transfers observed. Priority drivers: high case-money inflow (6K KZT), 1 seeds within 2 hops.",5
100000002095257100,3,False,1,8500,1,0,0,0,0,False,0,0,0.000394086230716,0,0,199.559740899,0.0234776165763,peripheral,0.9,one_off_recipient,Single inflow of 8K KZT; 0 further outgoing transfers observed.,0.353819717972,"Single inflow of 8K KZT; 0 further outgoing transfers observed. Priority drivers: high weighted network importance, high case-money inflow (200 KZT).",10
100000002103448100,3,False,1,27000,1,0,0,0,0,False,0,0,0.000288220507529,0,0,17.9417074113,0.0006645076819,peripheral,0.9,one_off_recipient,Single inflow of 27K KZT; 0 further outgoing transfers observed.,0.202866803949,"Single inflow of 27K KZT; 0 further outgoing transfers observed. Priority drivers: 0 seeds within 2 hops, strong bridge position.",1
100000002109656100,3,False,1,500000,1,0,0,0,0,False,0,0,0.000307682707388,0,0,160.372165988,0.000320744331976,terminal,0.833333333333,,Money stops here in the observed graph: receives 500K KZT from 1 payers; no outgoing transfers were traced.,0.370804944004,"Money stops here in the observed graph: receives 500K KZT from 1 payers; no outgoing transfers were traced. Priority drivers: high case-money inflow (160 KZT), terminal role signals.",13
100000002116705100,3,False,1,17600,1,0,0,0,0,False,0,0,0.000286764126763,0,0,11.6953352014,0.0006645076819,peripheral,0.9,one_off_recipient,Single inflow of 18K KZT; 0 further outgoing transfers observed.,0.182516319545,"Single inflow of 18K KZT; 0 further outgoing transfers observed. Priority drivers: 0 seeds within 2 hops, strong bridge position.",1
100000002119762100,4,False,1,77000,6,0,0,0,0,True,0,0,0.000526397846062,0,0,40.6422187003,0.000527821022082,peripheral,0.9,cut_off_hop4,Outgoing transfers not observed: graph cut off at hop 4.,0.223149568574,"Outgoing transfers not observed: graph cut off at hop 4. Priority drivers: high weighted network importance, 0 seeds within 2 hops.",5
100000002121357100,3,False,2,255300,2,1,113000,1,0.442616529573,False,0,0,0.000324477789946,2.15980068012e-05,0,93.1378064772,0.000364817103319,peripheral,0.6,other,"Limited role evidence: 2 payers, 1 recipients, 255K KZT received in observed graph.",0.379629245731,"Limited role evidence: 2 payers, 1 recipients, 255K KZT received in observed graph. Priority drivers: strong bridge position, high weighted network importance.",9
100000002126791100,4,False,1,1313000,3,0,0,0,0,True,0,0,0.000568334249985,0,0,1093.18124212,0.000832582819587,peripheral,0.9,cut_off_hop4,Outgoing transfers not observed: graph cut off at hop 4.,0.303784476047,"Outgoing transfers not observed: graph cut off at hop 4. Priority drivers: high case-money inflow (1K KZT), high weighted network importance.",8
100000002130400100,4,False,1,10000,1,0,0,0,0,True,0,0,0.000315777942856,0,0,664.739884149,0.0664739884149,peripheral,0.9,cut_off_hop4,Outgoing transfers not observed: graph cut off at hop 4.,0.256912715195,"Outgoing transfers not observed: graph cut off at hop 4. Priority drivers: high case-money inflow (665 KZT), high weighted network importance.",35
100000002132479100,2,False,1,30000,2,1,20000,1,0.666666666667,False,0,1,0.000601615251184,0,0,11811.7821497,0.393726071658,peripheral,0.6,other,"Limited role evidence: 1 payers, 1 recipients, 30K KZT received in observed graph.",0.588558582215,"Limited role evidence: 1 payers, 1 recipients, 30K KZT received in observed graph. Priority drivers: high case-money inflow (12K KZT), 1 seeds within 2 hops.",14
100000002152857100,1,False,1,105000,1,5,1230000,6,11.7142857143,False,1,1,0.000298086583784,0.000313468318894,0.585365853659,105000,0.0853658536585,peripheral,0.6,other,"Limited role evidence: 1 payers, 5 recipients, 105K KZT received in observed graph.",0.672793694229,"Limited role evidence: 1 payers, 5 recipients, 105K KZT received in observed graph. Priority drivers: high case-money inflow (105K KZT), 1 seeds within 2 hops.",26
100000002156381100,2,False,2,61000,7,1,21800,3,0.35737704918,False,0,1,0.00107441981387,4.24034261968e-05,0.229357798165,2607.22597711,0.0427414094608,peripheral,0.6,other,"Limited role evidence: 2 payers, 1 recipients, 61K KZT received in observed graph.",0.644669255681,"Limited role evidence: 2 payers, 1 recipients, 61K KZT received in observed graph. Priority drivers: high case-money inflow (3K KZT), 1 seeds within 2 hops.",11
100000002158488100,1,False,1,31723,1,0,0,0,0,False,1,1,0.000290645440032,0,0,31723,1,peripheral,0.9,one_off_recipient,Single inflow of 32K KZT; 0 further outgoing transfers observed.,0.523395571034,"Single inflow of 32K KZT; 0 further outgoing transfers observed. Priority drivers: high case-money inflow (32K KZT), 1 seeds within 2 hops.",1
100000002170580100,2,False,1,150000,1,0,0,0,0,False,0,1,0.000354989317224,0,0,3497.17788342,0.0233145192228,peripheral,0.9,one_off_recipient,Single inflow of 150K KZT; 0 further outgoing transfers observed.,0.519871378489,"Single inflow of 150K KZT; 0 further outgoing transfers observed. Priority drivers: high case-money inflow (3K KZT), 1 seeds within 2 hops.",7
100000002173070100,2,False,1,30000,1,0,0,0,0,False,0,2,0.00028897235259,0,0,6451.51321041,0.215050440347,peripheral,0.9,one_off_recipient,Single inflow of 30K KZT; 0 further outgoing transfers observed.,0.505809159215,"Single inflow of 30K KZT; 0 further outgoing transfers observed. Priority drivers: high case-money inflow (6K KZT), 2 seeds within 2 hops.",4
100000002173161100,1,False,3,1427500,5,0,0,0,0,False,1,1,0.000432887027652,0,0,870874.244838,0.61006952353,terminal,1,,Money stops here in the observed graph: receives 1.4M KZT from 3 payers; no outgoing transfers were traced.,0.71866347877,"Money stops here in the observed graph: receives 1.4M KZT from 3 payers; no outgoing transfers were traced. Priority drivers: high case-money inflow (871K KZT), 1 seeds within 2 hops.",4
100000002175422100,2,False,3,68500,5,6,1621188,14,23.6669781022,False,0,1,0.000839571608218,0.000158715627961,0.497282239938,7453.25665933,0.00459740428582,peripheral,0.6,other,"Limited role evidence: 3 payers, 6 recipients, 68K KZT received in observed graph.",0.674175730521,"Limited role evidence: 3 payers, 6 recipients, 68K KZT received in observed graph. Priority drivers: high case-money inflow (7K KZT), 1 seeds within 2 hops.",30
100000002182176100,1,False,1,42465,1,0,0,0,0,False,1,1,0.000291943764961,0,0,42465,1,peripheral,0.9,one_off_recipient,Single inflow of 42K KZT; 0 further outgoing transfers observed.,0.53845976662,"Single inflow of 42K KZT; 0 further outgoing transfers observed. Priority drivers: high case-money inflow (42K KZT), 1 seeds within 2 hops.",0
100000002184107100,3,False,1,6066,1,0,0,0,0,False,0,0,0.000288618202217,0,0,19.4472447301,0.00320594209201,peripheral,0.9,one_off_recipient,Single inflow of 6K KZT; 0 further outgoing transfers observed.,0.206529200123,"Single inflow of 6K KZT; 0 further outgoing transfers observed. Priority drivers: 0 seeds within 2 hops, strong bridge position.",33
100000002185328100,3,False,1,15000,1,4,55000,4,3.66666666667,False,0,0,0.000349792667742,6.16236707814e-05,0,1241.17214153,0.0225667662095,peripheral,0.6,other,"Limited role evidence: 1 payers, 4 recipients, 15K KZT received in observed graph.",0.484974962109,"Limited role evidence: 1 payers, 4 recipients, 15K KZT received in observed graph. Priority drivers: high case-money inflow (1K KZT), strong bridge position.",20
100000002188586100,4,False,1,38310,1,0,0,0,0,True,0,0,0.000298268916908,0,0,90.4335833056,0.00236057382682,peripheral,0.9,cut_off_hop4,Outgoing transfers not observed: graph cut off at hop 4.,0.191756614195,"Outgoing transfers not observed: graph cut off at hop 4. Priority drivers: high case-money inflow (90 KZT), 0 seeds within 2 hops.",7
100000002188829100,1,False,1,400000,1,0,0,0,0,False,1,2,0.000363483667974,0,0,400000,1,terminal,0.666666666667,,Money stops here in the observed graph: receives 400K KZT from 1 payers; no outgoing transfers were traced.,0.745198575581,"Money stops here in the observed graph: receives 400K KZT from 1 payers; no outgoing transfers were traced. Priority drivers: high case-money inflow (400K KZT), 2 seeds within 2 hops.",2
100000002193259100,2,False,2,48000,2,3,58000,3,1.20833333333,False,0,1,0.000883437892912,6.43977267008e-05,0.689655172414,1363.4686789,0.0235080806707,peripheral,0.6,other,"Limited role evidence: 2 payers, 3 recipients, 48K KZT received in observed graph.",0.631401707275,"Limited role evidence: 2 payers, 3 recipients, 48K KZT received in observed graph. Priority drivers: high case-money inflow (1K KZT), 1 seeds within 2 hops.",10
100000002194320100,4,False,1,275000,1,0,0,0,0,True,0,0,0.000483569412038,0,0,311.91514484,0.00113423689033,peripheral,0.9,cut_off_hop4,Outgoing transfers not observed: graph cut off at hop 4.,0.26658696924,"Outgoing transfers not observed: graph cut off at hop 4. Priority drivers: high case-money inflow (312 KZT), high weighted network importance.",15
100000002194329100,3,False,1,25170,1,0,0,0,0,False,0,0,0.000285444964446,0,0,21.3049597494,0.00084644258043,peripheral,0.9,one_off_recipient,Single inflow of 25K KZT; 0 further outgoing transfers observed.,0.188113566529,"Single inflow of 25K KZT; 0 further outgoing transfers observed. Priority drivers: 0 seeds within 2 hops, strong bridge position.",0
100000002199091100,2,False,1,65000,1,0,0,0,0,False,0,1,0.000305947041272,0,0,1117.02567364,0.0171850103637,peripheral,0.9,one_off_recipient,Single inflow of 65K KZT; 0 further outgoing transfers observed.,0.46611016672,"Single inflow of 65K KZT; 0 further outgoing transfers observed. Priority drivers: high case-money inflow (1K KZT), 1 seeds within 2 hops.",1
100000002205022100,2,False,1,7100,1,3,518000,3,72.9577464789,False,0,1,0.000542351335736,5.45124004483e-05,0.011583011583,7100,0.0137065637066,peripheral,0.6,other,"Limited role evidence: 1 payers, 3 recipients, 7K KZT received in observed graph.",0.649920993592,"Limited role evidence: 1 payers, 3 recipients, 7K KZT received in observed graph. Priority drivers: high case-money inflow (7K KZT), 1 seeds within 2 hops.",54
100000002208836100,4,False,1,90000,1,0,0,0,0,True,0,0,0.000327985912129,0,0,103.557295459,0.00115063661621,peripheral,0.9,cut_off_hop4,Outgoing transfers not observed: graph cut off at hop 4.,0.216087363121,"Outgoing transfers not observed: graph cut off at hop 4. Priority drivers: high weighted network importance, high case-money inflow (104 KZT).",5
100000002211413100,1,False,1,37000,1,0,0,0,0,False,1,1,0.00029174468121,0,0,37000,1,peripheral,0.9,one_off_recipient,Single inflow of 37K KZT; 0 further outgoing transfers observed.,0.533277130524,"Single inflow of 37K KZT; 0 further outgoing transfers observed. Priority drivers: high case-money inflow (37K KZT), 1 seeds within 2 hops.",1
100000002212494100,3,False,1,160000,1,0,0,0,0,False,0,0,0.000354468191674,0,0,735.584685668,0.00459740428543,peripheral,0.9,one_off_recipient,Single inflow of 160K KZT; 0 further outgoing transfers observed.,0.387679607133,"Single inflow of 160K KZT; 0 further outgoing transfers observed. Priority drivers: high case-money inflow (736 KZT), high weighted network importance.",30
100000002214207100,4,False,1,97000,1,0,0,0,0,True,0,0,0.000686018036519,0,0,10104.0462391,0.104165425145,peripheral,0.9,cut_off_hop4,Outgoing transfers not observed: graph cut off at hop 4.,0.344996798283,"Outgoing transfers not observed: graph cut off at hop 4. Priority drivers: high case-money inflow (10K KZT), high weighted network importance.",35
100000002214301100,1,False,1,21438,1,1,8000,1,0.373169138912,False,1,1,0.00028802878723,9.61012229227e-05,0,21438,1,peripheral,0.6,other,"Limited role evidence: 1 payers, 1 recipients, 21K KZT received in observed graph.",0.583375946119,"Limited role evidence: 1 payers, 1 recipients, 21K KZT received in observed graph. Priority drivers: high case-money inflow (21K KZT), 1 seeds within 2 hops.",0
100000002214383100,4,False,1,213000,1,0,0,0,0,True,0,0,0.000527734116485,0,0,11.4295321287,5.36597752521e-05,peripheral,0.9,cut_off_hop4,Outgoing transfers not observed: graph cut off at hop 4.,0.203946174293,"Outgoing transfers not observed: graph cut off at hop 4. Priority drivers: high weighted network importance, 0 seeds within 2 hops.",1
100000002214570100,1,False,1,26471,1,0,0,0,0,False,1,1,0.000289551406554,0,0,26471,1,peripheral,0.9,one_off_recipient,Single inflow of 26K KZT; 0 further outgoing transfers observed.,0.513652215174,"Single inflow of 26K KZT; 0 further outgoing transfers observed. Priority drivers: high case-money inflow (26K KZT), 1 seeds within 2 hops.",1
100000002214664100,3,False,1,7950,1,1,76950,2,9.67924528302,False,0,0,0.000285269012466,1.38702795971e-06,1,5.28283607111,6.86528404303e-05,peripheral,0.6,other,"Limited role evidence: 1 payers, 1 recipients, 8K KZT received in observed graph.",0.22363189924,"Limited role evidence: 1 payers, 1 recipients, 8K KZT received in observed graph. Priority drivers: strong bridge position, 0 seeds within 2 hops.",1
100000002216999100,3,False,1,23677,1,0,0,0,0,False,0,0,0.000287705661435,0,0,15.7335483844,0.0006645076819,peripheral,0.9,one_off_recipient,Single inflow of 24K KZT; 0 further outgoing transfers observed.,0.195092849805,"Single inflow of 24K KZT; 0 further outgoing transfers observed. Priority drivers: 0 seeds within 2 hops, strong bridge position.",1
100000002217161100,2,False,2,404750,15,7,995132,19,2.45863372452,False,0,1,0.00088412096999,0.000155148984636,0.949755409333,3190.51622052,0.00320612363035,peripheral,0.6,other,"Limited role evidence: 2 payers, 7 recipients, 405K KZT received in observed graph.",0.654896324244,"Limited role evidence: 2 payers, 7 recipients, 405K KZT received in observed graph. Priority drivers: high case-money inflow (3K KZT), 1 seeds within 2 hops.",33
100000002217806100,4,False,1,55000,2,0,0,0,0,True,0,0,0.000460932076986,0,0,755.571701721,0.013737667304,peripheral,0.9,cut_off_hop4,Outgoing transfers not observed: graph cut off at hop 4.,0.284048997793,"Outgoing transfers not observed: graph cut off at hop 4. Priority drivers: high case-money inflow (756 KZT), high weighted network importance.",36
100000002224132100,2,False,5,3951020,10,4,12115000,25,3.06629680437,False,0,1,0.00633844658545,6.24162581869e-06,0.726784977301,181058.730122,0.0149450045499,consolidator,0.5,,"Signs of consolidation: receives from 5 payers (1 seeds within 2 hops), 4.0M KZT in, forwards 307%.",0.91532724316,"Signs of consolidation: receives from 5 payers (1 seeds within 2 hops), 4.0M KZT in, forwards 307%. Priority drivers: high case-money inflow (181K KZT), consolidator role signals.",22
100000002227960100,4,False,1,10000,1,0,0,0,0,True,0,0,0.000297794682361,0,0,146.884196082,0.0146884196082,peripheral,0.9,cut_off_hop4,Outgoing transfers not observed: graph cut off at hop 4.,0.203535018496,"Outgoing transfers not observed: graph cut off at hop 4. Priority drivers: high case-money inflow (147 KZT), 0 seeds within 2 hops.",20
100000002227989100,4,False,1,20000,1,0,0,0,0,True,0,0,0.000392155019921,0,0,451.335075232,0.0225667537616,peripheral,0.9,cut_off_hop4,Outgoing transfers not observed: graph cut off at hop 4.,0.267941364807,"Outgoing transfers not observed: graph cut off at hop 4. Priority drivers: high case-money inflow (451 KZT), high weighted network importance.",20
100000002229615100,4,False,1,25000,1,0,0,0,0,True,0,0,0.000713772571933,0,0,1343.96390249,0.0537585560996,peripheral,0.9,cut_off_hop4,Outgoing transfers not observed: graph cut off at hop 4.,0.312152705797,"Outgoing transfers not observed: graph cut off at hop 4. Priority drivers: high case-money inflow (1K KZT), high weighted network importance.",20
100000002231144100,4,False,1,15000,1,0,0,0,0,True,0,0,0.000365125586486,0,0,338.501306424,0.0225667537616,peripheral,0.9,cut_off_hop4,Outgoing transfers not observed: graph cut off at hop 4.,0.256961086465,"Outgoing transfers not observed: graph cut off at hop 4. Priority drivers: high case-money inflow (339 KZT), high weighted network importance.",20
100000002232266100,3,False,1,45000,1,0,0,0,0,False,0,0,0.000293120799249,0,0,299.317657603,0.00665150350229,peripheral,0.9,one_off_recipient,Single inflow of 45K KZT; 0 further outgoing transfers observed.,0.306070364074,"Single inflow of 45K KZT; 0 further outgoing transfers observed. Priority drivers: high case-money inflow (299 KZT), 0 seeds within 2 hops.",3
100000002236528100,3,False,1,66000,1,0,0,0,0,False,0,0,0.00030555125867,0,0,172.043563535,0.00260672065963,peripheral,0.9,one_off_recipient,Single inflow of 66K KZT; 0 further outgoing transfers observed.,0.309387251176,"Single inflow of 66K KZT; 0 further outgoing transfers observed. Priority drivers: high case-money inflow (172 KZT), high weighted network importance.",6
100000002241986100,3,False,1,280000,1,6,3077000,12,10.9892857143,False,0,0,0.00029303668452,0.000115321467507,0,334.700625196,0.000108774983814,peripheral,0.6,other,"Limited role evidence: 1 payers, 6 recipients, 280K KZT received in observed graph.",0.398286735676,"Limited role evidence: 1 payers, 6 recipients, 280K KZT received in observed graph. Priority drivers: strong bridge position, high case-money inflow (335 KZT).",37
100000002242066100,4,False,1,60000,1,0,0,0,0,True,0,0,0.000530604197045,0,0,25.647535435,0.000427458923917,peripheral,0.9,cut_off_hop4,Outgoing transfers not observed: graph cut off at hop 4.,0.217683615038,"Outgoing transfers not observed: graph cut off at hop 4. Priority drivers: high weighted network importance, 0 seeds within 2 hops.",33
100000002242455100,4,False,1,110000,1,0,0,0,0,True,0,0,0.000529020527866,0,0,131.489531089,0.00119535937354,peripheral,0.9,cut_off_hop4,Outgoing transfers not observed: graph cut off at hop 4.,0.248496114175,"Outgoing transfers not observed: graph cut off at hop 4. Priority drivers: high weighted network importance, high case-money inflow (131 KZT).",5
100000002243354100,1,False,1,20879,1,0,0,0,0,False,1,1,0.000288386548364,0,0,20879,1,peripheral,0.9,one_off_recipient,Single inflow of 21K KZT; 0 further outgoing transfers observed.,0.496722270593,"Single inflow of 21K KZT; 0 further outgoing transfers observed. Priority drivers: high case-money inflow (21K KZT), 1 seeds within 2 hops.",1
100000002255058100,3,False,1,491500,2,0,0,0,0,False,0,0,0.000423611716498,0,0,4357.02818212,0.00886475723728,terminal,0.819166666667,,Money stops here in the observed graph: receives 492K KZT from 1 payers; no outgoing transfers were traced.,0.503411326248,"Money stops here in the observed graph: receives 492K KZT from 1 payers; no outgoing transfers were traced. Priority drivers: high case-money inflow (4K KZT), high weighted network importance.",2
100000002257794100,3,False,1,154000,1,0,0,0,0,False,0,0,0.000854506298965,0,0,744.068569034,0.00483161408463,peripheral,0.9,one_off_recipient,Single inflow of 154K KZT; 0 further outgoing transfers observed.,0.434323331997,"Single inflow of 154K KZT; 0 further outgoing transfers observed. Priority drivers: high case-money inflow (744 KZT), high weighted network importance.",23
100000002258492100,4,False,1,9000,1,0,0,0,0,True,0,0,0.000536913667515,0,0,422.100856408,0.0469000951565,peripheral,0.9,cut_off_hop4,Outgoing transfers not observed: graph cut off at hop 4.,0.280832308323,"Outgoing transfers not observed: graph cut off at hop 4. Priority drivers: high case-money inflow (422 KZT), high weighted network importance.",19
100000002267998100,2,False,2,420000,4,3,1115000,12,2.65476190476,False,0,1,0.00159031756587,5.8849614862e-05,0.735426008969,54048.1031037,0.0484736350706,peripheral,0.6,other,"Limited role evidence: 2 payers, 3 recipients, 420K KZT received in observed graph.",0.742206467008,"Limited role evidence: 2 payers, 3 recipients, 420K KZT received in observed graph. Priority drivers: high case-money inflow (54K KZT), 1 seeds within 2 hops.",21
100000002284426100,3,False,1,90000,2,0,0,0,0,False,0,0,0.000286929949932,0,0,107.582343813,0.0011953593757,peripheral,0.9,one_off_recipient,Single inflow of 90K KZT; 0 further outgoing transfers observed.,0.236692142202,"Single inflow of 90K KZT; 0 further outgoing transfers observed. Priority drivers: high case-money inflow (108 KZT), 0 seeds within 2 hops.",5
100000002289937100,1,False,1,20000,1,0,0,0,0,False,1,1,0.000288203445655,0,0,20000,1,peripheral,0.9,one_off_recipient,Single inflow of 20K KZT; 0 further outgoing transfers observed.,0.494096401638,"Single inflow of 20K KZT; 0 further outgoing transfers observed. Priority drivers: high case-money inflow (20K KZT), 1 seeds within 2 hops.",1
100000002293421100,2,False,2,41000,6,2,47000,5,1.14634146341,False,0,1,0.000966990520084,1.96165382873e-05,0.31914893617,34928.7185597,0.743164224674,transit,0.634146341463,,Pass-through hypothesis: forwards 115% of 41K KZT received; 32% forwarded within 2 days.,0.812897623358,"Pass-through hypothesis: forwards 115% of 41K KZT received; 32% forwarded within 2 days. Priority drivers: high case-money inflow (35K KZT), 1 seeds within 2 hops.",0
100000002299948100,2,False,1,6750,1,0,0,0,0,False,0,1,0.000291431590962,0,0,1005.09927277,0.148903595966,peripheral,0.9,one_off_recipient,Single inflow of 7K KZT; 0 further outgoing transfers observed.,0.432042972115,"Single inflow of 7K KZT; 0 further outgoing transfers observed. Priority drivers: high case-money inflow (1K KZT), 1 seeds within 2 hops.",31
100000002301828100,3,False,1,46977,1,0,0,0,0,False,0,0,0.000291377470603,0,0,115.508312308,0.00245882692186,peripheral,0.9,one_off_recipient,Single inflow of 47K KZT; 0 further outgoing transfers observed.,0.263987358975,"Single inflow of 47K KZT; 0 further outgoing transfers observed. Priority drivers: high case-money inflow (116 KZT), 0 seeds within 2 hops.",16
100000002304943100,4,False,1,15000,1,0,0,0,0,True,0,0,0.000304673380451,0,0,220.326294122,0.0146884196082,peripheral,0.9,cut_off_hop4,Outgoing transfers not observed: graph cut off at hop 4.,0.221795173008,"Outgoing transfers not observed: graph cut off at hop 4. Priority drivers: high case-money inflow (220 KZT), high weighted network importance.",20
100000002305007100,3,False,1,56000,1,0,0,0,0,False,0,0,0.000292713597126,0,0,37.2124301864,0.0006645076819,peripheral,0.9,one_off_recipient,Single inflow of 56K KZT; 0 further outgoing transfers observed.,0.237866873051,"Single inflow of 56K KZT; 0 further outgoing transfers observed. Priority drivers: 0 seeds within 2 hops, strong bridge position.",1
100000002305477100,4,False,1,20000,1,0,0,0,0,True,0,0,0.000311552078542,0,0,293.768392163,0.0146884196082,peripheral,0.9,cut_off_hop4,Outgoing transfers not observed: graph cut off at hop 4.,0.235484242483,"Outgoing transfers not observed: graph cut off at hop 4. Priority drivers: high case-money inflow (294 KZT), high weighted network importance.",20
100000002306369100,1,False,1,73166,1,6,260900,9,3.56586392587,False,1,1,0.000297659926626,7.02515222385e-05,0,73166,0.280436949023,peripheral,0.6,other,"Limited role evidence: 1 payers, 6 recipients, 73K KZT received in observed graph.",0.65558734239,"Limited role evidence: 1 payers, 6 recipients, 73K KZT received in observed graph. Priority drivers: high case-money inflow (73K KZT), 1 seeds within 2 hops.",2
100000002308091100,3,False,1,186720,1,0,0,0,0,False,0,0,0.000557718281512,0,0,1965.32719949,0.0105255312741,peripheral,0.9,one_off_recipient,Single inflow of 187K KZT; 0 further outgoing transfers observed.,0.446070640482,"Single inflow of 187K KZT; 0 further outgoing transfers observed. Priority drivers: high case-money inflow (2K KZT), high weighted network importance.",13
100000002320495100,4,False,1,13526.27,1,0,0,0,0,True,0,0,0.000532242923889,0,0,50.8564623069,0.00375982900732,peripheral,0.9,cut_off_hop4,Outgoing transfers not observed: graph cut off at hop 4.,0.229292719893,"Outgoing transfers not observed: graph cut off at hop 4. Priority drivers: high weighted network importance, high case-money inflow (51 KZT).",16
100000002324543100,1,False,1,30202,1,0,0,0,0,False,1,1,0.000287259621731,0,0,30202,1,peripheral,0.9,one_off_recipient,Single inflow of 30K KZT; 0 further outgoing transfers observed.,0.503701553869,"Single inflow of 30K KZT; 0 further outgoing transfers observed. Priority drivers: high case-money inflow (30K KZT), 1 seeds within 2 hops.",8
100000002335358100,2,False,1,140000,2,0,0,0,0,False,0,1,0.000608515677333,0,0,139987.120357,0.999908002551,peripheral,0.9,one_off_recipient,Single inflow of 140K KZT; 0 further outgoing transfers observed.,0.663603152885,"Single inflow of 140K KZT; 0 further outgoing transfers observed. Priority drivers: high case-money inflow (140K KZT), 1 seeds within 2 hops.",4
100000002340562100,2,False,1,36650,2,0,0,0,0,False,0,1,0.000527721615468,0,0,36650,1,peripheral,0.9,one_off_recipient,Single inflow of 37K KZT; 0 further outgoing transfers observed.,0.616268409875,"Single inflow of 37K KZT; 0 further outgoing transfers observed. Priority drivers: high case-money inflow (37K KZT), 1 seeds within 2 hops.",6
100000002343825100,3,False,3,350000,4,2,89800,2,0.256571428571,False,0,0,0.000331828201499,4.27997198996e-05,0.556792873051,319.329106454,0.000912368875584,peripheral,0.6,other,"Limited role evidence: 3 payers, 2 recipients, 350K KZT received in observed graph.",0.435809021012,"Limited role evidence: 3 payers, 2 recipients, 350K KZT received in observed graph. Priority drivers: strong bridge position, high case-money inflow (319 KZT).",9
100000002346166100,3,False,1,6000,1,0,0,0,0,False,0,0,0.000284966890924,0,0,3.9870460914,0.0006645076819,peripheral,0.9,one_off_recipient,Single inflow of 6K KZT; 0 further outgoing transfers observed.,0.159021702577,"Single inflow of 6K KZT; 0 further outgoing transfers observed. Priority drivers: 0 seeds within 2 hops, strong bridge position.",1
100000002356167100,3,False,1,300000,1,2,29500,3,0.0983333333333,False,0,0,0.000293679498687,3.84404891691e-05,0.186440677966,358.60781271,0.0011953593757,terminal,0.5,,Possible holding point: receives 300K KZT from 1 payers; observed onward flow is 10%.,0.456007481423,"Possible holding point: receives 300K KZT from 1 payers; observed onward flow is 10%. Priority drivers: strong bridge position, high case-money inflow (359 KZT).",5
100000002369443100,3,False,1,50000,1,0,0,0,0,False,0,0,0.000291783992382,0,0,33.225384095,0.0006645076819,peripheral,0.9,one_off_recipient,Single inflow of 50K KZT; 0 further outgoing transfers observed.,0.230749386146,"Single inflow of 50K KZT; 0 further outgoing transfers observed. Priority drivers: 0 seeds within 2 hops, strong bridge position.",1
100000002369454100,4,False,1,25000,1,0,0,0,0,True,0,0,0.000426347530009,0,0,166.28758748,0.00665150349918,peripheral,0.9,cut_off_hop4,Outgoing transfers not observed: graph cut off at hop 4.,0.245231053434,"Outgoing transfers not observed: graph cut off at hop 4. Priority drivers: high weighted network importance, high case-money inflow (166 KZT).",3
100000002369510100,3,False,1,37150,1,0,0,0,0,False,0,0,0.000289793088888,0,0,24.6864603826,0.0006645076819,peripheral,0.9,one_off_recipient,Single inflow of 37K KZT; 0 further outgoing transfers observed.,0.216756268686,"Single inflow of 37K KZT; 0 further outgoing transfers observed. Priority drivers: 0 seeds within 2 hops, strong bridge position.",1
100000002369874100,3,False,4,600000,4,0,0,0,0,False,0,0,0.000335531077816,0,0,1019.44165217,0.00169906942029,terminal,1,,Money stops here in the observed graph: receives 600K KZT from 4 payers; no outgoing transfers were traced.,0.451584965288,"Money stops here in the observed graph: receives 600K KZT from 4 payers; no outgoing transfers were traced. Priority drivers: high case-money inflow (1K KZT), high weighted network importance.",8
100000002371751100,1,False,1,200000,5,1,250000,1,1.25,False,1,1,0.000525468979589,1.98146851387e-07,1,200000,0.8,peripheral,0.6,other,"Limited role evidence: 1 payers, 1 recipients, 200K KZT received in observed graph.",0.711214303154,"Limited role evidence: 1 payers, 1 recipients, 200K KZT received in observed graph. Priority drivers: high case-money inflow (200K KZT), 1 seeds within 2 hops.",60
100000002371892100,4,False,1,43830,1,0,0,0,0,True,0,0,0.000304859452512,0,0,62.0868369519,0.00141653746183,peripheral,0.9,cut_off_hop4,Outgoing transfers not observed: graph cut off at hop 4.,0.193014267221,"Outgoing transfers not observed: graph cut off at hop 4. Priority drivers: high case-money inflow (62 KZT), high weighted network importance.",50
100000002373144100,3,False,1,46468,1,1,10764,1,0.231643281398,False,0,0,0.000288126823466,1.92202445845e-05,0,225.367966506,0.00484996054288,peripheral,0.6,other,"Limited role evidence: 1 payers, 1 recipients, 46K KZT received in observed graph.",0.342763427634,"Limited role evidence: 1 payers, 1 recipients, 46K KZT received in observed graph. Priority drivers: strong bridge position, high case-money inflow (225 KZT).",0
100000002373386100,3,False,1,24000,1,0,0,0,0,False,0,0,0.000287755705157,0,0,15.9481843656,0.0006645076819,peripheral,0.9,one_off_recipient,Single inflow of 24K KZT; 0 further outgoing transfers observed.,0.195507460693,"Single inflow of 24K KZT; 0 further outgoing transfers observed. Priority drivers: 0 seeds within 2 hops, strong bridge position.",1
100000002380341100,3,False,1,57566.4,1,0,0,0,0,False,0,0,0.000307431284497,0,0,45.0654446379,0.000782842849959,peripheral,0.9,one_off_recipient,Single inflow of 58K KZT; 0 further outgoing transfers observed.,0.269515504144,"Single inflow of 58K KZT; 0 further outgoing transfers observed. Priority drivers: high weighted network importance, high case-money inflow (45 KZT).",0
100000002391278100,3,False,1,30000,5,1,52700,2,1.75666666667,False,0,0,0.00039632653347,0,1,1928.10653111,0.0365864616909,peripheral,0.6,other,"Limited role evidence: 1 payers, 1 recipients, 30K KZT received in observed graph.",0.420779376333,"Limited role evidence: 1 payers, 1 recipients, 30K KZT received in observed graph. Priority drivers: high case-money inflow (2K KZT), high weighted network importance.",26
100000002394199100,3,False,1,277398,3,1,76777,1,0.276775607611,False,0,0,0.00316009843267,0,1,61093.8230162,0.220238873446,peripheral,0.6,other,"Limited role evidence: 1 payers, 1 recipients, 277K KZT received in observed graph.",0.568242648719,"Limited role evidence: 1 payers, 1 recipients, 277K KZT received in observed graph. Priority drivers: high case-money inflow (61K KZT), high weighted network importance.",6
100000002398779100,2,False,13,1095690,28,1,66000,3,0.0602360156614,False,0,2,0.00158967823118,1.27804719145e-05,1,30411.3659986,0.0277554472512,consolidator,1,,"Signs of consolidation: receives from 13 payers (2 seeds within 2 hops), 1.1M KZT in, forwards 6%.",0.910697421581,"Signs of consolidation: receives from 13 payers (2 seeds within 2 hops), 1.1M KZT in, forwards 6%. Priority drivers: high case-money inflow (30K KZT), 2 seeds within 2 hops.",0
100000002404112100,4,False,1,60000,1,0,0,0,0,True,0,0,0.000328164171581,0,0,19.3630863904,0.000322718106507,peripheral,0.9,cut_off_hop4,Outgoing transfers not observed: graph cut off at hop 4.,0.187886912577,"Outgoing transfers not observed: graph cut off at hop 4. Priority drivers: high weighted network importance, 0 seeds within 2 hops.",25
100000002432143100,2,False,1,81310,1,0,0,0,0,False,0,1,0.000333345754044,0,0,12113.3553156,0.148977435931,peripheral,0.9,one_off_recipient,Single inflow of 81K KZT; 0 further outgoing transfers observed.,0.54384970816,"Single inflow of 81K KZT; 0 further outgoing transfers observed. Priority drivers: high case-money inflow (12K KZT), 1 seeds within 2 hops.",2
100000002433697100,3,False,1,130000,1,1,110000,1,0.846153846154,False,0,0,0.000288215578266,1.92202445845e-05,1,155.396718841,0.0011953593757,transit,0.615384615385,,Pass-through hypothesis: forwards 85% of 130K KZT received; 100% forwarded within 2 days.,0.432803092076,"Pass-through hypothesis: forwards 85% of 130K KZT received; 100% forwarded within 2 days. Priority drivers: strong bridge position, transit role signals.",5
100000002435265100,3,False,1,132628,3,0,0,0,0,False,0,0,0.000291454749553,0,0,112.261986557,0.00084644258043,peripheral,0.9,one_off_recipient,Single inflow of 133K KZT; 0 further outgoing transfers observed.,0.263296340829,"Single inflow of 133K KZT; 0 further outgoing transfers observed. Priority drivers: high case-money inflow (112 KZT), 0 seeds within 2 hops.",0
100000002443664100,2,False,3,556880,3,0,0,0,0,False,0,1,0.000336888881102,0,0,8869.87207115,0.015927797858,terminal,0.928133333333,,Money stops here in the observed graph: receives 557K KZT from 3 payers; no outgoing transfers were traced.,0.598219015898,"Money stops here in the observed graph: receives 557K KZT from 3 payers; no outgoing transfers were traced. Priority drivers: high case-money inflow (9K KZT), 1 seeds within 2 hops.",13
100000002445750100,2,False,1,70000,1,1,10000,1,0.142857142857,False,0,1,0.000534091663952,1.94183914359e-05,0,46943.8583129,0.670626547327,peripheral,0.6,other,"Limited role evidence: 1 payers, 1 recipients, 70K KZT received in observed graph.",0.69984705465,"Limited role evidence: 1 payers, 1 recipients, 70K KZT received in observed graph. Priority drivers: high case-money inflow (47K KZT), 1 seeds within 2 hops.",0
100000002448088100,3,False,3,20000,3,1,25000,1,1.25,False,0,0,0.000505570924047,2.08054193956e-05,1,1343.96426059,0.0537585704236,peripheral,0.6,other,"Limited role evidence: 3 payers, 1 recipients, 20K KZT received in observed graph.",0.500246463139,"Limited role evidence: 3 payers, 1 recipients, 20K KZT received in observed graph. Priority drivers: high case-money inflow (1K KZT), strong bridge position.",20
100000002454724100,2,False,1,125000,3,0,0,0,0,False,0,1,0.000299511056796,0,0,206.252321436,0.00165001857149,peripheral,0.9,one_off_recipient,Single inflow of 125K KZT; 0 further outgoing transfers observed.,0.403020209977,"Single inflow of 125K KZT; 0 further outgoing transfers observed. Priority drivers: 1 seeds within 2 hops, high case-money inflow (206 KZT).",29
100000002457464100,2,False,1,66647,1,0,0,0,0,False,0,1,0.000320396212959,0,0,9049.80205777,0.135787088057,peripheral,0.9,one_off_recipient,Single inflow of 67K KZT; 0 further outgoing transfers observed.,0.529200123462,"Single inflow of 67K KZT; 0 further outgoing transfers observed. Priority drivers: high case-money inflow (9K KZT), 1 seeds within 2 hops.",2
100000002459093100,2,False,1,500000,2,1,55000,3,0.11,False,0,1,0.000387034683083,1.18888110832e-06,0,42682.9268293,0.0853658536585,terminal,0.833333333333,,Possible holding point: receives 500K KZT from 1 payers; observed onward flow is 11%.,0.726748391079,"Possible holding point: receives 500K KZT from 1 payers; observed onward flow is 11%. Priority drivers: high case-money inflow (43K KZT), 1 seeds within 2 hops.",26
100000002459163100,2,False,1,20180,1,0,0,0,0,False,0,1,0.000362648921195,0,0,20180,1,peripheral,0.9,one_off_recipient,Single inflow of 20K KZT; 0 further outgoing transfers observed.,0.571421332191,"Single inflow of 20K KZT; 0 further outgoing transfers observed. Priority drivers: high case-money inflow (20K KZT), 1 seeds within 2 hops.",55
100000002459164100,3,False,1,20000,1,0,0,0,0,False,0,0,0.000538602040405,0,0,779.775255839,0.038988762792,peripheral,0.9,one_off_recipient,Single inflow of 20K KZT; 0 further outgoing transfers observed.,0.420019256372,"Single inflow of 20K KZT; 0 further outgoing transfers observed. Priority drivers: high case-money inflow (780 KZT), high weighted network importance.",0
100000002459240100,3,False,1,150000,1,0,0,0,0,False,0,0,0.000288858392433,0,0,179.303906355,0.0011953593757,peripheral,0.9,one_off_recipient,Single inflow of 150K KZT; 0 further outgoing transfers observed.,0.269031791442,"Single inflow of 150K KZT; 0 further outgoing transfers observed. Priority drivers: high case-money inflow (179 KZT), 0 seeds within 2 hops.",5
100000002459832100,3,False,2,880606,2,0,0,0,0,False,0,0,0.000390855222717,0,0,1753.56043275,0.00199131102076,terminal,1,,Money stops here in the observed graph: receives 881K KZT from 2 payers; no outgoing transfers were traced.,0.479847607465,"Money stops here in the observed graph: receives 881K KZT from 2 payers; no outgoing transfers were traced. Priority drivers: high case-money inflow (2K KZT), high weighted network importance.",3
100000002462183100,1,False,1,107500,3,0,0,0,0,False,1,1,0.000378112379213,0,0,107500,1,peripheral,0.9,one_off_recipient,Single inflow of 108K KZT; 0 further outgoing transfers observed.,0.627324700213,"Single inflow of 108K KZT; 0 further outgoing transfers observed. Priority drivers: high case-money inflow (108K KZT), 1 seeds within 2 hops.",43
100000002469065100,2,False,1,200000,1,0,0,0,0,False,0,2,0.000316937728912,0,0,43010.0880694,0.215050440347,peripheral,0.9,one_off_recipient,Single inflow of 200K KZT; 0 further outgoing transfers observed.,0.62248757319,"Single inflow of 200K KZT; 0 further outgoing transfers observed. Priority drivers: high case-money inflow (43K KZT), 2 seeds within 2 hops.",4
100000002472632100,3,False,2,502400,3,1,20000,1,0.0398089171975,False,0,0,0.000978855509766,2.00128319901e-05,0,6020.98891414,0.0119844524565,terminal,0.837333333333,,Possible holding point: receives 502K KZT from 2 payers; observed onward flow is 4%.,0.620158842038,"Possible holding point: receives 502K KZT from 2 payers; observed onward flow is 4%. Priority drivers: high case-money inflow (6K KZT), high weighted network importance.",24
100000002474570100,4,False,1,6750,1,0,0,0,0,True,0,0,0.00028762572658,0,0,0.326598355436,4.83849415461e-05,peripheral,0.9,cut_off_hop4,Outgoing transfers not observed: graph cut off at hop 4.,0.115765348665,"Outgoing transfers not observed: graph cut off at hop 4. Priority drivers: 0 seeds within 2 hops, strong bridge position.",7
100000002475601100,3,False,1,232301,1,0,0,0,0,False,0,0,0.000300466632456,0,0,501.0033536,0.00215669908266,peripheral,0.9,one_off_recipient,Single inflow of 232K KZT; 0 further outgoing transfers observed.,0.340206660494,"Single inflow of 232K KZT; 0 further outgoing transfers observed. Priority drivers: high case-money inflow (501 KZT), high weighted network importance.",3
100000002478829100,4,False,1,34000,1,0,0,0,0,True,0,0,0.000385072504619,0,0,292.702760439,0.0086089047188,peripheral,0.9,cut_off_hop4,Outgoing transfers not observed: graph cut off at hop 4.,0.255461577088,"Outgoing transfers not observed: graph cut off at hop 4. Priority drivers: high case-money inflow (293 KZT), high weighted network importance.",20
100000002479804100,1,False,1,46000,1,2,35300,2,0.767391304348,False,1,1,0.000295359973539,1.78332166248e-06,0.651558073654,46000,1,peripheral,0.6,other,"Limited role evidence: 1 payers, 2 recipients, 46K KZT received in observed graph.",0.614264457251,"Limited role evidence: 1 payers, 2 recipients, 46K KZT received in observed graph. Priority drivers: high case-money inflow (46K KZT), 1 seeds within 2 hops.",2
100000002480800100,1,False,2,569251,2,0,0,0,0,False,1,2,0.000636975463709,0,0,231680.923133,0.406992562389,terminal,0.948751666667,,Money stops here in the observed graph: receives 569K KZT from 2 payers; no outgoing transfers were traced.,0.776709003045,"Money stops here in the observed graph: receives 569K KZT from 2 payers; no outgoing transfers were traced. Priority drivers: high case-money inflow (232K KZT), 2 seeds within 2 hops.",2
100000002481735100,2,False,1,22436,2,0,0,0,0,False,0,1,0.000360656088876,0,0,20214.9207007,0.901003775212,peripheral,0.9,one_off_recipient,Single inflow of 22K KZT; 0 further outgoing transfers observed.,0.570937619489,"Single inflow of 22K KZT; 0 further outgoing transfers observed. Priority drivers: high case-money inflow (20K KZT), 1 seeds within 2 hops.",4
100000002481974100,3,False,2,89447,2,2,318000,4,3.55517792659,False,0,0,0.00032981202118,3.88367828719e-05,0.185534591195,213.833570886,0.000672432612849,peripheral,0.6,other,"Limited role evidence: 2 payers, 2 recipients, 89K KZT received in observed graph.",0.41722063288,"Limited role evidence: 2 payers, 2 recipients, 89K KZT received in observed graph. Priority drivers: strong bridge position, high case-money inflow (214 KZT).",3
100000002487222100,4,False,1,90000,2,0,0,0,0,True,0,0,0.000308728982973,0,0,50.3241763478,0.000559157514975,peripheral,0.9,cut_off_hop4,Outgoing transfers not observed: graph cut off at hop 4.,0.191321272763,"Outgoing transfers not observed: graph cut off at hop 4. Priority drivers: high weighted network importance, high case-money inflow (50 KZT).",5
100000002488629100,2,False,1,73050,1,0,0,0,0,False,0,1,0.000297789332969,0,0,17532.4675325,0.240006400171,peripheral,0.9,one_off_recipient,Single inflow of 73K KZT; 0 further outgoing transfers observed.,0.521253414781,"Single inflow of 73K KZT; 0 further outgoing transfers observed. Priority drivers: high case-money inflow (18K KZT), 1 seeds within 2 hops.",6
100000002489253100,2,False,1,51000,1,0,0,0,0,False,0,1,0.000300184698743,0,0,1441.55254143,0.0282657361065,peripheral,0.9,one_off_recipient,Single inflow of 51K KZT; 0 further outgoing transfers observed.,0.463691603208,"Single inflow of 51K KZT; 0 further outgoing transfers observed. Priority drivers: high case-money inflow (1K KZT), 1 seeds within 2 hops.",4
100000002492277100,2,False,1,138500,1,0,0,0,0,False,0,1,0.000305724466864,0,0,1957.99873251,0.014137174964,peripheral,0.9,one_off_recipient,Single inflow of 138K KZT; 0 further outgoing transfers observed.,0.477926577019,"Single inflow of 138K KZT; 0 further outgoing transfers observed. Priority drivers: high case-money inflow (2K KZT), 1 seeds within 2 hops.",2
100000002505277100,4,False,1,60000,1,0,0,0,0,True,0,0,0.000405323586533,0,0,10.157310965,0.000169288516083,peripheral,0.9,cut_off_hop4,Outgoing transfers not observed: graph cut off at hop 4.,0.192264512533,"Outgoing transfers not observed: graph cut off at hop 4. Priority drivers: high weighted network importance, 0 seeds within 2 hops.",0
100000002506987100,4,False,1,28200,1,0,0,0,0,True,0,0,0.000294513192902,0,0,66.5681819164,0.00236057382682,peripheral,0.9,cut_off_hop4,Outgoing transfers not observed: graph cut off at hop 4.,0.180921449664,"Outgoing transfers not observed: graph cut off at hop 4. Priority drivers: high case-money inflow (67 KZT), 0 seeds within 2 hops.",7
100000002508637100,3,False,1,306410,1,1,8000,1,0.0261088084593,False,0,0,0.000305707946197,7.92587405548e-07,0,660.834165917,0.00215669908266,terminal,0.510683333333,,Possible holding point: receives 306K KZT from 1 payers; observed onward flow is 3%.,0.47760179849,"Possible holding point: receives 306K KZT from 1 payers; observed onward flow is 3%. Priority drivers: high case-money inflow (661 KZT), strong bridge position.",3
100000002509598100,3,False,1,305550,1,0,0,0,0,False,0,0,0.00029848700308,0,0,98.0034306353,0.000320744331976,terminal,0.50925,,Money stops here in the observed graph: receives 306K KZT from 1 payers; no outgoing transfers were traced.,0.338810803838,"Money stops here in the observed graph: receives 306K KZT from 1 payers; no outgoing transfers were traced. Priority drivers: terminal role signals, high case-money inflow (98 KZT).",13
100000002511581100,3,False,1,17600,1,0,0,0,0,False,0,0,0.000286764126763,0,0,11.6953352014,0.0006645076819,peripheral,0.9,one_off_recipient,Single inflow of 18K KZT; 0 further outgoing transfers observed.,0.182516319545,"Single inflow of 18K KZT; 0 further outgoing transfers observed. Priority drivers: 0 seeds within 2 hops, strong bridge position.",1
100000002511825100,1,False,1,65000,1,0,0,0,0,False,1,1,0.000296139514387,0,0,65000,1,peripheral,0.9,one_off_recipient,Single inflow of 65K KZT; 0 further outgoing transfers observed.,0.563958336213,"Single inflow of 65K KZT; 0 further outgoing transfers observed. Priority drivers: high case-money inflow (65K KZT), 1 seeds within 2 hops.",0
100000002512742100,4,False,1,6000,1,0,0,0,0,True,0,0,0.00028722701098,0,0,0.290309649277,4.83849415461e-05,peripheral,0.9,cut_off_hop4,Outgoing transfers not observed: graph cut off at hop 4.,0.11361282714,"Outgoing transfers not observed: graph cut off at hop 4. Priority drivers: 0 seeds within 2 hops, strong bridge position.",7
100000002513028100,3,False,1,9500,1,3,332709,24,35.022,False,0,0,0.000303917116753,6.06329365244e-05,0,214.571465716,0.000644922336684,peripheral,0.6,other,"Limited role evidence: 1 payers, 3 recipients, 10K KZT received in observed graph.",0.400256137393,"Limited role evidence: 1 payers, 3 recipients, 10K KZT received in observed graph. Priority drivers: strong bridge position, high case-money inflow (215 KZT).",58
100000002514975100,4,False,1,17920,1,0,0,0,0,True,0,0,0.000527898452802,0,0,3.71125822483,0.000207101463439,peripheral,0.9,cut_off_hop4,Outgoing transfers not observed: graph cut off at hop 4.,0.194513776598,"Outgoing transfers not observed: graph cut off at hop 4. Priority drivers: high weighted network importance, 0 seeds within 2 hops.",25
100000002516862100,4,False,1,81710,5,0,0,0,0,True,0,0,0.00034748043765,0,0,52.6966041297,0.000644922336674,peripheral,0.9,cut_off_hop4,Outgoing transfers not observed: graph cut off at hop 4.,0.208928415127,"Outgoing transfers not observed: graph cut off at hop 4. Priority drivers: high weighted network importance, high case-money inflow (53 KZT).",58
100000002521039100,3,False,1,349370,1,0,0,0,0,False,0,0,0.000303576442156,0,0,295.721644325,0.00084644258043,terminal,0.582283333333,,Money stops here in the observed graph: receives 349K KZT from 1 payers; no outgoing transfers were traced.,0.388978721248,"Money stops here in the observed graph: receives 349K KZT from 1 payers; no outgoing transfers were traced. Priority drivers: high case-money inflow (296 KZT), terminal role signals.",0
100000002527114100,0,True,3,129000,4,111,3289249,113,25.4980542636,False,0,1,0.000806090345867,0.000193391326954,0.446374233146,40546.6509327,1,distributor,1,,Fan-out hypothesis: sends 3.3M KZT to 111 recipients after receiving from 3 payers.,0.513324211894,"Fan-out hypothesis: sends 3.3M KZT to 111 recipients after receiving from 3 payers. Priority drivers: high case-money inflow (41K KZT), 1 seeds within 2 hops.",1
100000002528544100,3,False,1,192912,1,0,0,0,0,False,0,0,0.0002976808695,0,0,416.053133434,0.00215669908266,peripheral,0.9,one_off_recipient,Single inflow of 193K KZT; 0 further outgoing transfers observed.,0.328390250195,"Single inflow of 193K KZT; 0 further outgoing transfers observed. Priority drivers: high case-money inflow (416 KZT), 0 seeds within 2 hops.",3
100000002528978100,4,False,1,15900,1,0,0,0,0,True,0,0,0.000289943914438,0,0,37.5331238465,0.00236057382682,peripheral,0.9,cut_off_hop4,Outgoing transfers not observed: graph cut off at hop 4.,0.159202749331,"Outgoing transfers not observed: graph cut off at hop 4. Priority drivers: 0 seeds within 2 hops, strong bridge position.",7
100000002529877100,4,False,1,232000,1,0,0,0,0,True,0,0,0.000304170091045,0,0,0.935204148226,4.03105236304e-06,peripheral,0.9,cut_off_hop4,Outgoing transfers not observed: graph cut off at hop 4.,0.151656831175,"Outgoing transfers not observed: graph cut off at hop 4. Priority drivers: high weighted network importance, 0 seeds within 2 hops.",13
100000002529880100,3,False,2,147000,2,0,0,0,0,False,0,0,0.000304610538759,0,0,406.778755941,0.00276720242137,terminal,0.5,,Money stops here in the observed graph: receives 147K KZT from 2 payers; no outgoing transfers were traced.,0.401002436991,"Money stops here in the observed graph: receives 147K KZT from 2 payers; no outgoing transfers were traced. Priority drivers: high case-money inflow (407 KZT), terminal role signals.",9
100000002530224100,3,False,1,113000,1,0,0,0,0,False,0,0,0.000289819784231,0,0,142.463808322,0.00126074166657,peripheral,0.9,one_off_recipient,Single inflow of 113K KZT; 0 further outgoing transfers observed.,0.266198617042,"Single inflow of 113K KZT; 0 further outgoing transfers observed. Priority drivers: high case-money inflow (142 KZT), 0 seeds within 2 hops.",8
100000002531406100,3,False,1,520000,1,1,500000,1,0.961538461538,False,0,0,0.000320813968432,7.92587405548e-07,0,1121.48352298,0.00215669908266,transit,0.903846153846,,Pass-through hypothesis: forwards 96% of 520K KZT received; 0% forwarded within 2 days.,0.549274200607,"Pass-through hypothesis: forwards 96% of 520K KZT received; 0% forwarded within 2 days. Priority drivers: high case-money inflow (1K KZT), transit role signals.",3
100000002534091100,3,False,1,22200,1,0,0,0,0,False,0,0,0.000294761119283,0,0,241.263312492,0.0108677167789,peripheral,0.9,one_off_recipient,Single inflow of 22K KZT; 0 further outgoing transfers observed.,0.302753476973,"Single inflow of 22K KZT; 0 further outgoing transfers observed. Priority drivers: high case-money inflow (241 KZT), 0 seeds within 2 hops.",3
100000002537811100,3,False,1,52000,1,1,15000,1,0.288461538462,False,0,0,0.0012191914766,2.63535312345e-05,0,20449.407222,0.393257831193,peripheral,0.6,other,"Limited role evidence: 1 payers, 1 recipients, 52K KZT received in observed graph.",0.602793556025,"Limited role evidence: 1 payers, 1 recipients, 52K KZT received in observed graph. Priority drivers: high case-money inflow (20K KZT), high weighted network importance.",11
100000002539625100,2,False,1,94700,1,0,0,0,0,False,0,1,0.000343094380342,0,0,5917.20377701,0.0624836724077,peripheral,0.9,one_off_recipient,Single inflow of 95K KZT; 0 further outgoing transfers observed.,0.526712458136,"Single inflow of 95K KZT; 0 further outgoing transfers observed. Priority drivers: high case-money inflow (6K KZT), 1 seeds within 2 hops.",9
100000002540033100,4,False,1,10000,1,0,0,0,0,True,0,0,0.000592416161683,0,0,53.5417470862,0.00535417470862,peripheral,0.9,cut_off_hop4,Outgoing transfers not observed: graph cut off at hop 4.,0.2370804944,"Outgoing transfers not observed: graph cut off at hop 4. Priority drivers: high weighted network importance, high case-money inflow (54 KZT).",17
100000002540623100,2,False,1,100000,1,0,0,0,0,False,0,1,0.000331338640209,0,0,2331.45192228,0.0233145192228,peripheral,0.9,one_off_recipient,Single inflow of 100K KZT; 0 further outgoing transfers observed.,0.50176670306,"Single inflow of 100K KZT; 0 further outgoing transfers observed. Priority drivers: high case-money inflow (2K KZT), 1 seeds within 2 hops.",7
100000002546921100,3,False,1,20000,1,0,0,0,0,False,0,0,0.000289670972664,0,0,22.1132357613,0.00110566178807,peripheral,0.9,one_off_recipient,Single inflow of 20K KZT; 0 further outgoing transfers observed.,0.213819441565,"Single inflow of 20K KZT; 0 further outgoing transfers observed. Priority drivers: 0 seeds within 2 hops, strong bridge position.",14
100000002547110100,3,False,6,1500000,10,0,0,0,0,False,0,0,0.000548745185646,0,0,2351.37246851,0.00156758164567,consolidator,0.6,,"Signs of consolidation: receives from 6 payers (0 seeds within 2 hops), 1.5M KZT in, forwards 0%.",0.613559618742,"Signs of consolidation: receives from 6 payers (0 seeds within 2 hops), 1.5M KZT in, forwards 0%. Priority drivers: consolidator role signals, high case-money inflow (2K KZT).",9
100000002548759100,3,False,2,375000,2,0,0,0,0,False,0,0,0.000306918111907,0,0,446.164314842,0.00118977150625,terminal,0.625,,Money stops here in the observed graph: receives 375K KZT from 2 payers; no outgoing transfers were traced.,0.407705313008,"Money stops here in the observed graph: receives 375K KZT from 2 payers; no outgoing transfers were traced. Priority drivers: high case-money inflow (446 KZT), terminal role signals.",8
100000002550141100,3,False,1,100586,1,0,0,0,0,False,0,0,0.000306084038136,0,0,168.102007225,0.00167122668388,peripheral,0.9,one_off_recipient,Single inflow of 101K KZT; 0 further outgoing transfers observed.,0.308903538474,"Single inflow of 101K KZT; 0 further outgoing transfers observed. Priority drivers: high case-money inflow (168 KZT), high weighted network importance.",3
100000002554175100,3,False,1,24621,1,0,0,0,0,False,0,0,0.000293146883999,0,0,189.978660034,0.00771612282334,peripheral,0.9,one_off_recipient,Single inflow of 25K KZT; 0 further outgoing transfers observed.,0.288380299533,"Single inflow of 25K KZT; 0 further outgoing transfers observed. Priority drivers: high case-money inflow (190 KZT), 0 seeds within 2 hops.",7
100000002556775100,3,False,1,300000,1,0,0,0,0,False,0,0,0.000293679498687,0,0,358.60781271,0.0011953593757,terminal,0.5,,Money stops here in the observed graph: receives 300K KZT from 1 payers; no outgoing transfers were traced.,0.37650584371,"Money stops here in the observed graph: receives 300K KZT from 1 payers; no outgoing transfers were traced. Priority drivers: high case-money inflow (359 KZT), terminal role signals.",5
100000002558173100,2,False,1,9300,1,0,0,0,0,False,0,1,0.000294224994991,0,0,1384.80344248,0.148903595966,peripheral,0.9,one_off_recipient,Single inflow of 9K KZT; 0 further outgoing transfers observed.,0.449180222139,"Single inflow of 9K KZT; 0 further outgoing transfers observed. Priority drivers: high case-money inflow (1K KZT), 1 seeds within 2 hops.",31
100000002559089100,3,False,2,715000,2,0,0,0,0,False,0,0,0.00039017231593,0,0,2675.94632468,0.00374258227228,terminal,1,,Money stops here in the observed graph: receives 715K KZT from 2 payers; no outgoing transfers were traced.,0.489038148808,"Money stops here in the observed graph: receives 715K KZT from 2 payers; no outgoing transfers were traced. Priority drivers: high case-money inflow (3K KZT), high weighted network importance.",13
100000002565277100,1,False,1,483319,1,0,0,0,0,False,1,2,0.000380032150686,0,0,483319,1,terminal,0.805531666667,,Money stops here in the observed graph: receives 483K KZT from 1 payers; no outgoing transfers were traced.,0.749690193531,"Money stops here in the observed graph: receives 483K KZT from 1 payers; no outgoing transfers were traced. Priority drivers: high case-money inflow (483K KZT), 2 seeds within 2 hops.",2
100000002566204100,2,False,1,80805,1,0,0,0,0,False,0,1,0.000322259145303,0,0,1883.9297258,0.0233145192228,peripheral,0.9,one_off_recipient,Single inflow of 81K KZT; 0 further outgoing transfers observed.,0.493128976234,"Single inflow of 81K KZT; 0 further outgoing transfers observed. Priority drivers: high case-money inflow (2K KZT), 1 seeds within 2 hops.",7
100000002567887100,3,False,1,50915,1,0,0,0,0,False,0,0,0.000285673730346,0,0,60.8617226137,0.0011953593757,peripheral,0.9,one_off_recipient,Single inflow of 51K KZT; 0 further outgoing transfers observed.,0.21388854338,"Single inflow of 51K KZT; 0 further outgoing transfers observed. Priority drivers: high case-money inflow (61 KZT), 0 seeds within 2 hops.",5
100000002570206100,2,False,2,166959.6,2,0,0,0,0,False,0,1,0.000316742961583,0,0,2079.93130342,0.0124576921808,terminal,0.5,,Money stops here in the observed graph: receives 167K KZT from 2 payers; no outgoing transfers were traced.,0.553302836399,"Money stops here in the observed graph: receives 167K KZT from 2 payers; no outgoing transfers were traced. Priority drivers: high case-money inflow (2K KZT), 1 seeds within 2 hops.",16
100000002575080100,3,False,1,13000,1,1,12500,1,0.961538461538,False,0,0,0.000547643804007,1.98146851387e-05,1,291.877783083,0.0224521371602,transit,0.903846153846,,Pass-through hypothesis: forwards 96% of 13K KZT received; 100% forwarded within 2 days.,0.567137019685,"Pass-through hypothesis: forwards 96% of 13K KZT received; 100% forwarded within 2 days. Priority drivers: high weighted network importance, strong bridge position.",15
100000002578405100,2,False,2,1200351,7,116,3108352,120,2.58953589408,False,0,1,0.00056657622825,0.000171000732747,0.669317696323,2065.52378205,0.0006645076819,distributor,1,,Fan-out hypothesis: sends 3.1M KZT to 116 recipients after receiving from 2 payers.,0.758314099995,"Fan-out hypothesis: sends 3.1M KZT to 116 recipients after receiving from 2 payers. Priority drivers: high case-money inflow (2K KZT), 1 seeds within 2 hops.",1
100000002578653100,3,False,1,20000,1,0,0,0,0,False,0,0,0.00030959962233,0,0,688.16142155,0.0344080710775,peripheral,0.9,one_off_recipient,Single inflow of 20K KZT; 0 further outgoing transfers observed.,0.361697324838,"Single inflow of 20K KZT; 0 further outgoing transfers observed. Priority drivers: high case-money inflow (688 KZT), high weighted network importance.",44
100000002580377100,1,False,1,37750,2,1,5000,1,0.132450331126,False,1,1,0.000288069394776,1.92202445845e-05,0,37750,1,peripheral,0.6,other,"Limited role evidence: 1 payers, 1 recipients, 38K KZT received in observed graph.",0.585656306001,"Limited role evidence: 1 payers, 1 recipients, 38K KZT received in observed graph. Priority drivers: high case-money inflow (38K KZT), 1 seeds within 2 hops.",4
100000002581346100,3,False,1,166400,1,0,0,0,0,False,0,0,0.000289385500051,0,0,198.907800116,0.0011953593757,peripheral,0.9,one_off_recipient,Single inflow of 166K KZT; 0 further outgoing transfers observed.,0.27559646383,"Single inflow of 166K KZT; 0 further outgoing transfers observed. Priority drivers: high case-money inflow (199 KZT), 0 seeds within 2 hops.",5
100000002589019100,1,False,1,34710,1,0,0,0,0,False,1,1,0.000289760010383,0,0,34710,1,peripheral,0.9,one_off_recipient,Single inflow of 35K KZT; 0 further outgoing transfers observed.,0.521875331113,"Single inflow of 35K KZT; 0 further outgoing transfers observed. Priority drivers: high case-money inflow (35K KZT), 1 seeds within 2 hops.",10
100000002591469100,1,False,1,235670,1,0,0,0,0,False,1,1,0.000297462977776,0,0,235670,1,peripheral,0.9,one_off_recipient,Single inflow of 236K KZT; 0 further outgoing transfers observed.,0.589111396732,"Single inflow of 236K KZT; 0 further outgoing transfers observed. Priority drivers: high case-money inflow (236K KZT), 1 seeds within 2 hops.",6
100000002592567100,1,False,1,5297,1,2,48600,2,9.17500471965,False,1,1,0.000284603063113,0.000720247685703,0,5297,0.108991769547,peripheral,0.6,other,"Limited role evidence: 1 payers, 2 recipients, 5K KZT received in observed graph.",0.52678155995,"Limited role evidence: 1 payers, 2 recipients, 5K KZT received in observed graph. Priority drivers: high case-money inflow (5K KZT), 1 seeds within 2 hops.",4
100000002593038100,2,False,1,28500,1,0,0,0,0,False,0,1,0.000653367133542,0,0,2424.3043816,0.085063311635,peripheral,0.9,one_off_recipient,Single inflow of 28K KZT; 0 further outgoing transfers observed.,0.552694740431,"Single inflow of 28K KZT; 0 further outgoing transfers observed. Priority drivers: high case-money inflow (2K KZT), 1 seeds within 2 hops.",10
100000002593344100,3,False,2,431000,2,0,0,0,0,False,0,0,0.000356942471926,0,0,1591.24957392,0.00369199437105,terminal,0.718333333333,,Money stops here in the observed graph: receives 431K KZT from 2 payers; no outgoing transfers were traced.,0.470173353419,"Money stops here in the observed graph: receives 431K KZT from 2 payers; no outgoing transfers were traced. Priority drivers: high case-money inflow (2K KZT), high weighted network importance.",8
100000002594214100,4,False,1,1000000,1,0,0,0,0,True,0,0,0.000364986646598,0,0,108.774983617,0.000108774983617,peripheral,0.9,cut_off_hop4,Outgoing transfers not observed: graph cut off at hop 4.,0.226922527652,"Outgoing transfers not observed: graph cut off at hop 4. Priority drivers: high weighted network importance, high case-money inflow (109 KZT).",37
100000002596035100,1,False,1,231570,1,0,0,0,0,False,1,2,0.000318963375257,0,0,231570,1,peripheral,0.9,one_off_recipient,Single inflow of 232K KZT; 0 further outgoing transfers observed.,0.659871654896,"Single inflow of 232K KZT; 0 further outgoing transfers observed. Priority drivers: high case-money inflow (232K KZT), 2 seeds within 2 hops.",11
100000002596039100,4,False,1,280000,1,0,0,0,0,True,0,0,0.00030268495524,0,0,11.9834688163,4.27981029153e-05,peripheral,0.9,cut_off_hop4,Outgoing transfers not observed: graph cut off at hop 4.,0.165104044299,"Outgoing transfers not observed: graph cut off at hop 4. Priority drivers: high weighted network importance, 0 seeds within 2 hops.",3
100000002597003100,1,False,1,17700,1,1,11000,1,0.621468926554,False,1,1,0.000287332816015,1.92202445845e-05,0,17700,1,peripheral,0.6,other,"Limited role evidence: 1 payers, 1 recipients, 18K KZT received in observed graph.",0.552902045874,"Limited role evidence: 1 payers, 1 recipients, 18K KZT received in observed graph. Priority drivers: high case-money inflow (18K KZT), 1 seeds within 2 hops.",0
100000002597074100,4,False,1,8000,1,0,0,0,0,True,0,0,0.000308730320487,0,0,32.7164824747,0.00408956030934,peripheral,0.9,cut_off_hop4,Outgoing transfers not observed: graph cut off at hop 4.,0.184017210959,"Outgoing transfers not observed: graph cut off at hop 4. Priority drivers: high weighted network importance, 0 seeds within 2 hops.",0
100000002597623100,3,False,1,16418,1,0,0,0,0,False,0,0,0.000284955492845,0,0,13.8968942855,0.00084644258043,peripheral,0.9,one_off_recipient,Single inflow of 16K KZT; 0 further outgoing transfers observed.,0.176228054415,"Single inflow of 16K KZT; 0 further outgoing transfers observed. Priority drivers: 0 seeds within 2 hops, strong bridge position.",0
100000002599729100,4,False,1,65000,2,0,0,0,0,True,0,0,0.000482942874145,0,0,48.8291563577,0.000751217790119,peripheral,0.9,cut_off_hop4,Outgoing transfers not observed: graph cut off at hop 4.,0.22232725698,"Outgoing transfers not observed: graph cut off at hop 4. Priority drivers: high weighted network importance, high case-money inflow (49 KZT).",0
100000002600345100,1,False,2,52400,2,0,0,0,0,False,1,1,0.000294118324343,0,0,47480.3594124,0.906113729244,terminal,0.5,,Money stops here in the observed graph: receives 52K KZT from 2 payers; no outgoing transfers were traced.,0.612453989708,"Money stops here in the observed graph: receives 52K KZT from 2 payers; no outgoing transfers were traced. Priority drivers: high case-money inflow (47K KZT), 1 seeds within 2 hops.",4
100000002603371100,3,False,1,9300,1,0,0,0,0,False,0,0,0.000287816646785,0,0,7.28043850462,0.000782842849959,peripheral,0.9,one_off_recipient,Single inflow of 9K KZT; 0 further outgoing transfers observed.,0.181479792326,"Single inflow of 9K KZT; 0 further outgoing transfers observed. Priority drivers: 0 seeds within 2 hops, strong bridge position.",0
100000002603478100,1,False,1,23500,1,0,0,0,0,False,1,1,0.000287911789746,0,0,23500,1,peripheral,0.9,one_off_recipient,Single inflow of 24K KZT; 0 further outgoing transfers observed.,0.498000654164,"Single inflow of 24K KZT; 0 further outgoing transfers observed. Priority drivers: high case-money inflow (24K KZT), 1 seeds within 2 hops.",10
100000002603769100,1,False,3,1185368,3,0,0,0,0,False,1,2,0.000538179047875,0,0,169725.654834,0.143183935144,terminal,1,,Money stops here in the observed graph: receives 1.2M KZT from 3 payers; no outgoing transfers were traced.,0.763026843752,"Money stops here in the observed graph: receives 1.2M KZT from 3 payers; no outgoing transfers were traced. Priority drivers: high case-money inflow (170K KZT), 2 seeds within 2 hops.",0
100000002605184100,2,False,1,140000,1,0,0,0,0,False,0,1,0.000388847320961,0,0,26344.1296984,0.188172354988,peripheral,0.9,one_off_recipient,Single inflow of 140K KZT; 0 further outgoing transfers observed.,0.588973193103,"Single inflow of 140K KZT; 0 further outgoing transfers observed. Priority drivers: high case-money inflow (26K KZT), 1 seeds within 2 hops.",15
100000002605308100,2,False,3,2569521.84,7,0,0,0,0,False,0,2,0.000878127191703,0,0,30010.2358743,0.0116793075689,terminal,1,,Money stops here in the observed graph: receives 2.6M KZT from 3 payers; no outgoing transfers were traced.,0.735662525165,"Money stops here in the observed graph: receives 2.6M KZT from 3 payers; no outgoing transfers were traced. Priority drivers: high case-money inflow (30K KZT), 2 seeds within 2 hops.",14
100000002605548100,1,False,2,116695,2,0,0,0,0,False,1,3,0.000312613630012,0,0,94930.5584549,0.813492938472,terminal,0.5,,Money stops here in the observed graph: receives 117K KZT from 2 payers; no outgoing transfers were traced.,0.709772378623,"Money stops here in the observed graph: receives 117K KZT from 2 payers; no outgoing transfers were traced. Priority drivers: high case-money inflow (95K KZT), 3 seeds within 2 hops.",11
100000002606567100,1,False,1,14095,1,1,53000,1,3.760198652,False,1,1,0.000286661607819,1.92202445845e-05,0,14095,0.265943396226,peripheral,0.6,other,"Limited role evidence: 1 payers, 1 recipients, 14K KZT received in observed graph.",0.539150784766,"Limited role evidence: 1 payers, 1 recipients, 14K KZT received in observed graph. Priority drivers: high case-money inflow (14K KZT), 1 seeds within 2 hops.",0
100000002609774100,1,False,1,7700,1,1,27500,1,3.57142857143,False,1,1,0.000284859729523,0.00027970079297,0,7700,0.28,peripheral,0.6,other,"Limited role evidence: 1 payers, 1 recipients, 8K KZT received in observed graph.",0.53666311944,"Limited role evidence: 1 payers, 1 recipients, 8K KZT received in observed graph. Priority drivers: high case-money inflow (8K KZT), 1 seeds within 2 hops.",7
100000002611334100,3,False,1,48288,1,1,15500,1,0.320990722333,False,0,0,0.000303660701761,1.92202445845e-05,0,37.8019155388,0.000782842849959,peripheral,0.6,other,"Limited role evidence: 1 payers, 1 recipients, 48K KZT received in observed graph.",0.330255999189,"Limited role evidence: 1 payers, 1 recipients, 48K KZT received in observed graph. Priority drivers: strong bridge position, high weighted network importance.",0
100000002612809100,3,False,1,30000,2,3,114000,4,3.8,False,0,0,0.000425698218641,1.5851748111e-06,0.131578947368,7578.0346793,0.0664739884149,peripheral,0.6,other,"Limited role evidence: 1 payers, 3 recipients, 30K KZT received in observed graph.",0.518420240382,"Limited role evidence: 1 payers, 3 recipients, 30K KZT received in observed graph. Priority drivers: high case-money inflow (8K KZT), strong bridge position.",35
100000002613776100,2,False,1,30000,2,0,0,0,0,False,0,1,0.000299847819437,0,0,1169.00704262,0.0389669014207,peripheral,0.9,one_off_recipient,Single inflow of 30K KZT; 0 further outgoing transfers observed.,0.458370763483,"Single inflow of 30K KZT; 0 further outgoing transfers observed. Priority drivers: high case-money inflow (1K KZT), 1 seeds within 2 hops.",2
100000002613929100,3,False,1,28560,1,0,0,0,0,False,0,0,0.000775811388014,0,0,2390.84438225,0.0837130385943,peripheral,0.9,one_off_recipient,Single inflow of 29K KZT; 0 further outgoing transfers observed.,0.460098308848,"Single inflow of 29K KZT; 0 further outgoing transfers observed. Priority drivers: high case-money inflow (2K KZT), high weighted network importance.",8
100000002614095100,3,False,1,5300,1,0,0,0,0,False,0,0,0.000284858437037,0,0,3.52189071407,0.0006645076819,peripheral,0.9,one_off_recipient,Single inflow of 5K KZT; 0 further outgoing transfers observed.,0.15757056447,"Single inflow of 5K KZT; 0 further outgoing transfers observed. Priority drivers: 0 seeds within 2 hops, strong bridge position.",1
100000002615479100,1,False,1,220000,1,0,0,0,0,False,1,1,0.000307509699308,0,0,220000,1,peripheral,0.9,one_off_recipient,Single inflow of 220K KZT; 0 further outgoing transfers observed.,0.604313795947,"Single inflow of 220K KZT; 0 further outgoing transfers observed. Priority drivers: high case-money inflow (220K KZT), 1 seeds within 2 hops.",8
100000002618492100,1,False,2,296500,2,0,0,0,0,False,1,3,0.00036693589006,0,0,180762.770528,0.609655212573,terminal,0.5,,Money stops here in the observed graph: receives 296K KZT from 2 payers; no outgoing transfers were traced.,0.744392387744,"Money stops here in the observed graph: receives 296K KZT from 2 payers; no outgoing transfers were traced. Priority drivers: high case-money inflow (181K KZT), 3 seeds within 2 hops.",11
100000002621434100,3,False,1,81000,1,0,0,0,0,False,0,0,0.000288182262659,0,0,102.120074992,0.00126074166657,peripheral,0.9,one_off_recipient,Single inflow of 81K KZT; 0 further outgoing transfers observed.,0.243740527293,"Single inflow of 81K KZT; 0 further outgoing transfers observed. Priority drivers: high case-money inflow (102 KZT), 0 seeds within 2 hops.",8
100000002621915100,2,False,1,5000,1,0,0,0,0,False,0,1,0.0005288962719,0,0,5000,1,peripheral,0.9,one_off_recipient,Single inflow of 5K KZT; 0 further outgoing transfers observed.,0.552556536801,"Single inflow of 5K KZT; 0 further outgoing transfers observed. Priority drivers: high case-money inflow (5K KZT), 1 seeds within 2 hops.",4
100000002621949100,1,False,1,164612,1,0,0,0,0,False,1,2,0.00031673185568,0,0,164612,1,peripheral,0.9,one_off_recipient,Single inflow of 165K KZT; 0 further outgoing transfers observed.,0.653237880693,"Single inflow of 165K KZT; 0 further outgoing transfers observed. Priority drivers: high case-money inflow (165K KZT), 2 seeds within 2 hops.",2
100000002622822100,4,False,1,750000,1,0,0,0,0,True,0,0,0.000901552618738,0,0,63.3617560205,8.44823413606e-05,peripheral,0.9,cut_off_hop4,Outgoing transfers not observed: graph cut off at hop 4.,0.24757706004,"Outgoing transfers not observed: graph cut off at hop 4. Priority drivers: high weighted network importance, high case-money inflow (63 KZT).",17
100000002628146100,2,False,1,30500,2,0,0,0,0,False,0,1,0.000317448589272,0,0,4541.55967696,0.148903595966,peripheral,0.9,one_off_recipient,Single inflow of 30K KZT; 0 further outgoing transfers observed.,0.508124070005,"Single inflow of 30K KZT; 0 further outgoing transfers observed. Priority drivers: high case-money inflow (5K KZT), 1 seeds within 2 hops.",31
100000002628576100,3,False,2,727882,3,2,539000,2,0.740504642236,False,0,0,0.000309651102886,3.84404891691e-05,1,837.527682854,0.0011506366181,peripheral,0.6,other,"Limited role evidence: 2 payers, 2 recipients, 728K KZT received in observed graph.",0.445759682316,"Limited role evidence: 2 payers, 2 recipients, 728K KZT received in observed graph. Priority drivers: high case-money inflow (838 KZT), strong bridge position.",5
100000002632742100,3,False,2,235500,2,0,0,0,0,False,0,0,0.000315821577688,0,0,93.9953428561,0.000399130967542,terminal,0.5,,Money stops here in the observed graph: receives 236K KZT from 2 payers; no outgoing transfers were traced.,0.360025060925,"Money stops here in the observed graph: receives 236K KZT from 2 payers; no outgoing transfers were traced. Priority drivers: terminal role signals, high weighted network importance.",9
100000002633108100,3,False,1,320000,3,0,0,0,0,False,0,0,0.00037417626993,0,0,353.811772181,0.00110566178807,terminal,0.533333333333,,Money stops here in the observed graph: receives 320K KZT from 1 payers; no outgoing transfers were traced.,0.433065678971,"Money stops here in the observed graph: receives 320K KZT from 1 payers; no outgoing transfers were traced. Priority drivers: high case-money inflow (354 KZT), high weighted network importance.",14
100000002633701100,2,False,1,266850,1,0,0,0,0,False,0,1,0.00030898001612,0,0,30439.1495243,0.114068388699,peripheral,0.9,one_off_recipient,Single inflow of 267K KZT; 0 further outgoing transfers observed.,0.559674023707,"Single inflow of 267K KZT; 0 further outgoing transfers observed. Priority drivers: high case-money inflow (30K KZT), 1 seeds within 2 hops.",8
100000002635746100,4,False,1,5300,1,0,0,0,0,True,0,0,0.00028685487642,0,0,0.256440190194,4.83849415461e-05,peripheral,0.9,cut_off_hop4,Outgoing transfers not observed: graph cut off at hop 4.,0.111363563074,"Outgoing transfers not observed: graph cut off at hop 4. Priority drivers: 0 seeds within 2 hops, strong bridge position.",7
100000002635780100,2,False,1,163000.02,1,0,0,0,0,False,0,1,0.000552044272336,0,0,84445.567987,0.518070905679,peripheral,0.9,one_off_recipient,Single inflow of 163K KZT; 0 further outgoing transfers observed.,0.649229975446,"Single inflow of 163K KZT; 0 further outgoing transfers observed. Priority drivers: high case-money inflow (84K KZT), 1 seeds within 2 hops.",6
100000002644285100,3,False,1,500000,1,0,0,0,0,False,0,0,0.000307682707388,0,0,160.372165988,0.000320744331976,terminal,0.833333333333,,Money stops here in the observed graph: receives 500K KZT from 1 payers; no outgoing transfers were traced.,0.370804944004,"Money stops here in the observed graph: receives 500K KZT from 1 payers; no outgoing transfers were traced. Priority drivers: high case-money inflow (160 KZT), terminal role signals.",13
100000002645046100,4,False,1,12000,1,0,0,0,0,True,0,0,0.00029041673578,0,0,0.580619298553,4.83849415461e-05,peripheral,0.9,cut_off_hop4,Outgoing transfers not observed: graph cut off at hop 4.,0.126987483358,"Outgoing transfers not observed: graph cut off at hop 4. Priority drivers: 0 seeds within 2 hops, strong bridge position.",7
100000002645609100,1,False,4,546820.68,5,0,0,0,0,False,1,1,0.000353317067124,0,0,47480.2681597,0.0868296863968,terminal,1,,Money stops here in the observed graph: receives 547K KZT from 4 payers; no outgoing transfers were traced.,0.662138194416,"Money stops here in the observed graph: receives 547K KZT from 4 payers; no outgoing transfers were traced. Priority drivers: high case-money inflow (47K KZT), 1 seeds within 2 hops.",0
100000002645993100,3,False,2,49650,4,5,86980,9,1.75186304129,False,0,0,0.000291720437657,9.38762407782e-05,1,41.1354778917,0.000472930304573,peripheral,0.6,other,"Limited role evidence: 2 payers, 5 recipients, 50K KZT received in observed graph.",0.324036835874,"Limited role evidence: 2 payers, 5 recipients, 50K KZT received in observed graph. Priority drivers: strong bridge position, high case-money inflow (41 KZT).",0
100000002646745100,3,False,1,12300,1,0,0,0,0,False,0,0,0.000285942975905,0,0,8.17344448738,0.0006645076819,peripheral,0.9,one_off_recipient,Single inflow of 12K KZT; 0 further outgoing transfers observed.,0.170147094729,"Single inflow of 12K KZT; 0 further outgoing transfers observed. Priority drivers: 0 seeds within 2 hops, strong bridge position.",1
100000002646887100,3,False,1,24354,1,0,0,0,0,False,0,0,0.000293590481726,0,0,83.1025706407,0.00341227603846,peripheral,0.9,one_off_recipient,Single inflow of 24K KZT; 0 further outgoing transfers observed.,0.260877777317,"Single inflow of 24K KZT; 0 further outgoing transfers observed. Priority drivers: high case-money inflow (83 KZT), 0 seeds within 2 hops.",9
100000002648315100,1,False,1,132000,1,2,76000,3,0.575757575758,False,1,1,0.000291557086284,3.96293702774e-07,0,132000,1,peripheral,0.6,other,"Limited role evidence: 1 payers, 2 recipients, 132K KZT received in observed graph.",0.623074938615,"Limited role evidence: 1 payers, 2 recipients, 132K KZT received in observed graph. Priority drivers: high case-money inflow (132K KZT), 1 seeds within 2 hops.",6
100000002653187100,4,False,1,15000,1,0,0,0,0,True,0,0,0.000469935687666,0,0,256.110819683,0.0170740546455,peripheral,0.9,cut_off_hop4,Outgoing transfers not observed: graph cut off at hop 4.,0.259911733949,"Outgoing transfers not observed: graph cut off at hop 4. Priority drivers: high weighted network importance, high case-money inflow (256 KZT).",10
100000002653948100,3,False,1,85200,1,0,0,0,0,False,0,0,0.000286775674532,0,0,101.84461881,0.0011953593757,peripheral,0.9,one_off_recipient,Single inflow of 85K KZT; 0 further outgoing transfers observed.,0.233582560545,"Single inflow of 85K KZT; 0 further outgoing transfers observed. Priority drivers: high case-money inflow (102 KZT), 0 seeds within 2 hops.",5
100000002659103100,4,False,1,165000,1,0,0,0,0,True,0,0,0.00034757646294,0,0,24.2497274712,0.00014696804528,peripheral,0.9,cut_off_hop4,Outgoing transfers not observed: graph cut off at hop 4.,0.196061657246,"Outgoing transfers not observed: graph cut off at hop 4. Priority drivers: high weighted network importance, 0 seeds within 2 hops.",42
100000002659265100,4,False,1,141000,1,0,0,0,0,True,0,0,0.000317944818768,0,0,0.729310523405,5.17241505961e-06,peripheral,0.9,cut_off_hop4,Outgoing transfers not observed: graph cut off at hop 4.,0.161524570302,"Outgoing transfers not observed: graph cut off at hop 4. Priority drivers: high weighted network importance, 0 seeds within 2 hops.",8
100000002660298100,4,False,1,30900,1,0,0,0,0,True,0,0,0.000295516205248,0,0,72.9417312488,0.00236057382682,peripheral,0.9,cut_off_hop4,Outgoing transfers not observed: graph cut off at hop 4.,0.184065582229,"Outgoing transfers not observed: graph cut off at hop 4. Priority drivers: high case-money inflow (73 KZT), 0 seeds within 2 hops.",7
100000002662768100,1,False,1,84300,1,0,0,0,0,False,1,1,0.000304787341493,0,0,84300,1,peripheral,0.9,one_off_recipient,Single inflow of 84K KZT; 0 further outgoing transfers observed.,0.585518102372,"Single inflow of 84K KZT; 0 further outgoing transfers observed. Priority drivers: high case-money inflow (84K KZT), 1 seeds within 2 hops.",2
100000002663511100,3,False,1,268940,1,0,0,0,0,False,0,0,0.000307706050872,0,0,1304.3483884,0.00484996054288,peripheral,0.9,one_off_recipient,Single inflow of 269K KZT; 0 further outgoing transfers observed.,0.376139604093,"Single inflow of 269K KZT; 0 further outgoing transfers observed. Priority drivers: high case-money inflow (1K KZT), high weighted network importance.",0
100000002666248100,1,False,1,70032,1,0,0,0,0,False,1,2,0.000297946758704,0,0,70032,1,peripheral,0.9,one_off_recipient,Single inflow of 70K KZT; 0 further outgoing transfers observed.,0.613158828217,"Single inflow of 70K KZT; 0 further outgoing transfers observed. Priority drivers: high case-money inflow (70K KZT), 2 seeds within 2 hops.",2
100000002670463100,4,False,1,31500,1,0,0,0,0,True,0,0,0.000300783341381,0,0,1.5241256587,4.83849415461e-05,peripheral,0.9,cut_off_hop4,Outgoing transfers not observed: graph cut off at hop 4.,0.149044782583,"Outgoing transfers not observed: graph cut off at hop 4. Priority drivers: high weighted network importance, 0 seeds within 2 hops.",7
100000002670860100,1,False,2,450000,2,0,0,0,0,False,1,1,0.000307253633306,0,0,200080.186083,0.44462263574,terminal,0.75,,Money stops here in the observed graph: receives 450K KZT from 2 payers; no outgoing transfers were traced.,0.66580059059,"Money stops here in the observed graph: receives 450K KZT from 2 payers; no outgoing transfers were traced. Priority drivers: high case-money inflow (200K KZT), 1 seeds within 2 hops.",13
100000002670960100,3,False,1,480310,1,0,0,0,0,False,0,0,0.0003067515507,0,0,154.056710091,0.000320744331976,terminal,0.800516666667,,Money stops here in the observed graph: receives 480K KZT from 1 payers; no outgoing transfers were traced.,0.368386380493,"Money stops here in the observed graph: receives 480K KZT from 1 payers; no outgoing transfers were traced. Priority drivers: high case-money inflow (154 KZT), terminal role signals.",13
100000002671326100,4,False,1,1050000,2,0,0,0,0,True,0,0,0.000625496279672,0,0,1023.68281154,0.000974936010989,peripheral,0.9,cut_off_hop4,Outgoing transfers not observed: graph cut off at hop 4.,0.305283985424,"Outgoing transfers not observed: graph cut off at hop 4. Priority drivers: high case-money inflow (1K KZT), high weighted network importance.",9
100000002671806100,1,False,1,12440,1,0,0,0,0,False,1,1,0.000286088299982,0,0,12440,1,peripheral,0.9,one_off_recipient,Single inflow of 12K KZT; 0 further outgoing transfers observed.,0.464106214096,"Single inflow of 12K KZT; 0 further outgoing transfers observed. Priority drivers: high case-money inflow (12K KZT), 1 seeds within 2 hops.",10
100000002677201100,3,False,1,150000,1,1,87750,1,0.585,False,0,0,0.000307387930712,2.13998599498e-05,0,470.529650047,0.00313686433365,peripheral,0.6,other,"Limited role evidence: 1 payers, 1 recipients, 150K KZT received in observed graph.",0.423094287123,"Limited role evidence: 1 payers, 1 recipients, 150K KZT received in observed graph. Priority drivers: high case-money inflow (471 KZT), strong bridge position.",9
100000002679516100,1,False,3,102335,3,0,0,0,0,False,1,2,0.000324997973535,0,0,35181.5738575,0.343788282185,terminal,0.75,,Money stops here in the observed graph: receives 102K KZT from 3 payers; no outgoing transfers were traced.,0.682454127912,"Money stops here in the observed graph: receives 102K KZT from 3 payers; no outgoing transfers were traced. Priority drivers: high case-money inflow (35K KZT), 2 seeds within 2 hops.",10
100000002680477100,2,False,1,25000,1,0,0,0,0,False,0,1,0.000292967834028,0,0,364.108199717,0.0145643279887,peripheral,0.9,one_off_recipient,Single inflow of 25K KZT; 0 further outgoing transfers observed.,0.408686558776,"Single inflow of 25K KZT; 0 further outgoing transfers observed. Priority drivers: 1 seeds within 2 hops, high case-money inflow (364 KZT).",13
100000002681449100,1,False,2,94638,2,2,133000,2,1.40535514275,False,1,1,0.000293534497921,1.76476187354e-05,0.0977443609023,12301.2760354,0.0924907972586,peripheral,0.6,other,"Limited role evidence: 2 payers, 2 recipients, 95K KZT received in observed graph.",0.565962288836,"Limited role evidence: 2 payers, 2 recipients, 95K KZT received in observed graph. Priority drivers: high case-money inflow (12K KZT), 1 seeds within 2 hops.",9
100000002681544100,3,False,2,166072,2,0,0,0,0,False,0,0,0.00033381440614,0,0,574.903504643,0.00346177263261,terminal,0.5,,Money stops here in the observed graph: receives 166K KZT from 2 payers; no outgoing transfers were traced.,0.435622446112,"Money stops here in the observed graph: receives 166K KZT from 2 payers; no outgoing transfers were traced. Priority drivers: high case-money inflow (575 KZT), high weighted network importance.",6
100000002686226100,4,False,1,430000,2,0,0,0,0,True,0,0,0.00065041865599,0,0,1416.92972346,0.00329518540339,peripheral,0.9,cut_off_hop4,Outgoing transfers not observed: graph cut off at hop 4.,0.311233651662,"Outgoing transfers not observed: graph cut off at hop 4. Priority drivers: high case-money inflow (1K KZT), high weighted network importance.",16
100000002689717100,4,False,1,47500,1,0,0,0,0,True,0,0,0.000301682873745,0,0,112.127256774,0.00236057382682,peripheral,0.9,cut_off_hop4,Outgoing transfers not observed: graph cut off at hop 4.,0.202156437295,"Outgoing transfers not observed: graph cut off at hop 4. Priority drivers: high case-money inflow (112 KZT), high weighted network importance.",7
100000002691583100,3,False,1,285200,1,0,0,0,0,False,0,0,0.000354920739855,0,0,92.0392058772,0.000322718113174,peripheral,0.9,one_off_recipient,Single inflow of 285K KZT; 0 further outgoing transfers observed.,0.31484629453,"Single inflow of 285K KZT; 0 further outgoing transfers observed. Priority drivers: high weighted network importance, high case-money inflow (92 KZT).",25
100000002691858100,2,False,1,51500,1,0,0,0,0,False,0,1,0.00034045309304,0,0,7668.53519225,0.148903595966,peripheral,0.9,one_off_recipient,Single inflow of 52K KZT; 0 further outgoing transfers observed.,0.533691741412,"Single inflow of 52K KZT; 0 further outgoing transfers observed. Priority drivers: high case-money inflow (8K KZT), 1 seeds within 2 hops.",31
100000002692044100,1,False,1,97000,1,0,0,0,0,False,1,1,0.000300029917921,0,0,97000,1,peripheral,0.9,one_off_recipient,Single inflow of 97K KZT; 0 further outgoing transfers observed.,0.5823394189,"Single inflow of 97K KZT; 0 further outgoing transfers observed. Priority drivers: high case-money inflow (97K KZT), 1 seeds within 2 hops.",10
100000002692750100,2,False,3,112830,3,1,77000,8,0.68244261278,False,0,1,0.00211577427164,1.98146851387e-05,0.155844155844,28263.3773845,0.250495235172,peripheral,0.6,other,"Limited role evidence: 3 payers, 1 recipients, 113K KZT received in observed graph.",0.71024687775,"Limited role evidence: 3 payers, 1 recipients, 113K KZT received in observed graph. Priority drivers: high case-money inflow (28K KZT), 1 seeds within 2 hops.",6
100000002695812100,4,False,1,95000,1,0,0,0,0,True,0,0,0.00031932846131,0,0,224.254513548,0.00236057382682,peripheral,0.9,cut_off_hop4,Outgoing transfers not observed: graph cut off at hop 4.,0.233742876755,"Outgoing transfers not observed: graph cut off at hop 4. Priority drivers: high case-money inflow (224 KZT), high weighted network importance.",7
100000002696152100,3,False,1,21800,3,2,69000,8,3.16513761468,False,0,0,0.00119729412928,2.13998599498e-05,0.217391304348,930.00633692,0.013478352709,peripheral,0.6,other,"Limited role evidence: 1 payers, 2 recipients, 22K KZT received in observed graph.",0.519560420323,"Limited role evidence: 1 payers, 2 recipients, 22K KZT received in observed graph. Priority drivers: high case-money inflow (930 KZT), high weighted network importance.",11
100000002697752100,3,False,2,190785,2,0,0,0,0,False,0,0,0.000327693762918,0,0,1764.65696687,0.00924945339975,terminal,0.5,,Money stops here in the observed graph: receives 191K KZT from 2 payers; no outgoing transfers were traced.,0.461121015705,"Money stops here in the observed graph: receives 191K KZT from 2 payers; no outgoing transfers were traced. Priority drivers: high case-money inflow (2K KZT), high weighted network importance.",3
100000002700161100,4,False,1,39000,1,0,0,0,0,True,0,0,0.000896226570447,0,0,1695.65217391,0.0434782608696,peripheral,0.9,cut_off_hop4,Outgoing transfers not observed: graph cut off at hop 4.,0.31921491125,"Outgoing transfers not observed: graph cut off at hop 4. Priority drivers: high case-money inflow (2K KZT), high weighted network importance.",48
100000002702968100,4,False,1,31600,1,0,0,0,0,True,0,0,0.000295776245486,0,0,74.5941329276,0.00236057382682,peripheral,0.9,cut_off_hop4,Outgoing transfers not observed: graph cut off at hop 4.,0.184984636363,"Outgoing transfers not observed: graph cut off at hop 4. Priority drivers: high case-money inflow (75 KZT), 0 seeds within 2 hops.",7
100000002703376100,2,False,1,46501,1,0,0,0,0,False,0,1,0.00029122199748,0,0,1813.01645944,0.0389887628103,peripheral,0.9,one_off_recipient,Single inflow of 47K KZT; 0 further outgoing transfers observed.,0.444895909633,"Single inflow of 47K KZT; 0 further outgoing transfers observed. Priority drivers: high case-money inflow (2K KZT), 1 seeds within 2 hops.",0
100000002704875100,1,False,3,244891,4,0,0,0,0,False,1,1,0.000313312251264,0,0,31420.9910196,0.128306026026,terminal,0.75,,Money stops here in the observed graph: receives 245K KZT from 3 payers; no outgoing transfers were traced.,0.628140101626,"Money stops here in the observed graph: receives 245K KZT from 3 payers; no outgoing transfers were traced. Priority drivers: high case-money inflow (31K KZT), 1 seeds within 2 hops.",3
100000002705460100,3,False,1,95000,1,0,0,0,0,False,0,0,0.000554238628124,0,0,15005.8431174,0.157956243341,peripheral,0.9,one_off_recipient,Single inflow of 95K KZT; 0 further outgoing transfers observed.,0.496584066964,"Single inflow of 95K KZT; 0 further outgoing transfers observed. Priority drivers: high case-money inflow (15K KZT), high weighted network importance.",4
100000002706810100,4,False,1,45000,1,0,0,0,0,True,0,0,0.000307960222181,0,0,2.17732236958,4.83849415461e-05,peripheral,0.9,cut_off_hop4,Outgoing transfers not observed: graph cut off at hop 4.,0.156687443279,"Outgoing transfers not observed: graph cut off at hop 4. Priority drivers: high weighted network importance, 0 seeds within 2 hops.",7
100000002707106100,4,False,1,15000,2,0,0,0,0,True,0,0,0.00028506838375,0,0,1.55712083345,0.000103808055564,peripheral,0.9,cut_off_hop4,Outgoing transfers not observed: graph cut off at hop 4.,0.108606400671,"Outgoing transfers not observed: graph cut off at hop 4. Priority drivers: 0 seeds within 2 hops, strong bridge position.",14
100000002708624100,3,False,1,25000,1,0,0,0,0,False,0,0,0.000326870590706,0,0,478.309953917,0.0191323981567,peripheral,0.9,one_off_recipient,Single inflow of 25K KZT; 0 further outgoing transfers observed.,0.364530499238,"Single inflow of 25K KZT; 0 further outgoing transfers observed. Priority drivers: high case-money inflow (478 KZT), high weighted network importance.",24
100000002710570100,2,False,1,225015,1,0,0,0,0,False,0,1,0.000535745771858,0,0,41190.2931707,0.18305576593,peripheral,0.9,one_off_recipient,Single inflow of 225K KZT; 0 further outgoing transfers observed.,0.624629729443,"Single inflow of 225K KZT; 0 further outgoing transfers observed. Priority drivers: high case-money inflow (41K KZT), 1 seeds within 2 hops.",30
100000002712416100,3,False,2,116800,2,0,0,0,0,False,0,0,0.000301010335719,0,0,370.713147518,0.00317391393423,terminal,0.5,,Money stops here in the observed graph: receives 117K KZT from 2 payers; no outgoing transfers were traced.,0.394506866417,"Money stops here in the observed graph: receives 117K KZT from 2 payers; no outgoing transfers were traced. Priority drivers: high case-money inflow (371 KZT), terminal role signals.",13
100000002713074100,3,False,2,700000,2,1,430000,2,0.614285714286,False,0,0,0.000431036905352,1.92202445845e-05,0,2306.6297838,0.00329518540543,peripheral,0.6,other,"Limited role evidence: 2 payers, 1 recipients, 700K KZT received in observed graph.",0.497897001442,"Limited role evidence: 2 payers, 1 recipients, 700K KZT received in observed graph. Priority drivers: high case-money inflow (2K KZT), strong bridge position.",16
100000002713974100,4,False,1,50000,1,0,0,0,0,True,0,0,0.000328115936839,0,0,33.6216203377,0.000672432406754,peripheral,0.9,cut_off_hop4,Outgoing transfers not observed: graph cut off at hop 4.,0.195964914705,"Outgoing transfers not observed: graph cut off at hop 4. Priority drivers: high weighted network importance, 0 seeds within 2 hops.",3
100000002718366100,2,False,6,2525000,10,0,0,0,0,False,0,1,0.000677484894307,0,0,50632.3986479,0.0200524351081,consolidator,0.6,,"Signs of consolidation: receives from 6 payers (1 seeds within 2 hops), 2.5M KZT in, forwards 0%.",0.810568892206,"Signs of consolidation: receives from 6 payers (1 seeds within 2 hops), 2.5M KZT in, forwards 0%. Priority drivers: high case-money inflow (51K KZT), consolidator role signals.",8
100000002720627100,1,False,1,199300,1,0,0,0,0,False,1,2,0.000314096316076,0,0,199300,1,peripheral,0.9,one_off_recipient,Single inflow of 199K KZT; 0 further outgoing transfers observed.,0.653583389766,"Single inflow of 199K KZT; 0 further outgoing transfers observed. Priority drivers: high case-money inflow (199K KZT), 2 seeds within 2 hops.",11
100000002721825100,2,False,1,11000,1,0,0,0,0,False,0,1,0.000528270179951,0,0,11000,1,peripheral,0.9,one_off_recipient,Single inflow of 11K KZT; 0 further outgoing transfers observed.,0.57425450659,"Single inflow of 11K KZT; 0 further outgoing transfers observed. Priority drivers: high case-money inflow (11K KZT), 1 seeds within 2 hops.",0
100000002722108100,3,False,1,800000,2,0,0,0,0,False,0,0,0.000321869960112,0,0,256.595465581,0.000320744331976,terminal,1,,Money stops here in the observed graph: receives 800K KZT from 1 payers; no outgoing transfers were traced.,0.402660880541,"Money stops here in the observed graph: receives 800K KZT from 1 payers; no outgoing transfers were traced. Priority drivers: high case-money inflow (257 KZT), high weighted network importance.",13
100000002723439100,4,False,1,18000,2,0,0,0,0,True,0,0,0.000549524245669,0,0,242.610348762,0.013478352709,peripheral,0.9,cut_off_hop4,Outgoing transfers not observed: graph cut off at hop 4.,0.269344131644,"Outgoing transfers not observed: graph cut off at hop 4. Priority drivers: high weighted network importance, high case-money inflow (243 KZT).",11
100000002723538100,2,False,3,105647,3,12,560499,14,5.3053943794,False,0,1,0.000318531941008,0.000290886398564,0.569849366368,6091.34438708,0.0108677167793,distributor,0.6,,Fan-out hypothesis: sends 560K KZT to 12 recipients after receiving from 3 payers.,0.733091937661,"Fan-out hypothesis: sends 560K KZT to 12 recipients after receiving from 3 payers. Priority drivers: high case-money inflow (6K KZT), 1 seeds within 2 hops.",3
100000002723674100,4,False,1,30000,1,0,0,0,0,True,0,0,0.000325309474723,0,0,440.652588245,0.0146884196082,peripheral,0.9,cut_off_hop4,Outgoing transfers not observed: graph cut off at hop 4.,0.253043013576,"Outgoing transfers not observed: graph cut off at hop 4. Priority drivers: high case-money inflow (441 KZT), high weighted network importance.",20
100000002726055100,4,False,1,10000,1,0,0,0,0,True,0,0,0.00033809615305,0,0,225.667537616,0.0225667537616,peripheral,0.9,cut_off_hop4,Outgoing transfers not observed: graph cut off at hop 4.,0.240176255695,"Outgoing transfers not observed: graph cut off at hop 4. Priority drivers: high case-money inflow (226 KZT), high weighted network importance.",20
100000002727288100,3,False,1,16000,1,0,0,0,0,False,0,0,0.000364103258664,0,0,290.065346861,0.0181290841788,peripheral,0.9,one_off_recipient,Single inflow of 16K KZT; 0 further outgoing transfers observed.,0.359900677658,"Single inflow of 16K KZT; 0 further outgoing transfers observed. Priority drivers: high case-money inflow (290 KZT), high weighted network importance.",15
100000002728246100,4,False,1,10000,1,0,0,0,0,True,0,0,0.000535420417861,0,0,11.9535937354,0.00119535937354,peripheral,0.9,cut_off_hop4,Outgoing transfers not observed: graph cut off at hop 4.,0.207767504641,"Outgoing transfers not observed: graph cut off at hop 4. Priority drivers: high weighted network importance, 0 seeds within 2 hops.",5
100000002729875100,4,False,1,76000,1,0,0,0,0,True,0,0,0.000312270226284,0,0,179.403610839,0.00236057382682,peripheral,0.9,cut_off_hop4,Outgoing transfers not observed: graph cut off at hop 4.,0.223294682385,"Outgoing transfers not observed: graph cut off at hop 4. Priority drivers: high case-money inflow (179 KZT), high weighted network importance.",7
100000002731501100,1,False,3,570370,7,7,833960,20,1.46213861178,False,1,1,0.000482585258034,4.45830415621e-06,0.329752026476,12668.2718999,0.0151905030216,peripheral,0.6,other,"Limited role evidence: 3 payers, 7 recipients, 570K KZT received in observed graph.",0.636998954259,"Limited role evidence: 3 payers, 7 recipients, 570K KZT received in observed graph. Priority drivers: high case-money inflow (13K KZT), 1 seeds within 2 hops.",23
100000002733083100,4,False,1,15200,1,0,0,0,0,True,0,0,0.0002896838742,0,0,35.8807221677,0.00236057382682,peripheral,0.9,cut_off_hop4,Outgoing transfers not observed: graph cut off at hop 4.,0.157606497413,"Outgoing transfers not observed: graph cut off at hop 4. Priority drivers: 0 seeds within 2 hops, strong bridge position.",7
100000002733905100,2,False,3,100000,5,2,717839,3,7.17839,False,0,1,0.00306420220505,1.78332166248e-06,0.327371457945,979.00131513,0.00136381739517,peripheral,0.6,other,"Limited role evidence: 3 payers, 2 recipients, 100K KZT received in observed graph.",0.608390803009,"Limited role evidence: 3 payers, 2 recipients, 100K KZT received in observed graph. Priority drivers: high case-money inflow (979 KZT), high weighted network importance.",1
100000002734815100,4,False,1,110000,1,0,0,0,0,True,0,0,0.000310489971177,0,0,0.568965656557,5.17241505961e-06,peripheral,0.9,cut_off_hop4,Outgoing transfers not observed: graph cut off at hop 4.,0.15489770628,"Outgoing transfers not observed: graph cut off at hop 4. Priority drivers: high weighted network importance, 0 seeds within 2 hops.",8
100000002736033100,3,False,1,34530,1,1,11000,1,0.318563567912,False,0,0,0.000293578700367,1.92202445845e-05,0,263.500303562,0.00763105425896,peripheral,0.6,other,"Limited role evidence: 1 payers, 1 recipients, 35K KZT received in observed graph.",0.371233375255,"Limited role evidence: 1 payers, 1 recipients, 35K KZT received in observed graph. Priority drivers: strong bridge position, high case-money inflow (264 KZT).",16
100000002736316100,3,False,3,266921,3,0,0,0,0,False,0,0,0.000381562777579,0,0,783.876943313,0.00293673762392,terminal,0.75,,Money stops here in the observed graph: receives 267K KZT from 3 payers; no outgoing transfers were traced.,0.458426044935,"Money stops here in the observed graph: receives 267K KZT from 3 payers; no outgoing transfers were traced. Priority drivers: high case-money inflow (784 KZT), high weighted network importance.",0
100000002737980100,3,False,1,32900,1,0,0,0,0,False,0,0,0.000293826565667,0,0,343.220665962,0.010432239087,peripheral,0.9,one_off_recipient,Single inflow of 33K KZT; 0 further outgoing transfers observed.,0.312773240092,"Single inflow of 33K KZT; 0 further outgoing transfers observed. Priority drivers: high case-money inflow (343 KZT), 0 seeds within 2 hops.",4
100000002738256100,2,False,1,150200,1,1,175000,1,1.16511318242,False,0,1,0.000506253402499,0,1,146778.838988,0.83873622279,transit,0.587217043941,,Pass-through hypothesis: forwards 117% of 150K KZT received; 100% forwarded within 2 days.,0.751500661074,"Pass-through hypothesis: forwards 117% of 150K KZT received; 100% forwarded within 2 days. Priority drivers: high case-money inflow (147K KZT), 1 seeds within 2 hops.",51
100000002741024100,2,False,5,817980.85,9,6,434989,7,0.531783843106,False,0,1,0.00292051091459,0.000118689963981,0.0648361222927,17503.6929326,0.0213986585781,consolidator,0.5,,"Signs of consolidation: receives from 5 payers (1 seeds within 2 hops), 818K KZT in, forwards 53%.",0.872760525358,"Signs of consolidation: receives from 5 payers (1 seeds within 2 hops), 818K KZT in, forwards 53%. Priority drivers: high case-money inflow (18K KZT), consolidator role signals.",0
100000002742067100,2,False,1,12730,1,0,0,0,0,False,0,1,0.000288055958987,0,0,352.879574306,0.0277203122,peripheral,0.9,one_off_recipient,Single inflow of 13K KZT; 0 further outgoing transfers observed.,0.385330145436,"Single inflow of 13K KZT; 0 further outgoing transfers observed. Priority drivers: 1 seeds within 2 hops, high case-money inflow (353 KZT).",15
100000002744581100,2,False,1,12000,1,0,0,0,0,False,0,1,0.000323167316206,0,0,12000,1,peripheral,0.9,one_off_recipient,Single inflow of 12K KZT; 0 further outgoing transfers observed.,0.538874377508,"Single inflow of 12K KZT; 0 further outgoing transfers observed. Priority drivers: high case-money inflow (12K KZT), 1 seeds within 2 hops.",6
100000002748040100,4,False,1,18000,1,0,0,0,0,True,0,0,0.000290724035152,0,0,42.4903288828,0.00236057382682,peripheral,0.9,cut_off_hop4,Outgoing transfers not observed: graph cut off at hop 4.,0.163991505084,"Outgoing transfers not observed: graph cut off at hop 4. Priority drivers: high case-money inflow (42 KZT), 0 seeds within 2 hops.",7
100000002748180100,1,False,1,9900,1,8,679743,9,68.6609090909,False,1,1,0.000285669523852,8.52031460964e-06,0.26480596343,9900,0.0145643279887,peripheral,0.6,other,"Limited role evidence: 1 payers, 8 recipients, 10K KZT received in observed graph.",0.519318563972,"Limited role evidence: 1 payers, 8 recipients, 10K KZT received in observed graph. Priority drivers: high case-money inflow (10K KZT), 1 seeds within 2 hops.",13
100000002748511100,4,False,1,20000,1,0,0,0,0,True,0,0,0.000563363258579,0,0,1913.28075657,0.0956640378283,peripheral,0.9,cut_off_hop4,Outgoing transfers not observed: graph cut off at hop 4.,0.311959220716,"Outgoing transfers not observed: graph cut off at hop 4. Priority drivers: high case-money inflow (2K KZT), high weighted network importance.",4
100000002748532100,2,False,3,355575,3,2,646685,7,1.81870210223,False,0,1,0.000337262596851,3.11090556678e-05,0,15667.9126044,0.0242280439541,peripheral,0.6,other,"Limited role evidence: 3 payers, 2 recipients, 356K KZT received in observed graph.",0.632438234495,"Limited role evidence: 3 payers, 2 recipients, 356K KZT received in observed graph. Priority drivers: high case-money inflow (16K KZT), 1 seeds within 2 hops.",17
100000002748581100,3,False,1,41180,1,0,0,0,0,False,0,0,0.000295637046651,0,0,45.5311524325,0.00110566178807,peripheral,0.9,one_off_recipient,Single inflow of 41K KZT; 0 further outgoing transfers observed.,0.250374301496,"Single inflow of 41K KZT; 0 further outgoing transfers observed. Priority drivers: high case-money inflow (46 KZT), 0 seeds within 2 hops.",14
100000002748761100,3,False,1,796800,3,0,0,0,0,False,0,0,0.000321718629417,0,0,255.569083719,0.000320744331976,terminal,1,,Money stops here in the observed graph: receives 797K KZT from 1 payers; no outgoing transfers were traced.,0.402108066024,"Money stops here in the observed graph: receives 797K KZT from 1 payers; no outgoing transfers were traced. Priority drivers: high case-money inflow (256 KZT), high weighted network importance.",13
100000002750332100,1,False,1,11360,1,0,0,0,0,False,1,1,0.000285249316239,0,0,11360,1,peripheral,0.9,one_off_recipient,Single inflow of 11K KZT; 0 further outgoing transfers observed.,0.456435912674,"Single inflow of 11K KZT; 0 further outgoing transfers observed. Priority drivers: high case-money inflow (11K KZT), 1 seeds within 2 hops.",8
100000002750956100,1,False,1,47416,1,0,0,0,0,False,1,1,0.000292865582375,0,0,47416,1,peripheral,0.9,one_off_recipient,Single inflow of 47K KZT; 0 further outgoing transfers observed.,0.546337373486,"Single inflow of 47K KZT; 0 further outgoing transfers observed. Priority drivers: high case-money inflow (47K KZT), 1 seeds within 2 hops.",0
100000002752565100,4,False,1,57000,1,0,0,0,0,True,0,0,0.000336335902264,0,0,338.543312684,0.00593935636288,peripheral,0.9,cut_off_hop4,Outgoing transfers not observed: graph cut off at hop 4.,0.250285851173,"Outgoing transfers not observed: graph cut off at hop 4. Priority drivers: high case-money inflow (339 KZT), high weighted network importance.",3
100000002753146100,3,False,1,803540,3,0,0,0,0,False,0,0,0.000322037369694,0,0,257.730900516,0.000320744331976,terminal,1,,Money stops here in the observed graph: receives 804K KZT from 1 payers; no outgoing transfers were traced.,0.403006389614,"Money stops here in the observed graph: receives 804K KZT from 1 payers; no outgoing transfers were traced. Priority drivers: high case-money inflow (258 KZT), high weighted network importance.",13
100000002755292100,3,False,1,203400,1,0,0,0,0,False,0,0,0.00029057470626,0,0,243.136097017,0.0011953593757,peripheral,0.9,one_off_recipient,Single inflow of 203K KZT; 0 further outgoing transfers observed.,0.289209521309,"Single inflow of 203K KZT; 0 further outgoing transfers observed. Priority drivers: high case-money inflow (243 KZT), 0 seeds within 2 hops.",5
100000002757240100,2,False,1,51183,1,0,0,0,0,False,0,1,0.00031507596913,0,0,7625.11210328,0.148977435931,peripheral,0.9,one_off_recipient,Single inflow of 51K KZT; 0 further outgoing transfers observed.,0.519802276674,"Single inflow of 51K KZT; 0 further outgoing transfers observed. Priority drivers: high case-money inflow (8K KZT), 1 seeds within 2 hops.",2
100000002757791100,3,False,1,73050,1,0,0,0,0,False,0,0,0.000309336415737,0,0,1282.43812466,0.0175556211453,peripheral,0.9,one_off_recipient,Single inflow of 73K KZT; 0 further outgoing transfers observed.,0.377521640385,"Single inflow of 73K KZT; 0 further outgoing transfers observed. Priority drivers: high case-money inflow (1K KZT), high weighted network importance.",26
100000002757797100,1,False,1,100000,1,0,0,0,0,False,1,1,0.000300524535397,0,0,100000,1,peripheral,0.9,one_off_recipient,Single inflow of 100K KZT; 0 further outgoing transfers observed.,0.583997862451,"Single inflow of 100K KZT; 0 further outgoing transfers observed. Priority drivers: high case-money inflow (100K KZT), 1 seeds within 2 hops.",10
100000002760175100,1,False,1,187410,1,0,0,0,0,False,1,2,0.000312303030248,0,0,187410,1,peripheral,0.9,one_off_recipient,Single inflow of 187K KZT; 0 further outgoing transfers observed.,0.650957520811,"Single inflow of 187K KZT; 0 further outgoing transfers observed. Priority drivers: high case-money inflow (187K KZT), 2 seeds within 2 hops.",11
100000002762076100,1,False,2,140350,2,1,30000,1,0.213751335946,False,2,2,0.000297525099966,3.96293702774e-07,0,140350,1,peripheral,0.6,other,"Limited role evidence: 2 payers, 1 recipients, 140K KZT received in observed graph.",0.683608128216,"Limited role evidence: 2 payers, 1 recipients, 140K KZT received in observed graph. Priority drivers: high case-money inflow (140K KZT), 2 seeds within 2 hops.",6
100000002769809100,3,False,1,113422,1,0,0,0,0,False,0,0,0.000375593071398,0,0,1351.88182143,0.0119190441134,peripheral,0.9,one_off_recipient,Single inflow of 113K KZT; 0 further outgoing transfers observed.,0.408962966034,"Single inflow of 113K KZT; 0 further outgoing transfers observed. Priority drivers: high case-money inflow (1K KZT), high weighted network importance.",18
100000002773323100,3,False,2,285000,2,1,1171644,2,4.11103157895,False,0,0,0.000323702924946,2.13998599498e-05,0,102.530762651,8.75101674667e-05,peripheral,0.6,other,"Limited role evidence: 2 payers, 1 recipients, 285K KZT received in observed graph.",0.381840503798,"Limited role evidence: 2 payers, 1 recipients, 285K KZT received in observed graph. Priority drivers: strong bridge position, high weighted network importance.",9
100000002774456100,1,False,1,50363,1,0,0,0,0,False,1,2,0.000291633186444,0,0,50363,1,peripheral,0.9,one_off_recipient,Single inflow of 50K KZT; 0 further outgoing transfers observed.,0.587176545923,"Single inflow of 50K KZT; 0 further outgoing transfers observed. Priority drivers: high case-money inflow (50K KZT), 2 seeds within 2 hops.",11
100000002778085100,1,False,1,66208,1,0,0,0,0,False,1,1,0.000291109017199,0,0,66208,1,peripheral,0.9,one_off_recipient,Single inflow of 66K KZT; 0 further outgoing transfers observed.,0.549516056958,"Single inflow of 66K KZT; 0 further outgoing transfers observed. Priority drivers: high case-money inflow (66K KZT), 1 seeds within 2 hops.",4
100000002779485100,2,False,1,91000,2,0,0,0,0,False,0,1,0.000543631090405,0,0,32003.2623883,0.351684202069,peripheral,0.9,one_off_recipient,Single inflow of 91K KZT; 0 further outgoing transfers observed.,0.617374038909,"Single inflow of 91K KZT; 0 further outgoing transfers observed. Priority drivers: high case-money inflow (32K KZT), 1 seeds within 2 hops.",3
100000002781227100,1,False,2,191167.62,8,3,212420,10,1.11117144211,False,1,1,0.00237323879382,0.000132956537281,0.811693814142,185265.875628,0.872167760229,transit,0.722071394727,,Pass-through hypothesis: forwards 111% of 191K KZT received; 81% forwarded within 2 days.,0.876574945525,"Pass-through hypothesis: forwards 111% of 191K KZT received; 81% forwarded within 2 days. Priority drivers: high case-money inflow (185K KZT), 1 seeds within 2 hops.",61
100000002784085100,1,False,1,200000,1,0,0,0,0,False,1,1,0.000305375843569,0,0,200000,1,peripheral,0.9,one_off_recipient,Single inflow of 200K KZT; 0 further outgoing transfers observed.,0.600927807031,"Single inflow of 200K KZT; 0 further outgoing transfers observed. Priority drivers: high case-money inflow (200K KZT), 1 seeds within 2 hops.",8
100000002791494100,4,False,1,85860,1,0,0,0,0,True,0,0,0.000315933078776,0,0,202.678868771,0.00236057382682,peripheral,0.9,cut_off_hop4,Outgoing transfers not observed: graph cut off at hop 4.,0.229147606083,"Outgoing transfers not observed: graph cut off at hop 4. Priority drivers: high case-money inflow (203 KZT), high weighted network importance.",7
100000002793851100,1,False,1,11052,1,0,0,0,0,False,1,1,0.000285217759404,0,0,11052,1,peripheral,0.9,one_off_recipient,Single inflow of 11K KZT; 0 further outgoing transfers observed.,0.455537589084,"Single inflow of 11K KZT; 0 further outgoing transfers observed. Priority drivers: high case-money inflow (11K KZT), 1 seeds within 2 hops.",4
100000002793881100,3,False,3,785600,3,0,0,0,0,False,0,0,0.000373013025873,0,0,2194.26830982,0.00279311139234,terminal,1,,Money stops here in the observed graph: receives 786K KZT from 3 payers; no outgoing transfers were traced.,0.480745931055,"Money stops here in the observed graph: receives 786K KZT from 3 payers; no outgoing transfers were traced. Priority drivers: high case-money inflow (2K KZT), high weighted network importance.",8
100000002794197100,1,False,1,30100,1,0,0,0,0,False,1,1,0.000285752028476,0,0,30100,1,peripheral,0.9,one_off_recipient,Single inflow of 30K KZT; 0 further outgoing transfers observed.,0.49381999438,"Single inflow of 30K KZT; 0 further outgoing transfers observed. Priority drivers: high case-money inflow (30K KZT), 1 seeds within 2 hops.",6
100000002794374100,4,False,1,111000,1,0,0,0,0,True,0,0,0.000361720086661,0,0,8.45571792833,7.61776389939e-05,peripheral,0.9,cut_off_hop4,Outgoing transfers not observed: graph cut off at hop 4.,0.183678612067,"Outgoing transfers not observed: graph cut off at hop 4. Priority drivers: high weighted network importance, 0 seeds within 2 hops.",45
100000002796853100,2,False,1,199000,8,1,46167.62,5,0.231998090452,False,0,1,0.00217384683416,0,0.891698987299,173561.384286,0.872167760229,peripheral,0.6,other,"Limited role evidence: 1 payers, 1 recipients, 199K KZT received in observed graph.",0.682191541017,"Limited role evidence: 1 payers, 1 recipients, 199K KZT received in observed graph. Priority drivers: high case-money inflow (174K KZT), 1 seeds within 2 hops.",61
100000002799941100,3,False,1,600000,1,0,0,0,0,False,0,0,0.00038591820124,0,0,4450.90571824,0.00741817619707,terminal,1,,Money stops here in the observed graph: receives 600K KZT from 1 payers; no outgoing transfers were traced.,0.49774497745,"Money stops here in the observed graph: receives 600K KZT from 1 payers; no outgoing transfers were traced. Priority drivers: high case-money inflow (4K KZT), high weighted network importance.",18
100000002807334100,3,False,1,54715,1,0,0,0,0,False,0,0,0.000285795865037,0,0,65.4040882414,0.0011953593757,peripheral,0.9,one_off_recipient,Single inflow of 55K KZT; 0 further outgoing transfers observed.,0.216514412335,"Single inflow of 55K KZT; 0 further outgoing transfers observed. Priority drivers: high case-money inflow (65 KZT), 0 seeds within 2 hops.",5
100000002809568100,1,False,1,10000,1,0,0,0,0,False,1,1,0.000285899167442,0,0,10000,1,peripheral,0.9,one_off_recipient,Single inflow of 10K KZT; 0 further outgoing transfers observed.,0.455744894528,"Single inflow of 10K KZT; 0 further outgoing transfers observed. Priority drivers: high case-money inflow (10K KZT), 1 seeds within 2 hops.",0
100000002809896100,3,False,1,38000,1,0,0,0,0,False,0,0,0.000298097020436,0,0,293.212667287,0.00771612282334,peripheral,0.9,one_off_recipient,Single inflow of 38K KZT; 0 further outgoing transfers observed.,0.317403061671,"Single inflow of 38K KZT; 0 further outgoing transfers observed. Priority drivers: high case-money inflow (293 KZT), 0 seeds within 2 hops.",7
100000002810870100,1,False,1,33677,1,0,0,0,0,False,1,1,0.000291052473813,0,0,33677,1,peripheral,0.9,one_off_recipient,Single inflow of 34K KZT; 0 further outgoing transfers observed.,0.526505152692,"Single inflow of 34K KZT; 0 further outgoing transfers observed. Priority drivers: high case-money inflow (34K KZT), 1 seeds within 2 hops.",1
100000002812641100,2,False,1,10000,1,1,7023.95,1,0.702395,False,0,2,0.00217734123759,0,1,7274.86021252,0.727486021252,peripheral,0.6,other,"Limited role evidence: 1 payers, 1 recipients, 10K KZT received in observed graph.",0.633889372602,"Limited role evidence: 1 payers, 1 recipients, 10K KZT received in observed graph. Priority drivers: high case-money inflow (7K KZT), 2 seeds within 2 hops.",8
100000002815005100,3,False,1,476500,1,0,0,0,0,False,0,0,0.000317440588337,0,0,535.710170671,0.00112426058903,terminal,0.794166666667,,Money stops here in the observed graph: receives 476K KZT from 1 payers; no outgoing transfers were traced.,0.424427952145,"Money stops here in the observed graph: receives 476K KZT from 1 payers; no outgoing transfers were traced. Priority drivers: high case-money inflow (536 KZT), high weighted network importance.",8
100000002818726100,3,False,1,10879,1,0,0,0,0,False,0,0,0.000288034444343,0,0,117.557050729,0.0108058691727,peripheral,0.9,one_off_recipient,Single inflow of 11K KZT; 0 further outgoing transfers observed.,0.248992265204,"Single inflow of 11K KZT; 0 further outgoing transfers observed. Priority drivers: high case-money inflow (118 KZT), 0 seeds within 2 hops.",12
100000002820010100,2,False,1,30000,1,0,0,0,0,False,0,1,0.000289684943999,0,0,7200.19200512,0.240006400171,peripheral,0.9,one_off_recipient,Single inflow of 30K KZT; 0 further outgoing transfers observed.,0.469910766523,"Single inflow of 30K KZT; 0 further outgoing transfers observed. Priority drivers: high case-money inflow (7K KZT), 1 seeds within 2 hops.",6
100000002821425100,3,False,1,275000,1,0,0,0,0,False,0,0,0.000297042267844,0,0,88.2046912935,0.000320744331976,peripheral,0.9,one_off_recipient,Single inflow of 275K KZT; 0 further outgoing transfers observed.,0.269791911402,"Single inflow of 275K KZT; 0 further outgoing transfers observed. Priority drivers: high case-money inflow (88 KZT), 0 seeds within 2 hops.",13
100000002822472100,3,False,2,266722,2,0,0,0,0,False,0,0,0.000310575407824,0,0,132.179161027,0.00049556902328,terminal,0.5,,Money stops here in the observed graph: receives 267K KZT from 2 payers; no outgoing transfers were traced.,0.367764464161,"Money stops here in the observed graph: receives 267K KZT from 2 payers; no outgoing transfers were traced. Priority drivers: high case-money inflow (132 KZT), terminal role signals.",13
100000002824176100,1,False,1,144000,1,0,0,0,0,False,1,2,0.00033670606978,0,0,144000,1,peripheral,0.9,one_off_recipient,Single inflow of 144K KZT; 0 further outgoing transfers observed.,0.662152014779,"Single inflow of 144K KZT; 0 further outgoing transfers observed. Priority drivers: high case-money inflow (144K KZT), 2 seeds within 2 hops.",6
100000002826669100,2,False,1,159900,4,0,0,0,0,False,0,1,0.000473254060667,0,0,19490.9926419,0.121894888317,peripheral,0.9,one_off_recipient,Single inflow of 160K KZT; 0 further outgoing transfers observed.,0.585172593299,"Single inflow of 160K KZT; 0 further outgoing transfers observed. Priority drivers: high case-money inflow (19K KZT), 1 seeds within 2 hops.",0
100000002830055100,1,False,1,14000,1,0,0,0,0,False,1,1,0.000286953597813,0,0,14000,1,peripheral,0.9,one_off_recipient,Single inflow of 14K KZT; 0 further outgoing transfers observed.,0.472640288201,"Single inflow of 14K KZT; 0 further outgoing transfers observed. Priority drivers: high case-money inflow (14K KZT), 1 seeds within 2 hops.",1
100000002831727100,2,False,1,6000,1,1,77000,3,12.8333333333,False,0,1,0.000289180203737,1.92202445845e-05,0.12987012987,492.335664336,0.0063939696667,peripheral,0.6,other,"Limited role evidence: 1 payers, 1 recipients, 6K KZT received in observed graph.",0.470947293743,"Limited role evidence: 1 payers, 1 recipients, 6K KZT received in observed graph. Priority drivers: 1 seeds within 2 hops, high case-money inflow (492 KZT).",18
100000002832753100,4,False,1,12500,1,0,0,0,0,True,0,0,0.000749534520034,0,0,280.626319533,0.0224501055627,peripheral,0.9,cut_off_hop4,Outgoing transfers not observed: graph cut off at hop 4.,0.280034182364,"Outgoing transfers not observed: graph cut off at hop 4. Priority drivers: high weighted network importance, high case-money inflow (281 KZT).",15
100000002835874100,4,False,1,58700,1,0,0,0,0,True,0,0,0.000291706321729,0,0,38.8810795684,0.000662369328252,peripheral,0.9,cut_off_hop4,Outgoing transfers not observed: graph cut off at hop 4.,0.164717074137,"Outgoing transfers not observed: graph cut off at hop 4. Priority drivers: 0 seeds within 2 hops, high case-money inflow (39 KZT).",8
100000002836052100,2,False,1,15000,1,0,0,0,0,False,0,2,0.000303982453389,0,0,8632.91169167,0.575527446112,peripheral,0.9,one_off_recipient,Single inflow of 15K KZT; 0 further outgoing transfers observed.,0.553385758577,"Single inflow of 15K KZT; 0 further outgoing transfers observed. Priority drivers: high case-money inflow (9K KZT), 2 seeds within 2 hops.",3
100000002836736100,1,False,2,509000,2,0,0,0,0,False,1,2,0.000449101233157,0,0,325017.777778,0.6385418031,terminal,0.848333333333,,Money stops here in the observed graph: receives 509K KZT from 2 payers; no outgoing transfers were traced.,0.756738578622,"Money stops here in the observed graph: receives 509K KZT from 2 payers; no outgoing transfers were traced. Priority drivers: high case-money inflow (325K KZT), 2 seeds within 2 hops.",6
100000002838519100,3,False,1,46900,1,0,0,0,0,False,0,0,0.000297248280986,0,0,51.8555378603,0.00110566178807,peripheral,0.9,one_off_recipient,Single inflow of 47K KZT; 0 further outgoing transfers observed.,0.256317057553,"Single inflow of 47K KZT; 0 further outgoing transfers observed. Priority drivers: high case-money inflow (52 KZT), 0 seeds within 2 hops.",14
100000002838861100,1,False,5,554523.95,5,1,10000,1,0.0180334862002,False,2,2,0.00222741641749,1.94183914359e-05,0,403408.422077,0.727486021257,consolidator,0.5,,"Signs of consolidation: receives from 5 payers (2 seeds within 2 hops), 555K KZT in, forwards 2%.",0.972439892938,"Signs of consolidation: receives from 5 payers (2 seeds within 2 hops), 555K KZT in, forwards 2%. Priority drivers: high case-money inflow (403K KZT), 2 seeds within 2 hops.",8
100000002842321100,3,False,1,160000,1,0,0,0,0,False,0,0,0.000289179799517,0,0,191.257500112,0.0011953593757,peripheral,0.9,one_off_recipient,Single inflow of 160K KZT; 0 further outgoing transfers observed.,0.272763289431,"Single inflow of 160K KZT; 0 further outgoing transfers observed. Priority drivers: high case-money inflow (191 KZT), 0 seeds within 2 hops.",5
100000002842337100,2,False,1,50000,1,0,0,0,0,False,0,1,0.00036450109117,0,0,27027.0218887,0.540540437774,peripheral,0.9,one_off_recipient,Single inflow of 50K KZT; 0 further outgoing transfers observed.,0.584550676967,"Single inflow of 50K KZT; 0 further outgoing transfers observed. Priority drivers: high case-money inflow (27K KZT), 1 seeds within 2 hops.",6
100000002844652100,1,False,1,61360,1,0,0,0,0,False,1,1,0.000287532853865,0,0,61360,1,peripheral,0.9,one_off_recipient,Single inflow of 61K KZT; 0 further outgoing transfers observed.,0.529545632535,"Single inflow of 61K KZT; 0 further outgoing transfers observed. Priority drivers: high case-money inflow (61K KZT), 1 seeds within 2 hops.",6
100000002844897100,1,False,1,10800,1,0,0,0,0,False,1,1,0.000285189568279,0,0,10800,1,peripheral,0.9,one_off_recipient,Single inflow of 11K KZT; 0 further outgoing transfers observed.,0.455122978196,"Single inflow of 11K KZT; 0 further outgoing transfers observed. Priority drivers: high case-money inflow (11K KZT), 1 seeds within 2 hops.",8
100000002845605100,1,False,1,57567,1,0,0,0,0,False,1,1,0.000294755578044,0,0,57567,1,peripheral,0.9,one_off_recipient,Single inflow of 58K KZT; 0 further outgoing transfers observed.,0.558775700117,"Single inflow of 58K KZT; 0 further outgoing transfers observed. Priority drivers: high case-money inflow (58K KZT), 1 seeds within 2 hops.",0
100000002847207100,1,False,1,46243,1,0,0,0,0,False,1,2,0.000293221883763,0,0,46243,1,peripheral,0.9,one_off_recipient,Single inflow of 46K KZT; 0 further outgoing transfers observed.,0.588696785844,"Single inflow of 46K KZT; 0 further outgoing transfers observed. Priority drivers: high case-money inflow (46K KZT), 2 seeds within 2 hops.",2
100000002849158100,3,False,3,723000,3,1,1313000,3,1.81604426003,False,0,0,0.000334467015999,2.27868879095e-05,0.55064737243,1093.18126412,0.000832582836345,peripheral,0.6,other,"Limited role evidence: 3 payers, 1 recipients, 723K KZT received in observed graph.",0.468252322973,"Limited role evidence: 3 payers, 1 recipients, 723K KZT received in observed graph. Priority drivers: high case-money inflow (1K KZT), strong bridge position.",8
100000002852402100,2,False,1,55000,1,0,0,0,0,False,0,1,0.000325212656987,0,0,10349.4795244,0.188172354988,peripheral,0.9,one_off_recipient,Single inflow of 55K KZT; 0 further outgoing transfers observed.,0.536110304923,"Single inflow of 55K KZT; 0 further outgoing transfers observed. Priority drivers: high case-money inflow (10K KZT), 1 seeds within 2 hops.",15
100000002858835100,1,False,1,24400,1,0,0,0,0,False,1,1,0.00028912000074,0,0,24400,1,peripheral,0.9,one_off_recipient,Single inflow of 24K KZT; 0 further outgoing transfers observed.,0.506880237342,"Single inflow of 24K KZT; 0 further outgoing transfers observed. Priority drivers: high case-money inflow (24K KZT), 1 seeds within 2 hops.",1
100000002860934100,4,False,1,279500,4,0,0,0,0,True,0,0,0.000577263626417,0,0,772.324557376,0.00276323634124,peripheral,0.9,cut_off_hop4,Outgoing transfers not observed: graph cut off at hop 4.,0.297931552349,"Outgoing transfers not observed: graph cut off at hop 4. Priority drivers: high case-money inflow (772 KZT), high weighted network importance.",27
100000002861485100,1,False,1,29323,1,0,0,0,0,False,1,1,0.000287169299965,0,0,29323,1,peripheral,0.9,one_off_recipient,Single inflow of 29K KZT; 0 further outgoing transfers observed.,0.501628499431,"Single inflow of 29K KZT; 0 further outgoing transfers observed. Priority drivers: high case-money inflow (29K KZT), 1 seeds within 2 hops.",4
100000002862113100,3,False,1,47405,2,0,0,0,0,False,0,0,0.000297390531569,0,0,52.4138970633,0.00110566178807,peripheral,0.9,one_off_recipient,Single inflow of 47K KZT; 0 further outgoing transfers observed.,0.257215381143,"Single inflow of 47K KZT; 0 further outgoing transfers observed. Priority drivers: high case-money inflow (52 KZT), 0 seeds within 2 hops.",14
100000002863356100,2,False,1,45000,1,1,20000,1,0.444444444444,False,0,1,0.000299205578167,1.38702795971e-06,0,773.325466365,0.0171850103637,peripheral,0.6,other,"Limited role evidence: 1 payers, 1 recipients, 45K KZT received in observed graph.",0.508400477263,"Limited role evidence: 1 payers, 1 recipients, 45K KZT received in observed graph. Priority drivers: 1 seeds within 2 hops, high case-money inflow (773 KZT).",1
100000002864256100,1,False,1,135780,1,0,0,0,0,False,1,2,0.00031100536048,0,0,135780,1,peripheral,0.9,one_off_recipient,Single inflow of 136K KZT; 0 further outgoing transfers observed.,0.644669255681,"Single inflow of 136K KZT; 0 further outgoing transfers observed. Priority drivers: high case-money inflow (136K KZT), 2 seeds within 2 hops.",2
100000002864680100,1,False,1,55932,1,0,0,0,0,False,1,1,0.000293258934412,0,0,55932,1,peripheral,0.9,one_off_recipient,Single inflow of 56K KZT; 0 further outgoing transfers observed.,0.554076776723,"Single inflow of 56K KZT; 0 further outgoing transfers observed. Priority drivers: high case-money inflow (56K KZT), 1 seeds within 2 hops.",10
100000002870463100,2,False,3,207000,4,1,10000,1,0.048309178744,False,0,1,0.00202835595872,1.94183914359e-05,1,25342.9666089,0.122429790381,terminal,0.75,,Possible holding point: receives 207K KZT from 3 payers; observed onward flow is 5%.,0.766032772687,"Possible holding point: receives 207K KZT from 3 payers; observed onward flow is 5%. Priority drivers: high case-money inflow (25K KZT), 1 seeds within 2 hops.",6
100000002870937100,1,False,1,83700,1,0,0,0,0,False,1,1,0.000288805523064,0,0,83700,1,peripheral,0.9,one_off_recipient,Single inflow of 84K KZT; 0 further outgoing transfers observed.,0.543987911789,"Single inflow of 84K KZT; 0 further outgoing transfers observed. Priority drivers: high case-money inflow (84K KZT), 1 seeds within 2 hops.",6
100000002871199100,3,False,1,23186,1,0,0,0,0,False,0,0,0.000290568418921,0,0,25.6358742181,0.00110566178807,peripheral,0.9,one_off_recipient,Single inflow of 23K KZT; 0 further outgoing transfers observed.,0.220591419397,"Single inflow of 23K KZT; 0 further outgoing transfers observed. Priority drivers: 0 seeds within 2 hops, strong bridge position.",14
100000002872399100,3,False,1,1090000,9,0,0,0,0,False,0,0,0.000700903833626,0,0,88908.7147769,0.0815676282357,terminal,1,,Money stops here in the observed graph: receives 1.1M KZT from 1 payers; no outgoing transfers were traced.,0.625168723597,"Money stops here in the observed graph: receives 1.1M KZT from 1 payers; no outgoing transfers were traced. Priority drivers: high case-money inflow (89K KZT), high weighted network importance.",6
100000002876914100,4,False,1,12000,1,0,0,0,0,True,0,0,0.00029041673578,0,0,0.580619298553,4.83849415461e-05,peripheral,0.9,cut_off_hop4,Outgoing transfers not observed: graph cut off at hop 4.,0.126987483358,"Outgoing transfers not observed: graph cut off at hop 4. Priority drivers: 0 seeds within 2 hops, strong bridge position.",7
100000002877262100,3,False,1,100000,1,0,0,0,0,False,0,0,0.000298291070956,0,0,52.1896889291,0.000521896889291,peripheral,0.9,one_off_recipient,Single inflow of 100K KZT; 0 further outgoing transfers observed.,0.259703046469,"Single inflow of 100K KZT; 0 further outgoing transfers observed. Priority drivers: high case-money inflow (52 KZT), 0 seeds within 2 hops.",9
100000002878467100,3,False,2,200000,2,0,0,0,0,False,0,0,0.000312794114147,0,0,314.531843631,0.00157265921815,terminal,0.5,,Money stops here in the observed graph: receives 200K KZT from 2 payers; no outgoing transfers were traced.,0.403213695058,"Money stops here in the observed graph: receives 200K KZT from 2 payers; no outgoing transfers were traced. Priority drivers: high case-money inflow (315 KZT), terminal role signals.",9
100000002878483100,4,False,1,6000,1,0,0,0,0,True,0,0,0.00028722701098,0,0,0.290309649277,4.83849415461e-05,peripheral,0.9,cut_off_hop4,Outgoing transfers not observed: graph cut off at hop 4.,0.11361282714,"Outgoing transfers not observed: graph cut off at hop 4. Priority drivers: 0 seeds within 2 hops, strong bridge position.",7
100000002881669100,1,False,1,18600,1,0,0,0,0,False,1,1,0.000287103914534,0,0,18600,1,peripheral,0.9,one_off_recipient,Single inflow of 19K KZT; 0 further outgoing transfers observed.,0.483212865837,"Single inflow of 19K KZT; 0 further outgoing transfers observed. Priority drivers: high case-money inflow (19K KZT), 1 seeds within 2 hops.",10
100000002883402100,3,False,3,300000,3,0,0,0,0,False,0,0,0.000299021284867,0,0,235.053537017,0.000783511790057,terminal,0.75,,Money stops here in the observed graph: receives 300K KZT from 3 payers; no outgoing transfers were traced.,0.373776322033,"Money stops here in the observed graph: receives 300K KZT from 3 payers; no outgoing transfers were traced. Priority drivers: high case-money inflow (235 KZT), terminal role signals.",8
100000002884708100,4,False,1,1171644,2,0,0,0,0,True,0,0,0.000559184772567,0,0,102.530721717,8.75101325291e-05,peripheral,0.9,cut_off_hop4,Outgoing transfers not observed: graph cut off at hop 4.,0.247044976068,"Outgoing transfers not observed: graph cut off at hop 4. Priority drivers: high weighted network importance, high case-money inflow (103 KZT).",9
100000002886166100,3,False,1,185000,3,0,0,0,0,False,0,0,0.00032277979623,0,0,436.055040529,0.00235705427313,peripheral,0.9,one_off_recipient,Single inflow of 185K KZT; 0 further outgoing transfers observed.,0.360315288546,"Single inflow of 185K KZT; 0 further outgoing transfers observed. Priority drivers: high case-money inflow (436 KZT), high weighted network importance.",23
100000002890167100,1,False,1,118150,1,0,0,0,0,False,1,1,0.000296656985006,0,0,118150,1,peripheral,0.9,one_off_recipient,Single inflow of 118K KZT; 0 further outgoing transfers observed.,0.57784780095,"Single inflow of 118K KZT; 0 further outgoing transfers observed. Priority drivers: high case-money inflow (118K KZT), 1 seeds within 2 hops.",4
100000002891765100,3,False,1,55576,1,0,0,0,0,False,0,0,0.000299692174183,0,0,61.4482595335,0.00110566178807,peripheral,0.9,one_off_recipient,Single inflow of 56K KZT; 0 further outgoing transfers observed.,0.268133467852,"Single inflow of 56K KZT; 0 further outgoing transfers observed. Priority drivers: high case-money inflow (61 KZT), high weighted network importance.",14
100000002893020100,3,False,1,18340,1,0,0,0,0,False,0,0,0.000290822957924,0,0,141.51369258,0.00771612282334,peripheral,0.9,one_off_recipient,Single inflow of 18K KZT; 0 further outgoing transfers observed.,0.269722809588,"Single inflow of 18K KZT; 0 further outgoing transfers observed. Priority drivers: high case-money inflow (142 KZT), 0 seeds within 2 hops.",7
100000002894076100,1,False,4,1122782,6,0,0,0,0,False,2,3,0.000380696903549,0,0,822302.200311,0.732379215476,terminal,1,,Money stops here in the observed graph: receives 1.1M KZT from 4 payers; no outgoing transfers were traced.,0.759594786959,"Money stops here in the observed graph: receives 1.1M KZT from 4 payers; no outgoing transfers were traced. Priority drivers: high case-money inflow (822K KZT), 3 seeds within 2 hops.",6
100000002896506100,4,False,1,45000,1,0,0,0,0,True,0,0,0.000311906886985,0,0,66.1512537836,0.00147002786186,peripheral,0.9,cut_off_hop4,Outgoing transfers not observed: graph cut off at hop 4.,0.200124843945,"Outgoing transfers not observed: graph cut off at hop 4. Priority drivers: high weighted network importance, high case-money inflow (66 KZT).",5
100000002901457100,3,False,1,340000,1,3,119000,3,0.35,False,0,0,0.000372006571662,7.56920972299e-05,0,4124.34163574,0.0121304165757,peripheral,0.6,other,"Limited role evidence: 1 payers, 3 recipients, 340K KZT received in observed graph.",0.517660120421,"Limited role evidence: 1 payers, 3 recipients, 340K KZT received in observed graph. Priority drivers: high case-money inflow (4K KZT), strong bridge position.",0
100000002904919100,3,False,1,60325,1,1,5500,1,0.0911728139246,False,0,0,0.000289346344818,1.92202445845e-05,0,292.573869749,0.00484996054288,peripheral,0.6,other,"Limited role evidence: 1 payers, 1 recipients, 60K KZT received in observed graph.",0.358034928664,"Limited role evidence: 1 payers, 1 recipients, 60K KZT received in observed graph. Priority drivers: strong bridge position, high case-money inflow (293 KZT).",0
100000002906470100,3,False,1,130000,1,0,0,0,0,False,0,0,0.000306111484443,0,0,964.362905618,0.00741817619707,peripheral,0.9,one_off_recipient,Single inflow of 130K KZT; 0 further outgoing transfers observed.,0.365981637344,"Single inflow of 130K KZT; 0 further outgoing transfers observed. Priority drivers: high case-money inflow (964 KZT), high weighted network importance.",18
100000002908521100,3,False,1,44500,1,0,0,0,0,False,0,0,0.0002909318547,0,0,29.5705918446,0.0006645076819,peripheral,0.9,one_off_recipient,Single inflow of 44K KZT; 0 further outgoing transfers observed.,0.225186690069,"Single inflow of 44K KZT; 0 further outgoing transfers observed. Priority drivers: 0 seeds within 2 hops, strong bridge position.",1
100000002911170100,2,False,1,300000,2,0,0,0,0,False,0,1,0.000321174335658,0,0,495.005571446,0.00165001857149,terminal,0.5,,Money stops here in the observed graph: receives 300K KZT from 1 payers; no outgoing transfers were traced.,0.520272169014,"Money stops here in the observed graph: receives 300K KZT from 1 payers; no outgoing transfers were traced. Priority drivers: 1 seeds within 2 hops, high case-money inflow (495 KZT).",29
100000002913340100,3,False,1,23600,1,0,0,0,0,False,0,0,0.000287693731507,0,0,15.6823812929,0.0006645076819,peripheral,0.9,one_off_recipient,Single inflow of 24K KZT; 0 further outgoing transfers observed.,0.194436382566,"Single inflow of 24K KZT; 0 further outgoing transfers observed. Priority drivers: 0 seeds within 2 hops, strong bridge position.",1
100000002914245100,3,False,1,140611,1,0,0,0,0,False,0,0,0.000293981913234,0,0,303.255614712,0.00215669908266,peripheral,0.9,one_off_recipient,Single inflow of 141K KZT; 0 further outgoing transfers observed.,0.309179945732,"Single inflow of 141K KZT; 0 further outgoing transfers observed. Priority drivers: high case-money inflow (303 KZT), 0 seeds within 2 hops.",3
100000002916006100,0,True,0,0,0,1,32000,1,,False,0,0,0.00028403728618,0,,0,1,peripheral,0.6,other,"Limited role evidence: 0 payers, 1 recipients, 0 KZT received in observed graph.",0.0845709468331,"Limited role evidence: 0 payers, 1 recipients, 0 KZT received in observed graph. Priority drivers: 0 seeds within 2 hops, strong bridge position.",19
100000002921047100,1,False,2,338000,2,1,163000.02,1,0.482248579882,False,1,1,0.000315302336444,2.15980068012e-05,1,175107.966201,0.518070905919,peripheral,0.6,other,"Limited role evidence: 2 payers, 1 recipients, 338K KZT received in observed graph.",0.686026691728,"Limited role evidence: 2 payers, 1 recipients, 338K KZT received in observed graph. Priority drivers: high case-money inflow (175K KZT), 1 seeds within 2 hops.",6
100000002922000100,4,False,1,448000,1,0,0,0,0,True,0,0,0.000456555778231,0,0,65.8416842854,0.00014696804528,peripheral,0.9,cut_off_hop4,Outgoing transfers not observed: graph cut off at hop 4.,0.226680671301,"Outgoing transfers not observed: graph cut off at hop 4. Priority drivers: high weighted network importance, high case-money inflow (66 KZT).",42
100000002926970100,3,False,1,85000,1,0,0,0,0,False,0,0,0.000315486691754,0,0,655.870439984,0.00771612282334,peripheral,0.9,one_off_recipient,Single inflow of 85K KZT; 0 further outgoing transfers observed.,0.366119840974,"Single inflow of 85K KZT; 0 further outgoing transfers observed. Priority drivers: high case-money inflow (656 KZT), high weighted network importance.",7
100000002933386100,3,False,1,15000,1,1,58000,1,3.86666666667,False,0,0,0.000648634982682,2.00128319901e-05,0,299.159114919,0.00515791577447,peripheral,0.6,other,"Limited role evidence: 1 payers, 1 recipients, 15K KZT received in observed graph.",0.474229629937,"Limited role evidence: 1 payers, 1 recipients, 15K KZT received in observed graph. Priority drivers: high weighted network importance, strong bridge position.",2
100000002934441100,1,False,2,60845.6,2,0,0,0,0,False,1,1,0.000300821911489,0,0,36087.396967,0.593097889856,terminal,0.5,,Money stops here in the observed graph: receives 61K KZT from 2 payers; no outgoing transfers were traced.,0.617636625804,"Money stops here in the observed graph: receives 61K KZT from 2 payers; no outgoing transfers were traced. Priority drivers: high case-money inflow (36K KZT), 1 seeds within 2 hops.",0
100000002936322100,3,False,2,787133,2,0,0,0,0,False,0,0,0.000364250268046,0,0,2538.88807784,0.00322548804057,terminal,1,,Money stops here in the observed graph: receives 787K KZT from 2 payers; no outgoing transfers were traced.,0.482404374606,"Money stops here in the observed graph: receives 787K KZT from 2 payers; no outgoing transfers were traced. Priority drivers: high case-money inflow (3K KZT), high weighted network importance.",3
100000002938501100,1,False,1,8395,1,1,5000,1,0.595592614652,False,1,1,0.000284933963045,1.79439154729e-05,0,8395,1,peripheral,0.6,other,"Limited role evidence: 1 payers, 1 recipients, 8K KZT received in observed graph.",0.512615687955,"Limited role evidence: 1 payers, 1 recipients, 8K KZT received in observed graph. Priority drivers: high case-money inflow (8K KZT), 1 seeds within 2 hops.",4
100000002939838100,1,False,3,571233,3,0,0,0,0,False,1,4,0.000397689033661,0,0,167403.010955,0.293055567439,terminal,0.952055,,Money stops here in the observed graph: receives 571K KZT from 3 payers; no outgoing transfers were traced.,0.751578976464,"Money stops here in the observed graph: receives 571K KZT from 3 payers; no outgoing transfers were traced. Priority drivers: high case-money inflow (167K KZT), 4 seeds within 2 hops.",4
100000002941114100,1,False,2,128510,15,1,15000,1,0.116722434052,False,1,2,0.00190716947083,2.06072725443e-05,1,28303.6736719,0.220244912239,terminal,0.5,,Possible holding point: receives 129K KZT from 2 payers; observed onward flow is 12%.,0.815475121043,"Possible holding point: receives 129K KZT from 2 payers; observed onward flow is 12%. Priority drivers: high case-money inflow (28K KZT), 2 seeds within 2 hops.",11
100000002943472100,3,False,1,170000,1,0,0,0,0,False,0,0,0.0003082687203,0,0,88.7224711794,0.000521896889291,peripheral,0.9,one_off_recipient,Single inflow of 170K KZT; 0 further outgoing transfers observed.,0.288242095904,"Single inflow of 170K KZT; 0 further outgoing transfers observed. Priority drivers: high case-money inflow (89 KZT), high weighted network importance.",9
100000002945031100,3,False,1,15000,1,0,0,0,0,False,0,0,0.000289548580642,0,0,162.08803759,0.0108058691727,peripheral,0.9,one_off_recipient,Single inflow of 15K KZT; 0 further outgoing transfers observed.,0.268133467852,"Single inflow of 15K KZT; 0 further outgoing transfers observed. Priority drivers: high case-money inflow (162 KZT), 0 seeds within 2 hops.",12
100000002945626100,3,False,3,584000,3,0,0,0,0,False,0,0,0.000335876868604,0,0,971.32493908,0.00166322763541,terminal,0.973333333333,,Money stops here in the observed graph: receives 584K KZT from 3 payers; no outgoing transfers were traced.,0.450064725366,"Money stops here in the observed graph: receives 584K KZT from 3 payers; no outgoing transfers were traced. Priority drivers: high case-money inflow (971 KZT), high weighted network importance.",8
100000002947299100,2,False,1,85000,1,0,0,0,0,False,0,1,0.000335583464613,0,0,12663.0820542,0.148977435931,peripheral,0.9,one_off_recipient,Single inflow of 85K KZT; 0 further outgoing transfers observed.,0.545991864413,"Single inflow of 85K KZT; 0 further outgoing transfers observed. Priority drivers: high case-money inflow (13K KZT), 1 seeds within 2 hops.",2
100000002948492100,3,False,1,23660,1,0,0,0,0,False,0,0,0.000290701937291,0,0,26.1599579056,0.00110566178807,peripheral,0.9,one_off_recipient,Single inflow of 24K KZT; 0 further outgoing transfers observed.,0.222180761133,"Single inflow of 24K KZT; 0 further outgoing transfers observed. Priority drivers: 0 seeds within 2 hops, strong bridge position.",14
100000002951898100,3,False,1,39990,1,0,0,0,0,False,0,0,0.000295301842305,0,0,44.2154149047,0.00110566178807,peripheral,0.9,one_off_recipient,Single inflow of 40K KZT; 0 further outgoing transfers observed.,0.248992265204,"Single inflow of 40K KZT; 0 further outgoing transfers observed. Priority drivers: high case-money inflow (44 KZT), 0 seeds within 2 hops.",14
100000002952631100,1,False,1,48050,1,0,0,0,0,False,1,1,0.000289169546261,0,0,48050,1,peripheral,0.9,one_off_recipient,Single inflow of 48K KZT; 0 further outgoing transfers observed.,0.531825992417,"Single inflow of 48K KZT; 0 further outgoing transfers observed. Priority drivers: high case-money inflow (48K KZT), 1 seeds within 2 hops.",4
100000002952756100,3,False,1,47000,1,0,0,0,0,False,0,0,0.0003656342036,0,0,231.555177413,0.0049267059024,peripheral,0.9,one_off_recipient,Single inflow of 47K KZT; 0 further outgoing transfers observed.,0.353681514343,"Single inflow of 47K KZT; 0 further outgoing transfers observed. Priority drivers: high case-money inflow (232 KZT), high weighted network importance.",7
100000002954780100,3,False,1,133400,1,0,0,0,0,False,0,0,0.000290863704233,0,0,168.18293832,0.00126074166657,peripheral,0.9,one_off_recipient,Single inflow of 133K KZT; 0 further outgoing transfers observed.,0.275803769274,"Single inflow of 133K KZT; 0 further outgoing transfers observed. Priority drivers: high case-money inflow (168 KZT), 0 seeds within 2 hops.",8
100000002956769100,3,False,3,840000,3,0,0,0,0,False,0,0,0.000382594117561,0,0,1225.64998762,0.00145910712812,terminal,1,,Money stops here in the observed graph: receives 840K KZT from 3 payers; no outgoing transfers were traced.,0.469827844346,"Money stops here in the observed graph: receives 840K KZT from 3 payers; no outgoing transfers were traced. Priority drivers: high case-money inflow (1K KZT), high weighted network importance.",13
100000002956779100,3,False,1,411000,1,0,0,0,0,False,0,0,0.000400751611431,0,0,3643.41522452,0.00886475723728,terminal,0.685,,Money stops here in the observed graph: receives 411K KZT from 1 payers; no outgoing transfers were traced.,0.498090486523,"Money stops here in the observed graph: receives 411K KZT from 1 payers; no outgoing transfers were traced. Priority drivers: high case-money inflow (4K KZT), high weighted network importance.",2
100000002956898100,2,False,2,290240,2,0,0,0,0,False,0,1,0.000374623502682,0,0,7055.97410795,0.0243108258956,terminal,0.5,,Money stops here in the observed graph: receives 290K KZT from 2 payers; no outgoing transfers were traced.,0.602848837477,"Money stops here in the observed graph: receives 290K KZT from 2 payers; no outgoing transfers were traced. Priority drivers: high case-money inflow (7K KZT), 1 seeds within 2 hops.",15
100000002957306100,1,False,2,398490,2,0,0,0,0,False,2,4,0.000353171140221,0,0,398490,1,terminal,0.66415,,Money stops here in the observed graph: receives 398K KZT from 2 payers; no outgoing transfers were traced.,0.750266041986,"Money stops here in the observed graph: receives 398K KZT from 2 payers; no outgoing transfers were traced. Priority drivers: high case-money inflow (398K KZT), 4 seeds within 2 hops.",11
100000002957787100,2,False,4,84956,7,34,1276153.96,41,15.0213517586,False,0,1,0.000610125996117,0.00427664542621,0.75512359026,999.02809739,0.000782842923898,coordinator,0.503702505482,,Bridge hypothesis: top 1% betweenness; links 4 payers and 34 recipients.,0.814065444025,"Bridge hypothesis: top 1% betweenness; links 4 payers and 34 recipients. Priority drivers: coordinator role signals, high case-money inflow (999 KZT).",0
100000002958139100,3,False,1,209500,2,0,0,0,0,False,0,0,0.00029872352291,0,0,235.532593401,0.00112426058903,peripheral,0.9,one_off_recipient,Single inflow of 210K KZT; 0 further outgoing transfers observed.,0.311183898356,"Single inflow of 210K KZT; 0 further outgoing transfers observed. Priority drivers: high case-money inflow (236 KZT), high weighted network importance.",8
100000002958286100,1,False,1,257000,1,0,0,0,0,False,1,1,0.000311457332425,0,0,257000,1,peripheral,0.9,one_off_recipient,Single inflow of 257K KZT; 0 further outgoing transfers observed.,0.611569486481,"Single inflow of 257K KZT; 0 further outgoing transfers observed. Priority drivers: high case-money inflow (257K KZT), 1 seeds within 2 hops.",8
100000002958343100,2,False,1,2900000,4,2,1390000,17,0.479310344828,False,0,1,0.000625412304915,3.96293702774e-07,0.107913669065,236546.122117,0.0815676283162,peripheral,0.6,other,"Limited role evidence: 1 payers, 2 recipients, 2.9M KZT received in observed graph.",0.729975445822,"Limited role evidence: 1 payers, 2 recipients, 2.9M KZT received in observed graph. Priority drivers: high case-money inflow (237K KZT), 1 seeds within 2 hops.",6
100000002958345100,3,False,1,307000,1,0,0,0,0,False,0,0,0.000298555574801,0,0,98.4685099167,0.000320744331976,terminal,0.511666666667,,Money stops here in the observed graph: receives 307K KZT from 1 payers; no outgoing transfers were traced.,0.339087211097,"Money stops here in the observed graph: receives 307K KZT from 1 payers; no outgoing transfers were traced. Priority drivers: terminal role signals, high case-money inflow (98 KZT).",13
100000002963189100,3,False,1,490000,3,7,5219000,15,10.6510204082,False,0,0,0.000422062605048,8.54078415082e-05,0,541.774276152,0.00010380806211,peripheral,0.6,other,"Limited role evidence: 1 payers, 7 recipients, 490K KZT received in observed graph.",0.479032206052,"Limited role evidence: 1 payers, 7 recipients, 490K KZT received in observed graph. Priority drivers: strong bridge position, high case-money inflow (542 KZT).",14
100000002964966100,2,False,1,200000,1,0,0,0,0,False,0,1,0.000393146253664,0,0,27157.4176115,0.135787088057,peripheral,0.9,one_off_recipient,Single inflow of 200K KZT; 0 further outgoing transfers observed.,0.591115349356,"Single inflow of 200K KZT; 0 further outgoing transfers observed. Priority drivers: high case-money inflow (27K KZT), 1 seeds within 2 hops.",2
100000002968096100,4,False,1,70000,1,0,0,0,0,True,0,0,0.000317725219931,0,0,25.6429255577,0.000366327507967,peripheral,0.9,cut_off_hop4,Outgoing transfers not observed: graph cut off at hop 4.,0.187403199875,"Outgoing transfers not observed: graph cut off at hop 4. Priority drivers: high weighted network importance, 0 seeds within 2 hops.",3
100000002969048100,2,False,1,108470,1,0,0,0,0,False,0,1,0.000304457334301,0,0,26033.4942265,0.240006400171,peripheral,0.9,one_off_recipient,Single inflow of 108K KZT; 0 further outgoing transfers observed.,0.549377853329,"Single inflow of 108K KZT; 0 further outgoing transfers observed. Priority drivers: high case-money inflow (26K KZT), 1 seeds within 2 hops.",6
100000002970466100,3,False,1,23317,1,2,93000,3,3.98850624008,False,0,0,0.000285341332033,3.84404891691e-05,0.430107526882,19.7365016479,0.000212220447827,peripheral,0.6,other,"Limited role evidence: 1 payers, 2 recipients, 23K KZT received in observed graph.",0.265887658877,"Limited role evidence: 1 payers, 2 recipients, 23K KZT received in observed graph. Priority drivers: strong bridge position, 0 seeds within 2 hops.",0
100000002971593100,4,False,1,49050,1,0,0,0,0,True,0,0,0.000527244753728,0,0,58.6323772721,0.00119535937354,peripheral,0.9,cut_off_hop4,Outgoing transfers not observed: graph cut off at hop 4.,0.229921546406,"Outgoing transfers not observed: graph cut off at hop 4. Priority drivers: high weighted network importance, high case-money inflow (59 KZT).",5
100000002973903100,1,False,3,92880,3,0,0,0,0,False,1,2,0.000315122592417,0,0,43474.4954312,0.468071656236,terminal,0.75,,Money stops here in the observed graph: receives 93K KZT from 3 payers; no outgoing transfers were traced.,0.683559756946,"Money stops here in the observed graph: receives 93K KZT from 3 payers; no outgoing transfers were traced. Priority drivers: high case-money inflow (43K KZT), 2 seeds within 2 hops.",10
100000002974256100,2,False,1,7200,1,0,0,0,0,False,0,1,0.000528762307623,0,0,7200,1,peripheral,0.9,one_off_recipient,Single inflow of 7K KZT; 0 further outgoing transfers observed.,0.562230790847,"Single inflow of 7K KZT; 0 further outgoing transfers observed. Priority drivers: high case-money inflow (7K KZT), 1 seeds within 2 hops.",10
100000002975287100,3,False,1,15000,1,0,0,0,0,False,0,0,0.000287635185154,0,0,56.3974351112,0.00375982900741,peripheral,0.9,one_off_recipient,Single inflow of 15K KZT; 0 further outgoing transfers observed.,0.224633875552,"Single inflow of 15K KZT; 0 further outgoing transfers observed. Priority drivers: high case-money inflow (56 KZT), 0 seeds within 2 hops.",16
100000002975437100,3,False,1,530000,2,1,8500,1,0.0160377358491,False,0,0,0.000517339660629,0,0,2436.62427128,0.00459740428543,terminal,0.883333333333,,Possible holding point: receives 530K KZT from 1 payers; observed onward flow is 2%.,0.501545577254,"Possible holding point: receives 530K KZT from 1 payers; observed onward flow is 2%. Priority drivers: high case-money inflow (2K KZT), high weighted network importance.",30
100000002981489100,4,False,1,10000,1,0,0,0,0,True,0,0,0.000286780808046,0,0,5.59157514975,0.000559157514975,peripheral,0.9,cut_off_hop4,Outgoing transfers not observed: graph cut off at hop 4.,0.119828535364,"Outgoing transfers not observed: graph cut off at hop 4. Priority drivers: 0 seeds within 2 hops, strong bridge position.",5
100000002981527100,1,False,1,168000,1,0,0,0,0,False,1,1,0.000301961674386,0,0,168000,1,peripheral,0.9,one_off_recipient,Single inflow of 168K KZT; 0 further outgoing transfers observed.,0.594432236457,"Single inflow of 168K KZT; 0 further outgoing transfers observed. Priority drivers: high case-money inflow (168K KZT), 1 seeds within 2 hops.",8
100000002982252100,1,False,1,20320,1,0,0,0,0,False,1,1,0.000288270104207,0,0,20320,1,peripheral,0.9,one_off_recipient,Single inflow of 20K KZT; 0 further outgoing transfers observed.,0.495685743374,"Single inflow of 20K KZT; 0 further outgoing transfers observed. Priority drivers: high case-money inflow (20K KZT), 1 seeds within 2 hops.",1
100000002983426100,3,False,1,88945,1,0,0,0,0,False,0,0,0.000316946314166,0,0,686.310544522,0.00771612282334,peripheral,0.9,one_off_recipient,Single inflow of 89K KZT; 0 further outgoing transfers observed.,0.369367626261,"Single inflow of 89K KZT; 0 further outgoing transfers observed. Priority drivers: high case-money inflow (686 KZT), high weighted network importance.",7
100000002983879100,2,False,2,200050,2,0,0,0,0,False,0,1,0.00035599294429,0,0,17101.0665781,0.0854839619001,terminal,0.5,,Money stops here in the observed graph: receives 200K KZT from 2 payers; no outgoing transfers were traced.,0.624408603637,"Money stops here in the observed graph: receives 200K KZT from 2 payers; no outgoing transfers were traced. Priority drivers: high case-money inflow (17K KZT), 1 seeds within 2 hops.",2
100000002984403100,3,False,1,20000,1,1,25000,1,1.25,False,0,0,0.000318303929801,2.00128319901e-05,0,382.647963133,0.0153059185253,peripheral,0.6,other,"Limited role evidence: 1 payers, 1 recipients, 20K KZT received in observed graph.",0.42710219237,"Limited role evidence: 1 payers, 1 recipients, 20K KZT received in observed graph. Priority drivers: high case-money inflow (383 KZT), strong bridge position.",24
100000002986245100,4,False,1,5750,1,0,0,0,0,True,0,0,0.00028709410578,0,0,0.27821341389,4.83849415461e-05,peripheral,0.9,cut_off_hop4,Outgoing transfers not observed: graph cut off at hop 4.,0.112814701181,"Outgoing transfers not observed: graph cut off at hop 4. Priority drivers: 0 seeds within 2 hops, strong bridge position.",7
100000002988894100,1,False,1,306121,1,3,77500,3,0.253167864995,False,1,2,0.000344837800783,7.13328664994e-05,0.374193548387,306121,1,peripheral,0.6,other,"Limited role evidence: 1 payers, 3 recipients, 306K KZT received in observed graph.",0.760552998788,"Limited role evidence: 1 payers, 3 recipients, 306K KZT received in observed graph. Priority drivers: high case-money inflow (306K KZT), 2 seeds within 2 hops.",2
100000002989353100,3,False,1,500000,2,2,321160,2,0.64232,False,0,0,0.000307682707388,2.77405591942e-06,0.93411383734,160.372165988,0.000320744331976,peripheral,0.6,other,"Limited role evidence: 1 payers, 2 recipients, 500K KZT received in observed graph.",0.372235351567,"Limited role evidence: 1 payers, 2 recipients, 500K KZT received in observed graph. Priority drivers: strong bridge position, high case-money inflow (160 KZT).",13
100000002990675100,3,False,1,51143,1,0,0,0,0,False,0,0,0.000285681058427,0,0,61.1342645514,0.0011953593757,peripheral,0.9,one_off_recipient,Single inflow of 51K KZT; 0 further outgoing transfers observed.,0.214234052453,"Single inflow of 51K KZT; 0 further outgoing transfers observed. Priority drivers: high case-money inflow (61 KZT), 0 seeds within 2 hops.",5
100000002991079100,1,False,2,148900,3,1,11000,1,0.073875083949,False,1,1,0.000392831580072,1.98146851387e-05,1,54877.3098171,0.368551442693,terminal,0.5,,Possible holding point: receives 149K KZT from 2 payers; observed onward flow is 7%.,0.75162504434,"Possible holding point: receives 149K KZT from 2 payers; observed onward flow is 7%. Priority drivers: high case-money inflow (55K KZT), 1 seeds within 2 hops.",4
100000002992171100,1,False,1,14627,1,0,0,0,0,False,1,1,0.000287084206912,0,0,14627,1,peripheral,0.9,one_off_recipient,Single inflow of 15K KZT; 0 further outgoing transfers observed.,0.475162504434,"Single inflow of 15K KZT; 0 further outgoing transfers observed. Priority drivers: high case-money inflow (15K KZT), 1 seeds within 2 hops.",1
100000002994441100,4,False,1,5000,1,0,0,0,0,True,0,0,0.000549915680563,0,0,33.2575174959,0.00665150349918,peripheral,0.9,cut_off_hop4,Outgoing transfers not observed: graph cut off at hop 4.,0.225713245897,"Outgoing transfers not observed: graph cut off at hop 4. Priority drivers: high weighted network importance, 0 seeds within 2 hops.",3
100000002999140100,4,False,1,10000,2,0,0,0,0,True,0,0,0.000287924496115,0,0,7.10610743102,0.000710610743102,peripheral,0.9,cut_off_hop4,Outgoing transfers not observed: graph cut off at hop 4.,0.127277710979,"Outgoing transfers not observed: graph cut off at hop 4. Priority drivers: 0 seeds within 2 hops, strong bridge position.",10
100000003001138100,4,False,1,30000,1,0,0,0,0,True,0,0,0.000315510596402,0,0,82.8970902372,0.00276323634124,peripheral,0.9,cut_off_hop4,Outgoing transfers not observed: graph cut off at hop 4.,0.206364737805,"Outgoing transfers not observed: graph cut off at hop 4. Priority drivers: high weighted network importance, high case-money inflow (83 KZT).",27
100000003001564100,1,False,1,23520,1,1,180000,1,7.65306122449,False,1,1,0.000286549476754,1.92202445845e-05,0,23520,0.130666666667,peripheral,0.6,other,"Limited role evidence: 1 payers, 1 recipients, 24K KZT received in observed graph.",0.55718635838,"Limited role evidence: 1 payers, 1 recipients, 24K KZT received in observed graph. Priority drivers: high case-money inflow (24K KZT), 1 seeds within 2 hops.",4
100000003001661100,3,False,1,110000,1,5,439500,8,3.99545454545,False,0,0,0.000542451757991,8.32216775826e-05,0,1214.44964035,0.00276325287906,peripheral,0.6,other,"Limited role evidence: 1 payers, 5 recipients, 110K KZT received in observed graph.",0.518765749455,"Limited role evidence: 1 payers, 5 recipients, 110K KZT received in observed graph. Priority drivers: high case-money inflow (1K KZT), strong bridge position.",27
100000003003821100,2,False,1,40000,1,0,0,0,0,False,0,1,0.000435320966629,0,0,40000,1,peripheral,0.9,one_off_recipient,Single inflow of 40K KZT; 0 further outgoing transfers observed.,0.609289126599,"Single inflow of 40K KZT; 0 further outgoing transfers observed. Priority drivers: high case-money inflow (40K KZT), 1 seeds within 2 hops.",2
100000003004487100,1,False,4,183702.8,9,2,265015,3,1.44262907261,False,1,1,0.000348769032571,0.0001927968864,0.924532573628,48512.5238079,0.18305576593,peripheral,0.6,other,"Limited role evidence: 4 payers, 2 recipients, 184K KZT received in observed graph.",0.690760166029,"Limited role evidence: 4 payers, 2 recipients, 184K KZT received in observed graph. Priority drivers: high case-money inflow (49K KZT), 1 seeds within 2 hops.",30
100000003005167100,4,False,1,7000,1,0,0,0,0,True,0,0,0.00028775863178,0,0,0.338694590823,4.83849415461e-05,peripheral,0.9,cut_off_hop4,Outgoing transfers not observed: graph cut off at hop 4.,0.11678114534,"Outgoing transfers not observed: graph cut off at hop 4. Priority drivers: 0 seeds within 2 hops, strong bridge position.",7
100000003006633100,3,False,1,10000,1,0,0,0,0,False,0,0,0.000291589076547,0,0,32.0594209201,0.00320594209201,peripheral,0.9,one_off_recipient,Single inflow of 10K KZT; 0 further outgoing transfers observed.,0.229090942595,"Single inflow of 10K KZT; 0 further outgoing transfers observed. Priority drivers: 0 seeds within 2 hops, strong bridge position.",33
100000003009900100,3,False,1,15998,1,0,0,0,0,False,0,0,0.000289956434302,0,0,123.442532928,0.00771612282334,peripheral,0.9,one_off_recipient,Single inflow of 16K KZT; 0 further outgoing transfers observed.,0.261015980946,"Single inflow of 16K KZT; 0 further outgoing transfers observed. Priority drivers: high case-money inflow (123 KZT), 0 seeds within 2 hops.",7
100000003010908100,4,False,1,17000,1,0,0,0,0,True,0,0,0.000397122566203,0,0,76.3521182965,0.00449130107626,peripheral,0.9,cut_off_hop4,Outgoing transfers not observed: graph cut off at hop 4.,0.224890934303,"Outgoing transfers not observed: graph cut off at hop 4. Priority drivers: high weighted network importance, high case-money inflow (76 KZT).",7
100000003014659100,1,False,1,280000,1,0,0,0,0,False,1,2,0.000326267734604,0,0,280000,1,peripheral,0.9,one_off_recipient,Single inflow of 280K KZT; 0 further outgoing transfers observed.,0.666021716397,"Single inflow of 280K KZT; 0 further outgoing transfers observed. Priority drivers: high case-money inflow (280K KZT), 2 seeds within 2 hops.",11
100000003016438100,3,False,1,200000,1,1,300000,3,1.5,False,0,0,0.000315171478889,2.13998599498e-05,0.666666666667,627.372866729,0.0020912428891,peripheral,0.6,other,"Limited role evidence: 1 payers, 1 recipients, 200K KZT received in observed graph.",0.440162435332,"Limited role evidence: 1 payers, 1 recipients, 200K KZT received in observed graph. Priority drivers: high case-money inflow (627 KZT), strong bridge position.",9
100000003016635100,0,True,8,586981,36,73,9414081,151,16.038135817,False,0,1,0.00118297146528,0.00721546908245,0.935081076953,106066.191879,1,consolidator,0.8,,"Signs of consolidation: seed receives from 8 payers, 587K KZT observed in and 9.4M KZT observed out.",0.561095678373,"Signs of consolidation: seed receives from 8 payers, 587K KZT observed in and 9.4M KZT observed out. Priority drivers: high case-money inflow (106K KZT), consolidator role signals.",4
100000003016773100,2,False,1,46555,1,0,0,0,0,False,0,1,0.000313070053009,0,0,2908.92736894,0.0624836724077,peripheral,0.9,one_off_recipient,Single inflow of 47K KZT; 0 further outgoing transfers observed.,0.496031252447,"Single inflow of 47K KZT; 0 further outgoing transfers observed. Priority drivers: high case-money inflow (3K KZT), 1 seeds within 2 hops.",9
100000003022835100,1,False,1,125000,1,0,0,0,0,False,1,2,0.00030886428049,0,0,125000,1,peripheral,0.9,one_off_recipient,Single inflow of 125K KZT; 0 further outgoing transfers observed.,0.641248715858,"Single inflow of 125K KZT; 0 further outgoing transfers observed. Priority drivers: high case-money inflow (125K KZT), 2 seeds within 2 hops.",2
100000003024542100,2,False,1,8500,1,0,0,0,0,False,0,1,0.000316185068275,0,0,8500,1,peripheral,0.9,one_off_recipient,Single inflow of 8K KZT; 0 further outgoing transfers observed.,0.523879283737,"Single inflow of 8K KZT; 0 further outgoing transfers observed. Priority drivers: high case-money inflow (8K KZT), 1 seeds within 2 hops.",2
100000003025903100,4,False,1,386300,6,0,0,0,0,True,0,0,0.000523282325981,0,0,567.871763036,0.00147002786186,peripheral,0.9,cut_off_hop4,Outgoing transfers not observed: graph cut off at hop 4.,0.282791344767,"Outgoing transfers not observed: graph cut off at hop 4. Priority drivers: high case-money inflow (568 KZT), high weighted network importance.",5
100000003031003100,3,False,3,280090,3,0,0,0,0,False,0,0,0.000309790990958,0,0,137.226137059,0.000489935867254,terminal,0.75,,Money stops here in the observed graph: receives 280K KZT from 3 payers; no outgoing transfers were traced.,0.368248176864,"Money stops here in the observed graph: receives 280K KZT from 3 payers; no outgoing transfers were traced. Priority drivers: high case-money inflow (137 KZT), terminal role signals.",13
100000003031633100,3,False,1,414000,2,0,0,0,0,False,0,0,0.000313059252797,0,0,465.443883857,0.00112426058903,terminal,0.69,,Money stops here in the observed graph: receives 414K KZT from 1 payers; no outgoing transfers were traced.,0.416619447093,"Money stops here in the observed graph: receives 414K KZT from 1 payers; no outgoing transfers were traced. Priority drivers: high case-money inflow (465 KZT), terminal role signals.",8
100000003031761100,3,False,1,460408,1,0,0,0,0,False,0,0,0.000316599360646,0,0,992.961511248,0.00215669908266,terminal,0.767346666667,,Money stops here in the observed graph: receives 460K KZT from 1 payers; no outgoing transfers were traced.,0.440459573135,"Money stops here in the observed graph: receives 460K KZT from 1 payers; no outgoing transfers were traced. Priority drivers: high case-money inflow (993 KZT), terminal role signals.",3
100000003031890100,2,False,1,215000,10,0,0,0,0,False,0,1,0.000389788708275,0,0,3265.95814957,0.0151905030212,peripheral,0.9,one_off_recipient,Single inflow of 215K KZT; 0 further outgoing transfers observed.,0.526228745434,"Single inflow of 215K KZT; 0 further outgoing transfers observed. Priority drivers: high case-money inflow (3K KZT), 1 seeds within 2 hops.",23
100000003034546100,2,False,1,486715,2,0,0,0,0,False,0,1,0.000329531012255,0,0,55518.7958055,0.114068388699,terminal,0.811191666667,,Money stops here in the observed graph: receives 487K KZT from 1 payers; no outgoing transfers were traced.,0.659374121831,"Money stops here in the observed graph: receives 487K KZT from 1 payers; no outgoing transfers were traced. Priority drivers: high case-money inflow (56K KZT), 1 seeds within 2 hops.",8
100000003035737100,3,False,2,809170,3,1,6544.53,1,0.00808795432357,False,0,0,0.000376551248691,1.92202445845e-05,1,1136.4530848,0.00140446764562,terminal,1,,Possible holding point: receives 809K KZT from 2 payers; observed onward flow is 1%.,0.53623468819,"Possible holding point: receives 809K KZT from 2 payers; observed onward flow is 1%. Priority drivers: high case-money inflow (1K KZT), strong bridge position.",5
100000003036198100,2,False,1,15000,1,0,0,0,0,False,0,1,0.000286386078311,0,0,212.057624459,0.014137174964,peripheral,0.9,one_off_recipient,Single inflow of 15K KZT; 0 further outgoing transfers observed.,0.353681514343,"Single inflow of 15K KZT; 0 further outgoing transfers observed. Priority drivers: 1 seeds within 2 hops, high case-money inflow (212 KZT).",2
100000003037476100,4,False,3,555000,3,0,0,0,0,True,0,0,0.000357324587931,0,0,259.414654489,0.000467413791872,peripheral,0.9,cut_off_hop4,Outgoing transfers not observed: graph cut off at hop 4.,0.248496114175,"Outgoing transfers not observed: graph cut off at hop 4. Priority drivers: high case-money inflow (259 KZT), high weighted network importance.",8
100000003037660100,1,False,1,53000,1,0,0,0,0,False,1,2,0.000294563931767,0,0,53000,1,peripheral,0.9,one_off_recipient,Single inflow of 53K KZT; 0 further outgoing transfers observed.,0.598509243519,"Single inflow of 53K KZT; 0 further outgoing transfers observed. Priority drivers: high case-money inflow (53K KZT), 2 seeds within 2 hops.",2
100000003039473100,2,False,1,23000,1,0,0,0,0,False,0,1,0.000310426201715,0,0,20980.1000858,0.912178264598,peripheral,0.9,one_off_recipient,Single inflow of 23K KZT; 0 further outgoing transfers observed.,0.546682882559,"Single inflow of 23K KZT; 0 further outgoing transfers observed. Priority drivers: high case-money inflow (21K KZT), 1 seeds within 2 hops.",4
100000003040087100,4,False,1,29000,1,0,0,0,0,True,0,0,0.000294810381746,0,0,68.4566409779,0.00236057382682,peripheral,0.9,cut_off_hop4,Outgoing transfers not observed: graph cut off at hop 4.,0.181937246339,"Outgoing transfers not observed: graph cut off at hop 4. Priority drivers: high case-money inflow (68 KZT), 0 seeds within 2 hops.",7
100000003042994100,1,False,1,286086,3,0,0,0,0,False,1,1,0.000314594367504,0,0,286086,1,peripheral,0.9,one_off_recipient,Single inflow of 286K KZT; 0 further outgoing transfers observed.,0.615853798987,"Single inflow of 286K KZT; 0 further outgoing transfers observed. Priority drivers: high case-money inflow (286K KZT), 1 seeds within 2 hops.",4
100000003044431100,2,False,2,60000,2,0,0,0,0,False,0,1,0.000300812040688,0,0,1204.86782389,0.0200811303982,terminal,0.5,,Money stops here in the observed graph: receives 60K KZT from 2 payers; no outgoing transfers were traced.,0.52275983434,"Money stops here in the observed graph: receives 60K KZT from 2 payers; no outgoing transfers were traced. Priority drivers: high case-money inflow (1K KZT), 1 seeds within 2 hops.",2
100000003044518100,1,False,1,34423,1,0,0,0,0,False,1,1,0.00028599830193,0,0,34423,1,peripheral,0.9,one_off_recipient,Single inflow of 34K KZT; 0 further outgoing transfers observed.,0.498588019588,"Single inflow of 34K KZT; 0 further outgoing transfers observed. Priority drivers: high case-money inflow (34K KZT), 1 seeds within 2 hops.",6
100000003047800100,4,False,1,12212,1,0,0,0,0,True,0,0,0.000372451455904,0,0,8.04692824968,0.000658936148844,peripheral,0.9,cut_off_hop4,Outgoing transfers not observed: graph cut off at hop 4.,0.184549294931,"Outgoing transfers not observed: graph cut off at hop 4. Priority drivers: high weighted network importance, 0 seeds within 2 hops.",13
100000003050771100,3,False,1,229000,1,0,0,0,0,False,0,0,0.000368176381636,0,0,2474.54404054,0.0108058691727,peripheral,0.9,one_off_recipient,Single inflow of 229K KZT; 0 further outgoing transfers observed.,0.420572070889,"Single inflow of 229K KZT; 0 further outgoing transfers observed. Priority drivers: high case-money inflow (2K KZT), high weighted network importance.",12
100000003054328100,2,False,1,140000,1,2,193720,2,1.38371428571,False,0,1,0.000334048354128,7.92587405548e-07,0.963865372703,2039.00591841,0.0105255312741,peripheral,0.6,other,"Limited role evidence: 1 payers, 2 recipients, 140K KZT received in observed graph.",0.560054083687,"Limited role evidence: 1 payers, 2 recipients, 140K KZT received in observed graph. Priority drivers: high case-money inflow (2K KZT), 1 seeds within 2 hops.",13
100000003057225100,1,False,1,236000,1,0,0,0,0,False,1,1,0.000309244640585,0,0,236000,1,peripheral,0.9,one_off_recipient,Single inflow of 236K KZT; 0 further outgoing transfers observed.,0.60735427579,"Single inflow of 236K KZT; 0 further outgoing transfers observed. Priority drivers: high case-money inflow (236K KZT), 1 seeds within 2 hops.",4
100000003060187100,3,False,1,93046,1,0,0,0,0,False,0,0,0.000299836638884,0,0,690.231622432,0.00741817619707,peripheral,0.9,one_off_recipient,Single inflow of 93K KZT; 0 further outgoing transfers observed.,0.349535405466,"Single inflow of 93K KZT; 0 further outgoing transfers observed. Priority drivers: high case-money inflow (690 KZT), high weighted network importance.",18
100000003060517100,3,False,1,315955,1,0,0,0,0,False,0,0,0.000359822230883,0,0,1187.93677404,0.00375982900741,terminal,0.526591666667,,Money stops here in the observed graph: receives 316K KZT from 1 payers; no outgoing transfers were traced.,0.463677782845,"Money stops here in the observed graph: receives 316K KZT from 1 payers; no outgoing transfers were traced. Priority drivers: high case-money inflow (1K KZT), high weighted network importance.",16
100000003061115100,4,False,1,45000,1,0,0,0,0,True,0,0,0.000530733501484,0,0,290.377911987,0.00645284248861,peripheral,0.9,cut_off_hop4,Outgoing transfers not observed: graph cut off at hop 4.,0.269344131644,"Outgoing transfers not observed: graph cut off at hop 4. Priority drivers: high weighted network importance, high case-money inflow (290 KZT).",0
100000003062895100,2,False,2,328444,2,0,0,0,0,False,0,1,0.000405308884083,0,0,11156.2561546,0.0339669963664,terminal,0.547406666667,,Money stops here in the observed graph: receives 328K KZT from 2 payers; no outgoing transfers were traced.,0.622404651013,"Money stops here in the observed graph: receives 328K KZT from 2 payers; no outgoing transfers were traced. Priority drivers: high case-money inflow (11K KZT), 1 seeds within 2 hops.",9
100000003066385100,1,False,2,20000,2,0,0,0,0,False,1,1,0.00028996299605,0,0,10007.8284285,0.500391421425,terminal,0.5,,Money stops here in the observed graph: receives 20K KZT from 2 payers; no outgoing transfers were traced.,0.543213971466,"Money stops here in the observed graph: receives 20K KZT from 2 payers; no outgoing transfers were traced. Priority drivers: high case-money inflow (10K KZT), 1 seeds within 2 hops.",0
100000003068941100,2,False,3,94000,3,1,25000,2,0.265957446809,False,0,1,0.000318402387822,1.98146851387e-05,1,7327.21416413,0.0779490868525,peripheral,0.6,other,"Limited role evidence: 3 payers, 1 recipients, 94K KZT received in observed graph.",0.59567606912,"Limited role evidence: 3 payers, 1 recipients, 94K KZT received in observed graph. Priority drivers: high case-money inflow (7K KZT), 1 seeds within 2 hops.",0
100000003069463100,3,False,1,11500,1,1,17920,1,1.55826086957,False,0,0,0.000286895489957,1.96165382873e-05,0,3.7112583015,0.000207101467718,peripheral,0.6,other,"Limited role evidence: 1 payers, 1 recipients, 12K KZT received in observed graph.",0.241702023762,"Limited role evidence: 1 payers, 1 recipients, 12K KZT received in observed graph. Priority drivers: strong bridge position, 0 seeds within 2 hops.",25
100000003071649100,3,False,1,189500,1,0,0,0,0,False,0,0,0.000293734484238,0,0,238.910545814,0.00126074166657,peripheral,0.9,one_off_recipient,Single inflow of 190K KZT; 0 further outgoing transfers observed.,0.299367488057,"Single inflow of 190K KZT; 0 further outgoing transfers observed. Priority drivers: high case-money inflow (239 KZT), 0 seeds within 2 hops.",8
100000003071930100,1,False,3,477610,4,1,5000,1,0.0104687925295,False,1,1,0.000346494682405,4.27997198996e-05,1,228378.237957,0.478168878283,terminal,0.796016666667,,Possible holding point: receives 478K KZT from 3 payers; observed onward flow is 1%.,0.773426666851,"Possible holding point: receives 478K KZT from 3 payers; observed onward flow is 1%. Priority drivers: high case-money inflow (228K KZT), 1 seeds within 2 hops.",8
100000003072205100,4,False,2,163000,2,0,0,0,0,True,0,0,0.000317226844373,0,0,15.0366077519,9.22491273125e-05,peripheral,0.9,cut_off_hop4,Outgoing transfers not observed: graph cut off at hop 4.,0.178502886152,"Outgoing transfers not observed: graph cut off at hop 4. Priority drivers: high weighted network importance, 0 seeds within 2 hops.",8
100000003072676100,3,False,1,31545,1,0,0,0,0,False,0,0,0.000291603667723,0,0,118.603806039,0.00375982900741,peripheral,0.9,one_off_recipient,Single inflow of 32K KZT; 0 further outgoing transfers observed.,0.266060413413,"Single inflow of 32K KZT; 0 further outgoing transfers observed. Priority drivers: high case-money inflow (119 KZT), 0 seeds within 2 hops.",16
100000003073398100,2,False,1,92960,1,0,0,0,0,False,0,1,0.000301537495208,0,0,22310.9949599,0.240006400171,peripheral,0.9,one_off_recipient,Single inflow of 93K KZT; 0 further outgoing transfers observed.,0.538390664806,"Single inflow of 93K KZT; 0 further outgoing transfers observed. Priority drivers: high case-money inflow (22K KZT), 1 seeds within 2 hops.",6
100000003073635100,3,False,1,129231,1,0,0,0,0,False,0,0,0.000310123319013,0,0,859.580449104,0.00665150350229,peripheral,0.9,one_off_recipient,Single inflow of 129K KZT; 0 further outgoing transfers observed.,0.368054691783,"Single inflow of 129K KZT; 0 further outgoing transfers observed. Priority drivers: high case-money inflow (860 KZT), high weighted network importance.",3
100000003074515100,4,False,1,105000,1,0,0,0,0,True,0,0,0.000297755322512,0,0,69.5487794665,0.000662369328252,peripheral,0.9,cut_off_hop4,Outgoing transfers not observed: graph cut off at hop 4.,0.186580888281,"Outgoing transfers not observed: graph cut off at hop 4. Priority drivers: high case-money inflow (70 KZT), 0 seeds within 2 hops.",8
100000003078839100,4,False,1,14000,2,0,0,0,0,True,0,0,0.000313064509145,0,0,68.5708859847,0.00489792042748,peripheral,0.9,cut_off_hop4,Outgoing transfers not observed: graph cut off at hop 4.,0.202059694754,"Outgoing transfers not observed: graph cut off at hop 4. Priority drivers: high weighted network importance, high case-money inflow (69 KZT).",3
100000003083865100,4,False,1,15000,1,0,0,0,0,True,0,0,0.00028960957699,0,0,35.4086074024,0.00236057382682,peripheral,0.9,cut_off_hop4,Outgoing transfers not observed: graph cut off at hop 4.,0.156905113995,"Outgoing transfers not observed: graph cut off at hop 4. Priority drivers: 0 seeds within 2 hops, strong bridge position.",7
100000003084870100,4,False,1,6500,1,0,0,0,0,True,0,0,0.000343249875813,0,0,2.08483815785,0.000320744331976,peripheral,0.9,cut_off_hop4,Outgoing transfers not observed: graph cut off at hop 4.,0.172262992293,"Outgoing transfers not observed: graph cut off at hop 4. Priority drivers: high weighted network importance, 0 seeds within 2 hops.",13
100000003086040100,2,False,1,10500,1,0,0,0,0,False,0,1,0.000545470159485,0,0,3140.10231806,0.299057363625,peripheral,0.9,one_off_recipient,Single inflow of 10K KZT; 0 further outgoing transfers observed.,0.548755936998,"Single inflow of 10K KZT; 0 further outgoing transfers observed. Priority drivers: high case-money inflow (3K KZT), 1 seeds within 2 hops.",0
100000003087877100,3,False,1,91486,1,0,0,0,0,False,0,0,0.000290507577627,0,0,197.307772276,0.00215669908266,peripheral,0.9,one_off_recipient,Single inflow of 91K KZT; 0 further outgoing transfers observed.,0.280364489038,"Single inflow of 91K KZT; 0 further outgoing transfers observed. Priority drivers: high case-money inflow (197 KZT), 0 seeds within 2 hops.",3
100000003089018100,2,False,1,230000,1,0,0,0,0,False,0,1,0.000305535610656,0,0,26235.7294007,0.114068388699,peripheral,0.9,one_off_recipient,Single inflow of 230K KZT; 0 further outgoing transfers observed.,0.551589111397,"Single inflow of 230K KZT; 0 further outgoing transfers observed. Priority drivers: high case-money inflow (26K KZT), 1 seeds within 2 hops.",8
100000003089553100,3,False,1,150000,1,0,0,0,0,False,0,0,0.000305417963345,0,0,78.2845333936,0.000521896889291,peripheral,0.9,one_off_recipient,Single inflow of 150K KZT; 0 further outgoing transfers observed.,0.282299339847,"Single inflow of 150K KZT; 0 further outgoing transfers observed. Priority drivers: high case-money inflow (78 KZT), high weighted network importance.",9
100000003091142100,4,False,1,40000,1,0,0,0,0,True,0,0,0.000407502457718,0,0,163.582412374,0.00408956030934,peripheral,0.9,cut_off_hop4,Outgoing transfers not observed: graph cut off at hop 4.,0.24327201699,"Outgoing transfers not observed: graph cut off at hop 4. Priority drivers: high weighted network importance, high case-money inflow (164 KZT).",0
100000003093299100,3,False,1,15000,1,0,0,0,0,False,0,0,0.000284876188603,0,0,12.6966387064,0.00084644258043,peripheral,0.9,one_off_recipient,Single inflow of 15K KZT; 0 further outgoing transfers observed.,0.174431407235,"Single inflow of 15K KZT; 0 further outgoing transfers observed. Priority drivers: 0 seeds within 2 hops, strong bridge position.",0
100000003095610100,3,False,1,23665,1,0,0,0,0,False,0,0,0.000292793170684,0,0,182.602046614,0.00771612282334,peripheral,0.9,one_off_recipient,Single inflow of 24K KZT; 0 further outgoing transfers observed.,0.286169041466,"Single inflow of 24K KZT; 0 further outgoing transfers observed. Priority drivers: high case-money inflow (183 KZT), 0 seeds within 2 hops.",7
100000003096787100,4,False,1,16400,1,0,0,0,0,True,0,0,0.000290129657465,0,0,38.7134107599,0.00236057382682,peripheral,0.9,cut_off_hop4,Outgoing transfers not observed: graph cut off at hop 4.,0.160170174735,"Outgoing transfers not observed: graph cut off at hop 4. Priority drivers: 0 seeds within 2 hops, high case-money inflow (39 KZT).",7
100000003097324100,3,False,2,294000,2,0,0,0,0,False,0,0,0.000324229866233,0,0,1325.50265269,0.00450851242413,terminal,0.5,,Money stops here in the observed graph: receives 294K KZT from 2 payers; no outgoing transfers were traced.,0.453243408839,"Money stops here in the observed graph: receives 294K KZT from 2 payers; no outgoing transfers were traced. Priority drivers: high case-money inflow (1K KZT), high weighted network importance.",17
100000003097947100,4,False,1,52980,1,0,0,0,0,True,0,0,0.000318317406143,0,0,47.8823553014,0.000903781715768,peripheral,0.9,cut_off_hop4,Outgoing transfers not observed: graph cut off at hop 4.,0.197657909163,"Outgoing transfers not observed: graph cut off at hop 4. Priority drivers: high weighted network importance, high case-money inflow (48 KZT).",3
100000003102157100,1,False,1,96746,2,0,0,0,0,False,1,1,0.000302050242643,0,0,96746,1,peripheral,0.9,one_off_recipient,Single inflow of 97K KZT; 0 further outgoing transfers observed.,0.585518102372,"Single inflow of 97K KZT; 0 further outgoing transfers observed. Priority drivers: high case-money inflow (97K KZT), 1 seeds within 2 hops.",0
100000003104347100,2,False,1,418000,1,1,32000,1,0.0765550239234,False,0,1,0.000362252639595,1.92202445845e-05,0,12938.6979049,0.030953822739,terminal,0.696666666667,,Possible holding point: receives 418K KZT from 1 payers; observed onward flow is 8%.,0.686807542233,"Possible holding point: receives 418K KZT from 1 payers; observed onward flow is 8%. Priority drivers: high case-money inflow (13K KZT), 1 seeds within 2 hops.",21
100000003105089100,4,False,1,10000,1,0,0,0,0,True,0,0,0.000297794682361,0,0,146.884196082,0.0146884196082,peripheral,0.9,cut_off_hop4,Outgoing transfers not observed: graph cut off at hop 4.,0.203535018496,"Outgoing transfers not observed: graph cut off at hop 4. Priority drivers: high case-money inflow (147 KZT), 0 seeds within 2 hops.",20
100000003105929100,3,False,1,429567,2,1,156354,1,0.36398047336,False,0,0,0.000297843873847,1.92202445845e-05,0,513.486940941,0.0011953593757,peripheral,0.6,other,"Limited role evidence: 1 payers, 1 recipients, 430K KZT received in observed graph.",0.40440224627,"Limited role evidence: 1 payers, 1 recipients, 430K KZT received in observed graph. Priority drivers: high case-money inflow (513 KZT), strong bridge position.",5
100000003109805100,3,False,1,36929,1,0,0,0,0,False,0,0,0.000289807464577,0,0,90.8020193974,0.00245882692186,peripheral,0.9,one_off_recipient,Single inflow of 37K KZT; 0 further outgoing transfers observed.,0.249061367018,"Single inflow of 37K KZT; 0 further outgoing transfers observed. Priority drivers: high case-money inflow (91 KZT), 0 seeds within 2 hops.",16
100000003111305100,3,False,4,509338,4,0,0,0,0,False,0,0,0.000401370634979,0,0,3102.71962258,0.00609167119394,terminal,1,,Money stops here in the observed graph: receives 509K KZT from 4 payers; no outgoing transfers were traced.,0.493737072202,"Money stops here in the observed graph: receives 509K KZT from 4 payers; no outgoing transfers were traced. Priority drivers: high case-money inflow (3K KZT), high weighted network importance.",26
100000003112436100,2,False,1,100000,1,0,0,0,0,False,0,2,0.000300487507546,0,0,21505.0440347,0.215050440347,peripheral,0.9,one_off_recipient,Single inflow of 100K KZT; 0 further outgoing transfers observed.,0.578538819096,"Single inflow of 100K KZT; 0 further outgoing transfers observed. Priority drivers: high case-money inflow (22K KZT), 2 seeds within 2 hops.",4
100000003112578100,3,False,1,101080,1,0,0,0,0,False,0,0,0.000288817444531,0,0,32.4208370762,0.000320744331976,peripheral,0.9,one_off_recipient,Single inflow of 101K KZT; 0 further outgoing transfers observed.,0.216790819594,"Single inflow of 101K KZT; 0 further outgoing transfers observed. Priority drivers: 0 seeds within 2 hops, strong bridge position.",13
100000003115284100,1,False,8,2160500,15,2,517000,4,0.239296459153,False,2,4,0.00151555541832,0.000127804719145,0.986460348162,849633.55029,0.393257833969,consolidator,0.8,,"Signs of consolidation: receives from 8 payers (4 seeds within 2 hops), 2.2M KZT in, forwards 24%.",1,"Signs of consolidation: receives from 8 payers (4 seeds within 2 hops), 2.2M KZT in, forwards 24%. Priority drivers: high case-money inflow (850K KZT), 4 seeds within 2 hops.",11
100000003116106100,3,False,1,494050,2,0,0,0,0,False,0,0,0.000299916403144,0,0,590.567299564,0.0011953593757,terminal,0.823416666667,,Money stops here in the observed graph: receives 494K KZT from 1 payers; no outgoing transfers were traced.,0.40653058216,"Money stops here in the observed graph: receives 494K KZT from 1 payers; no outgoing transfers were traced. Priority drivers: high case-money inflow (591 KZT), terminal role signals.",5
100000003119550100,1,False,1,21000,1,0,0,0,0,False,1,1,0.000288411753629,0,0,21000,1,peripheral,0.9,one_off_recipient,Single inflow of 21K KZT; 0 further outgoing transfers observed.,0.497378737832,"Single inflow of 21K KZT; 0 further outgoing transfers observed. Priority drivers: high case-money inflow (21K KZT), 1 seeds within 2 hops.",1
100000003122817100,3,False,1,444680,1,0,0,0,0,False,0,0,0.000394557812759,0,0,143.506290566,0.000322718113174,terminal,0.741133333333,,Money stops here in the observed graph: receives 445K KZT from 1 payers; no outgoing transfers were traced.,0.403766509575,"Money stops here in the observed graph: receives 445K KZT from 1 payers; no outgoing transfers were traced. Priority drivers: high weighted network importance, high case-money inflow (144 KZT).",25
100000003123296100,1,False,1,86200,2,0,0,0,0,False,1,1,0.000298249295005,0,0,86200,1,peripheral,0.9,one_off_recipient,Single inflow of 86K KZT; 0 further outgoing transfers observed.,0.575429237438,"Single inflow of 86K KZT; 0 further outgoing transfers observed. Priority drivers: high case-money inflow (86K KZT), 1 seeds within 2 hops.",10
100000003125997100,4,False,1,87750,1,0,0,0,0,True,0,0,0.000545317027483,0,0,275.259845256,0.0031368643334,peripheral,0.9,cut_off_hop4,Outgoing transfers not observed: graph cut off at hop 4.,0.271278982453,"Outgoing transfers not observed: graph cut off at hop 4. Priority drivers: high weighted network importance, high case-money inflow (275 KZT).",9
100000003128638100,4,False,1,300000,1,0,0,0,0,True,0,0,0.000356180972537,0,0,1.55172451788,5.17241505961e-06,peripheral,0.9,cut_off_hop4,Outgoing transfers not observed: graph cut off at hop 4.,0.174246214372,"Outgoing transfers not observed: graph cut off at hop 4. Priority drivers: high weighted network importance, 0 seeds within 2 hops.",8
100000003131016100,2,False,1,405700,7,1,126000,4,0.310574315997,False,0,1,0.00171973737793,0,0.325396825397,35816.7570555,0.0882838478075,peripheral,0.6,other,"Limited role evidence: 1 payers, 1 recipients, 406K KZT received in observed graph.",0.642596201243,"Limited role evidence: 1 payers, 1 recipients, 406K KZT received in observed graph. Priority drivers: high case-money inflow (36K KZT), 1 seeds within 2 hops.",3
100000003131693100,1,False,1,353277,1,0,0,0,0,False,1,2,0.000354203734733,0,0,353277,1,terminal,0.588795,,Money stops here in the observed graph: receives 353K KZT from 1 payers; no outgoing transfers were traced.,0.74098336489,"Money stops here in the observed graph: receives 353K KZT from 1 payers; no outgoing transfers were traced. Priority drivers: high case-money inflow (353K KZT), 2 seeds within 2 hops.",2
100000003132484100,3,False,1,90000,1,0,0,0,0,False,0,0,0.000535622731718,0,0,10266.1549829,0.114068388699,peripheral,0.9,one_off_recipient,Single inflow of 90K KZT; 0 further outgoing transfers observed.,0.480621547789,"Single inflow of 90K KZT; 0 further outgoing transfers observed. Priority drivers: high case-money inflow (10K KZT), high weighted network importance.",8
100000003133045100,4,False,1,68000,1,0,0,0,0,True,0,0,0.000331207265992,0,0,3.31052604673,4.86842065696e-05,peripheral,0.9,cut_off_hop4,Outgoing transfers not observed: graph cut off at hop 4.,0.169796057511,"Outgoing transfers not observed: graph cut off at hop 4. Priority drivers: high weighted network importance, 0 seeds within 2 hops.",49
100000003134474100,3,False,1,116000,1,0,0,0,0,False,0,0,0.000287765608349,0,0,138.661687581,0.0011953593757,peripheral,0.9,one_off_recipient,Single inflow of 116K KZT; 0 further outgoing transfers observed.,0.253622086783,"Single inflow of 116K KZT; 0 further outgoing transfers observed. Priority drivers: high case-money inflow (139 KZT), 0 seeds within 2 hops.",5
100000003134550100,4,False,1,100000,1,0,0,0,0,True,0,0,0.000297227017792,0,0,0.845410266224,8.45410266224e-06,peripheral,0.9,cut_off_hop4,Outgoing transfers not observed: graph cut off at hop 4.,0.142272804751,"Outgoing transfers not observed: graph cut off at hop 4. Priority drivers: 0 seeds within 2 hops, strong bridge position.",9
100000003134934100,2,False,4,379354,4,0,0,0,0,False,0,1,0.000421918670291,0,0,20014.1234511,0.0527584352639,terminal,1,,Money stops here in the observed graph: receives 379K KZT from 4 payers; no outgoing transfers were traced.,0.643895315358,"Money stops here in the observed graph: receives 379K KZT from 4 payers; no outgoing transfers were traced. Priority drivers: high case-money inflow (20K KZT), 1 seeds within 2 hops.",0
100000003134937100,1,False,1,10286,1,0,0,0,0,False,1,1,0.000285135942313,0,0,10286,1,peripheral,0.9,one_off_recipient,Single inflow of 10K KZT; 0 further outgoing transfers observed.,0.453948247348,"Single inflow of 10K KZT; 0 further outgoing transfers observed. Priority drivers: high case-money inflow (10K KZT), 1 seeds within 2 hops.",4
100000003146511100,4,False,1,10000,1,0,0,0,0,True,0,0,0.000310108349001,0,0,28.2580260711,0.00282580260711,peripheral,0.9,cut_off_hop4,Outgoing transfers not observed: graph cut off at hop 4.,0.183485126986,"Outgoing transfers not observed: graph cut off at hop 4. Priority drivers: high weighted network importance, 0 seeds within 2 hops.",12
100000003147719100,3,False,1,100000,1,0,0,0,0,False,0,0,0.000289154541092,0,0,126.074166657,0.00126074166657,peripheral,0.9,one_off_recipient,Single inflow of 100K KZT; 0 further outgoing transfers observed.,0.257768195659,"Single inflow of 100K KZT; 0 further outgoing transfers observed. Priority drivers: high case-money inflow (126 KZT), 0 seeds within 2 hops.",8
100000003148220100,1,False,1,5650,1,2,43400,4,7.6814159292,False,1,1,0.000910447881184,3.96293702774e-07,0.221198156682,5650,0.130184331797,peripheral,0.6,other,"Limited role evidence: 1 payers, 2 recipients, 6K KZT received in observed graph.",0.634960450728,"Limited role evidence: 1 payers, 2 recipients, 6K KZT received in observed graph. Priority drivers: high case-money inflow (6K KZT), 1 seeds within 2 hops.",57
100000003149149100,3,False,1,245000,1,0,0,0,0,False,0,0,0.000291911759728,0,0,292.863047046,0.0011953593757,peripheral,0.9,one_off_recipient,Single inflow of 245K KZT; 0 further outgoing transfers observed.,0.300473117091,"Single inflow of 245K KZT; 0 further outgoing transfers observed. Priority drivers: high case-money inflow (293 KZT), 0 seeds within 2 hops.",5
100000003152964100,3,False,1,141847,1,1,5500,1,0.0387741721714,False,0,0,0.000312669932366,1.92202445845e-05,0,943.495817289,0.00665150350229,peripheral,0.6,other,"Limited role evidence: 1 payers, 1 recipients, 142K KZT received in observed graph.",0.442131837049,"Limited role evidence: 1 payers, 1 recipients, 142K KZT received in observed graph. Priority drivers: high case-money inflow (943 KZT), strong bridge position.",3
100000003154105100,3,False,1,60000,1,7,338000,9,5.63333333333,False,0,0,0.000547058812429,0.000140089823931,0.162721893491,4964.6885661,0.0146884277104,peripheral,0.6,other,"Limited role evidence: 1 payers, 7 recipients, 60K KZT received in observed graph.",0.552971147689,"Limited role evidence: 1 payers, 7 recipients, 60K KZT received in observed graph. Priority drivers: high case-money inflow (5K KZT), strong bridge position.",20
100000003157333100,2,False,1,30000,1,0,0,0,0,False,0,1,0.000289684943999,0,0,7200.19200512,0.240006400171,peripheral,0.9,one_off_recipient,Single inflow of 30K KZT; 0 further outgoing transfers observed.,0.469910766523,"Single inflow of 30K KZT; 0 further outgoing transfers observed. Priority drivers: high case-money inflow (7K KZT), 1 seeds within 2 hops.",6
100000003157679100,3,False,4,541000,4,0,0,0,0,False,0,0,0.000370735731352,0,0,1036.50746429,0.00191591028519,terminal,1,,Money stops here in the observed graph: receives 541K KZT from 4 payers; no outgoing transfers were traced.,0.463470477401,"Money stops here in the observed graph: receives 541K KZT from 4 payers; no outgoing transfers were traced. Priority drivers: high case-money inflow (1K KZT), high weighted network importance.",8
100000003158727100,1,False,3,367940,3,0,0,0,0,False,1,1,0.000312447712024,0,0,176617.651765,0.480017534829,terminal,0.75,,Money stops here in the observed graph: receives 368K KZT from 3 payers; no outgoing transfers were traced.,0.669670292209,"Money stops here in the observed graph: receives 368K KZT from 3 payers; no outgoing transfers were traced. Priority drivers: high case-money inflow (177K KZT), 1 seeds within 2 hops.",6
100000003159641100,2,False,4,64000,7,1,197800,1,3.090625,False,0,1,0.000303537888114,5.8849614862e-05,1,720.240430165,0.00364125596646,peripheral,0.6,other,"Limited role evidence: 4 payers, 1 recipients, 64K KZT received in observed graph.",0.535799346758,"Limited role evidence: 4 payers, 1 recipients, 64K KZT received in observed graph. Priority drivers: 1 seeds within 2 hops, high case-money inflow (720 KZT).",15
100000003163256100,1,False,1,13485,1,1,15000,1,1.11234705228,False,1,1,0.000285477630138,1.92202445845e-05,0,13485,0.899,transit,0.719132369299,,Pass-through hypothesis: forwards 111% of 13K KZT received; 0% forwarded within 2 days.,0.635409612523,"Pass-through hypothesis: forwards 111% of 13K KZT received; 0% forwarded within 2 days. Priority drivers: high case-money inflow (13K KZT), 1 seeds within 2 hops.",4
100000003163886100,3,False,1,500000,1,0,0,0,0,False,0,0,0.000729016664277,0,0,6853.28185328,0.0137065637066,terminal,0.833333333333,,Money stops here in the observed graph: receives 500K KZT from 1 payers; no outgoing transfers were traced.,0.544112295056,"Money stops here in the observed graph: receives 500K KZT from 1 payers; no outgoing transfers were traced. Priority drivers: high case-money inflow (7K KZT), high weighted network importance.",54
100000003164661100,3,False,1,596200,3,0,0,0,0,False,0,0,0.000596834426028,0,0,16999.5750106,0.0285132086726,terminal,0.993666666667,,Money stops here in the observed graph: receives 596K KZT from 1 payers; no outgoing transfers were traced.,0.566086672103,"Money stops here in the observed graph: receives 596K KZT from 1 payers; no outgoing transfers were traced. Priority drivers: high case-money inflow (17K KZT), high weighted network importance.",28
100000003166017100,4,False,1,15000,1,0,0,0,0,True,0,0,0.00028960957699,0,0,35.4086074024,0.00236057382682,peripheral,0.9,cut_off_hop4,Outgoing transfers not observed: graph cut off at hop 4.,0.156905113995,"Outgoing transfers not observed: graph cut off at hop 4. Priority drivers: 0 seeds within 2 hops, strong bridge position.",7
100000003166755100,2,False,1,24010,1,0,0,0,0,False,0,1,0.000287796919452,0,0,339.433570885,0.014137174964,peripheral,0.9,one_off_recipient,Single inflow of 24K KZT; 0 further outgoing transfers observed.,0.382911581925,"Single inflow of 24K KZT; 0 further outgoing transfers observed. Priority drivers: 1 seeds within 2 hops, high case-money inflow (339 KZT).",2
100000003171006100,3,False,2,485000,2,0,0,0,0,False,0,0,0.000333095974369,0,0,428.956145099,0.000884445659997,terminal,0.808333333333,,Money stops here in the observed graph: receives 485K KZT from 2 payers; no outgoing transfers were traced.,0.426777413842,"Money stops here in the observed graph: receives 485K KZT from 2 payers; no outgoing transfers were traced. Priority drivers: high case-money inflow (429 KZT), high weighted network importance.",8
100000003171587100,3,False,2,700000,2,2,431300,7,0.616142857143,False,0,0,0.000314252518148,3.88367828719e-05,0,1029.01950438,0.0014700278634,peripheral,0.6,other,"Limited role evidence: 2 payers, 2 recipients, 700K KZT received in observed graph.",0.458681721649,"Limited role evidence: 2 payers, 2 recipients, 700K KZT received in observed graph. Priority drivers: high case-money inflow (1K KZT), strong bridge position.",5
100000003173783100,4,False,1,23500,2,0,0,0,0,True,0,0,0.000344665891239,0,0,38.7754338873,0.00165001846329,peripheral,0.9,cut_off_hop4,Outgoing transfers not observed: graph cut off at hop 4.,0.20336571905,"Outgoing transfers not observed: graph cut off at hop 4. Priority drivers: high weighted network importance, 0 seeds within 2 hops.",29
100000003177533100,4,False,1,20000,3,0,0,0,0,True,0,0,0.000336311106779,0,0,33.4245308917,0.00167122654459,peripheral,0.9,cut_off_hop4,Outgoing transfers not observed: graph cut off at hop 4.,0.198189993136,"Outgoing transfers not observed: graph cut off at hop 4. Priority drivers: high weighted network importance, 0 seeds within 2 hops.",3
100000003178549100,3,False,2,250000,2,4,89080,4,0.35632,False,0,0,0.000350139234454,0.000272122020152,0,1868.58153447,0.00747432613789,peripheral,0.6,other,"Limited role evidence: 2 payers, 4 recipients, 250K KZT received in observed graph.",0.501352092173,"Limited role evidence: 2 payers, 4 recipients, 250K KZT received in observed graph. Priority drivers: high case-money inflow (2K KZT), strong bridge position.",16
100000003180305100,4,False,1,144000,1,0,0,0,0,True,0,0,0.000524835768564,0,0,308.747323803,0.00214407863752,peripheral,0.9,cut_off_hop4,Outgoing transfers not observed: graph cut off at hop 4.,0.268715305131,"Outgoing transfers not observed: graph cut off at hop 4. Priority drivers: high case-money inflow (309 KZT), high weighted network importance.",0
100000003180820100,4,False,1,101000,1,0,0,0,0,True,0,0,0.000297232730652,0,0,66.8993021535,0.000662369328252,peripheral,0.9,cut_off_hop4,Outgoing transfers not observed: graph cut off at hop 4.,0.185178121444,"Outgoing transfers not observed: graph cut off at hop 4. Priority drivers: high case-money inflow (67 KZT), 0 seeds within 2 hops.",8
100000003186579100,4,False,1,110000,2,0,0,0,0,True,0,0,0.000512108323764,0,0,538.771247022,0.00489792042748,peripheral,0.9,cut_off_hop4,Outgoing transfers not observed: graph cut off at hop 4.,0.280808122688,"Outgoing transfers not observed: graph cut off at hop 4. Priority drivers: high case-money inflow (539 KZT), high weighted network importance.",3
100000003187359100,1,False,1,19072,1,0,0,0,0,False,1,1,0.000288010135856,0,0,19072,1,peripheral,0.9,one_off_recipient,Single inflow of 19K KZT; 0 further outgoing transfers observed.,0.490434005464,"Single inflow of 19K KZT; 0 further outgoing transfers observed. Priority drivers: high case-money inflow (19K KZT), 1 seeds within 2 hops.",1
100000003188607100,2,False,1,18000,1,1,5000,1,0.277777777778,False,0,1,0.000313004255976,5.94440554161e-07,0,9729.72787994,0.540540437774,peripheral,0.6,other,"Limited role evidence: 1 payers, 1 recipients, 18K KZT received in observed graph.",0.583479598841,"Limited role evidence: 1 payers, 1 recipients, 18K KZT received in observed graph. Priority drivers: high case-money inflow (10K KZT), 1 seeds within 2 hops.",6
100000003190207100,3,False,1,5000,1,1,377000,8,75.4,False,0,0,0.000297501624905,2.1003566247e-05,0.106100795756,422.100856408,0.00111963091885,peripheral,0.6,other,"Limited role evidence: 1 payers, 1 recipients, 5K KZT received in observed graph.",0.403745779031,"Limited role evidence: 1 payers, 1 recipients, 5K KZT received in observed graph. Priority drivers: high case-money inflow (422 KZT), strong bridge position.",19
100000003191430100,2,False,1,180000,1,0,0,0,0,False,0,1,0.00052760434158,0,0,23520,0.130666666667,peripheral,0.9,one_off_recipient,Single inflow of 180K KZT; 0 further outgoing transfers observed.,0.599614872553,"Single inflow of 180K KZT; 0 further outgoing transfers observed. Priority drivers: high case-money inflow (24K KZT), 1 seeds within 2 hops.",4
100000003192220100,2,False,1,60000,2,0,0,0,0,False,0,1,0.000499874027918,0,0,27464.6048485,0.457743414142,peripheral,0.9,one_off_recipient,Single inflow of 60K KZT; 0 further outgoing transfers observed.,0.603415472357,"Single inflow of 60K KZT; 0 further outgoing transfers observed. Priority drivers: high case-money inflow (27K KZT), 1 seeds within 2 hops.",53
100000003192309100,3,False,1,17200,1,1,213000,1,12.3837209302,False,0,0,0.000286702153113,1.38702795971e-06,0,11.4295321287,5.36597752521e-05,peripheral,0.6,other,"Limited role evidence: 1 payers, 1 recipients, 17K KZT received in observed graph.",0.24249669463,"Limited role evidence: 1 payers, 1 recipients, 17K KZT received in observed graph. Priority drivers: strong bridge position, 0 seeds within 2 hops.",1
100000003194831100,4,False,1,6265,1,0,0,0,0,True,0,0,0.00028925851469,0,0,4.13072559239,0.000659333693916,peripheral,0.9,cut_off_hop4,Outgoing transfers not observed: graph cut off at hop 4.,0.128873962897,"Outgoing transfers not observed: graph cut off at hop 4. Priority drivers: 0 seeds within 2 hops, strong bridge position.",7
100000003199390100,4,False,1,260000,1,0,0,0,0,True,0,0,0.000374495283447,0,0,143.267141361,0.000551027466774,peripheral,0.9,cut_off_hop4,Outgoing transfers not observed: graph cut off at hop 4.,0.235967955185,"Outgoing transfers not observed: graph cut off at hop 4. Priority drivers: high weighted network importance, high case-money inflow (143 KZT).",5
100000003200071100,0,True,0,0,0,1,30000,1,,False,0,0,0.00028403728618,0,,0,1,peripheral,0.6,other,"Limited role evidence: 0 payers, 1 recipients, 0 KZT received in observed graph.",0.0845709468331,"Limited role evidence: 0 payers, 1 recipients, 0 KZT received in observed graph. Priority drivers: 0 seeds within 2 hops, strong bridge position.",66
100000003204491100,3,False,1,140000,1,1,100000,2,0.714285714286,False,0,0,0.000296358350569,1.92202445845e-05,1,678.994476003,0.00484996054288,peripheral,0.6,other,"Limited role evidence: 1 payers, 1 recipients, 140K KZT received in observed graph.",0.409446678736,"Limited role evidence: 1 payers, 1 recipients, 140K KZT received in observed graph. Priority drivers: high case-money inflow (679 KZT), strong bridge position.",0
100000003205210100,1,False,1,137563,1,0,0,0,0,False,1,2,0.000311359492727,0,0,137563,1,peripheral,0.9,one_off_recipient,Single inflow of 138K KZT; 0 further outgoing transfers observed.,0.645498477457,"Single inflow of 138K KZT; 0 further outgoing transfers observed. Priority drivers: high case-money inflow (138K KZT), 2 seeds within 2 hops.",2
100000003207060100,4,False,1,53000,1,0,0,0,0,True,0,0,0.000424868345553,0,0,642.912078508,0.0121304165756,peripheral,0.9,cut_off_hop4,Outgoing transfers not observed: graph cut off at hop 4.,0.277954217744,"Outgoing transfers not observed: graph cut off at hop 4. Priority drivers: high case-money inflow (643 KZT), high weighted network importance.",0
100000003213473100,3,False,1,57500,2,11,240000,12,4.17391304348,False,0,0,0.000287253078802,0.00010972673621,0.1875,48.6704483747,0.000202793534895,distributor,0.55,,Fan-out hypothesis: sends 240K KZT to 11 recipients after receiving from 1 payers.,0.429458564249,"Fan-out hypothesis: sends 240K KZT to 11 recipients after receiving from 1 payers. Priority drivers: strong bridge position, distributor role signals.",0
100000003214786100,4,False,1,5000,1,0,0,0,0,True,0,0,0.000417825148796,0,0,60.6520828781,0.0121304165756,peripheral,0.9,cut_off_hop4,Outgoing transfers not observed: graph cut off at hop 4.,0.221819358643,"Outgoing transfers not observed: graph cut off at hop 4. Priority drivers: high weighted network importance, high case-money inflow (61 KZT).",0
100000003215448100,3,False,1,91309,1,2,124000,4,1.35802604343,False,0,0,0.000302468541621,3.84404891691e-05,0.0645161290323,607.342133291,0.00489792042976,peripheral,0.6,other,"Limited role evidence: 1 payers, 2 recipients, 91K KZT received in observed graph.",0.42889883955,"Limited role evidence: 1 payers, 2 recipients, 91K KZT received in observed graph. Priority drivers: high case-money inflow (607 KZT), strong bridge position.",3
100000003216073100,3,False,1,37001,1,1,70000,1,1.89184076106,False,0,0,0.000286654159295,7.92587405548e-07,0,79.8000227574,0.00114000032511,peripheral,0.6,other,"Limited role evidence: 1 payers, 1 recipients, 37K KZT received in observed graph.",0.285996286929,"Limited role evidence: 1 payers, 1 recipients, 37K KZT received in observed graph. Priority drivers: strong bridge position, high case-money inflow (80 KZT).",3
100000003218308100,3,False,1,11165,1,0,0,0,0,False,0,0,0.000284661709217,0,0,9.4505314105,0.00084644258043,peripheral,0.9,one_off_recipient,Single inflow of 11K KZT; 0 further outgoing transfers observed.,0.166622902184,"Single inflow of 11K KZT; 0 further outgoing transfers observed. Priority drivers: 0 seeds within 2 hops, strong bridge position.",0
100000003219438100,2,False,1,32000,1,0,0,0,0,False,0,1,0.000444268980374,0,0,13225.4975307,0.413296797834,peripheral,0.9,one_off_recipient,Single inflow of 32K KZT; 0 further outgoing transfers observed.,0.570108397713,"Single inflow of 32K KZT; 0 further outgoing transfers observed. Priority drivers: high case-money inflow (13K KZT), 1 seeds within 2 hops.",32
100000003220685100,4,False,1,1306000,2,0,0,0,0,True,0,0,0.000534390332263,0,0,390.350580226,0.00029889018394,peripheral,0.9,cut_off_hop4,Outgoing transfers not observed: graph cut off at hop 4.,0.277857475204,"Outgoing transfers not observed: graph cut off at hop 4. Priority drivers: high case-money inflow (390 KZT), high weighted network importance.",5
100000003221384100,2,False,1,511200,1,0,0,0,0,False,0,1,0.000445415568916,0,0,14170.6235967,0.0277203122,terminal,0.852,,Money stops here in the observed graph: receives 511K KZT from 1 payers; no outgoing transfers were traced.,0.634635672199,"Money stops here in the observed graph: receives 511K KZT from 1 payers; no outgoing transfers were traced. Priority drivers: high case-money inflow (14K KZT), 1 seeds within 2 hops.",15
100000003221510100,3,False,1,24000,1,2,120000,3,5,False,0,0,0.000285379530057,3.84404891691e-05,0,20.3146219303,0.000169288516086,peripheral,0.6,other,"Limited role evidence: 1 payers, 2 recipients, 24K KZT received in observed graph.",0.266785982467,"Limited role evidence: 1 payers, 2 recipients, 24K KZT received in observed graph. Priority drivers: strong bridge position, 0 seeds within 2 hops.",0
100000003230328100,4,False,3,26572,3,0,0,0,0,True,0,0,0.000349714347633,0,0,52.6198820238,0.00198027555411,peripheral,0.9,cut_off_hop4,Outgoing transfers not observed: graph cut off at hop 4.,0.209267014018,"Outgoing transfers not observed: graph cut off at hop 4. Priority drivers: high weighted network importance, high case-money inflow (53 KZT).",0
100000003230329100,4,False,1,110000,1,0,0,0,0,True,0,0,0.000298408562338,0,0,72.8606261078,0.000662369328252,peripheral,0.9,cut_off_hop4,Outgoing transfers not observed: graph cut off at hop 4.,0.18856411036,"Outgoing transfers not observed: graph cut off at hop 4. Priority drivers: high case-money inflow (73 KZT), high weighted network importance.",8
100000003232675100,4,False,1,44000,2,0,0,0,0,True,0,0,0.000398749962593,0,0,124.335314713,0.00282580260711,peripheral,0.9,cut_off_hop4,Outgoing transfers not observed: graph cut off at hop 4.,0.235871212645,"Outgoing transfers not observed: graph cut off at hop 4. Priority drivers: high weighted network importance, high case-money inflow (124 KZT).",12
100000003235780100,1,False,2,65000,2,0,0,0,0,False,1,1,0.000289626449485,0,0,15042.322129,0.231420340446,terminal,0.5,,Money stops here in the observed graph: receives 65K KZT from 2 payers; no outgoing transfers were traced.,0.553371938214,"Money stops here in the observed graph: receives 65K KZT from 2 payers; no outgoing transfers were traced. Priority drivers: high case-money inflow (15K KZT), 1 seeds within 2 hops.",0
100000003237045100,2,False,1,340200,2,1,150000,1,0.440917107584,False,0,1,0.000391750026454,0,0,9616.00342342,0.0282657361065,peripheral,0.6,other,"Limited role evidence: 1 payers, 1 recipients, 340K KZT received in observed graph.",0.552971147689,"Limited role evidence: 1 payers, 1 recipients, 340K KZT received in observed graph. Priority drivers: high case-money inflow (10K KZT), 1 seeds within 2 hops.",4
100000003239379100,1,False,1,92500,1,0,0,0,0,False,1,1,0.000299287991706,0,0,92500,1,peripheral,0.9,one_off_recipient,Single inflow of 92K KZT; 0 further outgoing transfers observed.,0.579022531798,"Single inflow of 92K KZT; 0 further outgoing transfers observed. Priority drivers: high case-money inflow (92K KZT), 1 seeds within 2 hops.",10
100000003239859100,1,False,1,18600,1,0,0,0,0,False,1,1,0.000287103914534,0,0,18600,1,peripheral,0.9,one_off_recipient,Single inflow of 19K KZT; 0 further outgoing transfers observed.,0.483212865837,"Single inflow of 19K KZT; 0 further outgoing transfers observed. Priority drivers: high case-money inflow (19K KZT), 1 seeds within 2 hops.",10
100000003241965100,3,False,1,15000,1,0,0,0,0,False,0,0,0.000289587181281,0,0,115.74184235,0.00771612282334,peripheral,0.9,one_off_recipient,Single inflow of 15K KZT; 0 further outgoing transfers observed.,0.256662566626,"Single inflow of 15K KZT; 0 further outgoing transfers observed. Priority drivers: high case-money inflow (116 KZT), 0 seeds within 2 hops.",7
100000003242289100,2,False,3,550791,8,23,2377741,26,4.31695688564,False,0,1,0.000437086419973,0.00100134560943,0.330930071862,5846.45358852,0.00245882692376,distributor,1,,Fan-out hypothesis: sends 2.4M KZT to 23 recipients after receiving from 3 payers.,0.765569790529,"Fan-out hypothesis: sends 2.4M KZT to 23 recipients after receiving from 3 payers. Priority drivers: high case-money inflow (6K KZT), 1 seeds within 2 hops.",16
100000003242795100,3,False,1,111000,1,0,0,0,0,False,0,0,0.000287604904807,0,0,132.684890703,0.0011953593757,peripheral,0.9,one_off_recipient,Single inflow of 111K KZT; 0 further outgoing transfers observed.,0.25044340331,"Single inflow of 111K KZT; 0 further outgoing transfers observed. Priority drivers: high case-money inflow (133 KZT), 0 seeds within 2 hops.",5
100000003246024100,2,False,1,25000,1,1,5000,1,0.2,False,0,1,0.000372507836571,0.0016116905777,1,2207.09619519,0.0882838478075,peripheral,0.6,other,"Limited role evidence: 1 payers, 1 recipients, 25K KZT received in observed graph.",0.610532959262,"Limited role evidence: 1 payers, 1 recipients, 25K KZT received in observed graph. Priority drivers: high case-money inflow (2K KZT), 1 seeds within 2 hops.",3
100000003247600100,4,False,1,58000,1,0,0,0,0,True,0,0,0.000835377021876,0,0,299.159114904,0.00515791577421,peripheral,0.9,cut_off_hop4,Outgoing transfers not observed: graph cut off at hop 4.,0.28342017128,"Outgoing transfers not observed: graph cut off at hop 4. Priority drivers: high weighted network importance, high case-money inflow (299 KZT).",2
100000003249054100,2,False,7,99700,11,1,15000,1,0.150451354062,False,0,1,0.000428938466171,3.96293702774e-05,0,1988.41092333,0.0199439410565,consolidator,0.7,,"Signs of consolidation: receives from 7 payers (1 seeds within 2 hops), 100K KZT in, forwards 15%.",0.768382234384,"Signs of consolidation: receives from 7 payers (1 seeds within 2 hops), 100K KZT in, forwards 15%. Priority drivers: consolidator role signals, high case-money inflow (2K KZT).",2
100000003252446100,4,False,1,108600,1,0,0,0,0,True,0,0,0.000298361334711,0,0,0.918115549119,8.45410266224e-06,peripheral,0.9,cut_off_hop4,Outgoing transfers not observed: graph cut off at hop 4.,0.144884853343,"Outgoing transfers not observed: graph cut off at hop 4. Priority drivers: 0 seeds within 2 hops, high weighted network importance.",9
100000003254277100,3,False,1,49200,1,1,44997,1,0.914573170732,False,0,0,0.000286788886128,1.92202445845e-05,1,41.6449749571,0.00084644258043,transit,0.786432926829,,Pass-through hypothesis: forwards 91% of 49K KZT received; 100% forwarded within 2 days.,0.383948109144,"Pass-through hypothesis: forwards 91% of 49K KZT received; 100% forwarded within 2 days. Priority drivers: strong bridge position, transit role signals.",0
100000003254723100,2,False,1,269850,6,0,0,0,0,False,0,1,0.000526840350598,0,0,133802.183201,0.495839107656,peripheral,0.9,one_off_recipient,Single inflow of 270K KZT; 0 further outgoing transfers observed.,0.6485389573,"Single inflow of 270K KZT; 0 further outgoing transfers observed. Priority drivers: high case-money inflow (134K KZT), 1 seeds within 2 hops.",2
100000003265158100,1,False,3,146100.4,3,2,154200,4,1.05543858881,False,2,2,0.000382469257604,0.000176548844586,1,102678.978698,0.665881833319,transit,0.861403527985,,Pass-through hypothesis: forwards 106% of 146K KZT received; 100% forwarded within 2 days.,0.864343924338,"Pass-through hypothesis: forwards 106% of 146K KZT received; 100% forwarded within 2 days. Priority drivers: high case-money inflow (103K KZT), 2 seeds within 2 hops.",10
100000003265658100,0,True,0,0,0,0,0,0,,False,0,0,0.00028403728618,0,,0,1,peripheral,0.9,isolated_seed,Known seed with 0 observed transfers in this graph.,0.0845709468331,"Known seed with 0 observed transfers in this graph. Priority drivers: 0 seeds within 2 hops, strong bridge position.",70
100000003270419100,3,False,1,150000,1,0,0,0,0,False,0,0,0.000826887641918,0,0,43997.9871971,0.293319914647,peripheral,0.9,one_off_recipient,Single inflow of 150K KZT; 0 further outgoing transfers observed.,0.547304798891,"Single inflow of 150K KZT; 0 further outgoing transfers observed. Priority drivers: high case-money inflow (44K KZT), high weighted network importance.",12
100000003271151100,3,False,1,127294,1,0,0,0,0,False,0,0,0.000309732324239,0,0,846.69648682,0.00665150350229,peripheral,0.9,one_off_recipient,Single inflow of 127K KZT; 0 further outgoing transfers observed.,0.367087266378,"Single inflow of 127K KZT; 0 further outgoing transfers observed. Priority drivers: high case-money inflow (847 KZT), high weighted network importance.",3
100000003275398100,2,False,1,300000,1,1,20000,1,0.0666666666667,False,0,1,0.000431597410034,0,0,4557.15090637,0.0151905030212,terminal,0.5,,Possible holding point: receives 300K KZT from 1 payers; observed onward flow is 7%.,0.60139769937,"Possible holding point: receives 300K KZT from 1 payers; observed onward flow is 7%. Priority drivers: high case-money inflow (5K KZT), 1 seeds within 2 hops.",23
100000003278020100,2,False,1,190000,1,0,0,0,0,False,0,1,0.000322764654829,0,0,4106.60535117,0.0216137123746,peripheral,0.9,one_off_recipient,Single inflow of 190K KZT; 0 further outgoing transfers observed.,0.510128022629,"Single inflow of 190K KZT; 0 further outgoing transfers observed. Priority drivers: high case-money inflow (4K KZT), 1 seeds within 2 hops.",0
100000003284932100,1,False,1,69925,1,0,0,0,0,False,1,2,0.000297925506797,0,0,69925,1,peripheral,0.9,one_off_recipient,Single inflow of 70K KZT; 0 further outgoing transfers observed.,0.612260504628,"Single inflow of 70K KZT; 0 further outgoing transfers observed. Priority drivers: high case-money inflow (70K KZT), 2 seeds within 2 hops.",2
100000003286537100,3,False,2,153000,2,0,0,0,0,False,0,0,0.000299485430104,0,0,135.984351781,0.000888786612946,terminal,0.5,,Money stops here in the observed graph: receives 153K KZT from 2 payers; no outgoing transfers were traced.,0.354151406683,"Money stops here in the observed graph: receives 153K KZT from 2 payers; no outgoing transfers were traced. Priority drivers: high case-money inflow (136 KZT), terminal role signals.",8
100000003289281100,4,False,1,40000,1,0,0,0,0,True,0,0,0.00059407704402,0,0,1256.46137197,0.0314115342993,peripheral,0.9,cut_off_hop4,Outgoing transfers not observed: graph cut off at hop 4.,0.307557435125,"Outgoing transfers not observed: graph cut off at hop 4. Priority drivers: high case-money inflow (1K KZT), high weighted network importance.",0
100000003289405100,2,False,1,355000,1,0,0,0,0,False,0,1,0.000337071264227,0,0,7687.75386969,0.0216556447034,terminal,0.591666666667,,Money stops here in the observed graph: receives 355K KZT from 1 payers; no outgoing transfers were traced.,0.594694823353,"Money stops here in the observed graph: receives 355K KZT from 1 payers; no outgoing transfers were traced. Priority drivers: high case-money inflow (8K KZT), 1 seeds within 2 hops.",2
100000003292191100,3,False,1,112000,1,0,0,0,0,False,0,0,0.000298004148892,0,0,26.07171208,0.000232783143572,peripheral,0.9,one_off_recipient,Single inflow of 112K KZT; 0 further outgoing transfers observed.,0.242911305518,"Single inflow of 112K KZT; 0 further outgoing transfers observed. Priority drivers: 0 seeds within 2 hops, high weighted network importance.",17
100000003292979100,2,False,1,48950,1,0,0,0,0,False,0,1,0.000328478516456,0,0,21159.6984473,0.432271674102,peripheral,0.9,one_off_recipient,Single inflow of 49K KZT; 0 further outgoing transfers observed.,0.561263365443,"Single inflow of 49K KZT; 0 further outgoing transfers observed. Priority drivers: high case-money inflow (21K KZT), 1 seeds within 2 hops.",2
100000003293377100,3,False,1,50000,1,0,0,0,0,False,0,0,0.000285644321598,0,0,59.7679687849,0.0011953593757,peripheral,0.9,one_off_recipient,Single inflow of 50K KZT; 0 further outgoing transfers observed.,0.212782914346,"Single inflow of 50K KZT; 0 further outgoing transfers observed. Priority drivers: high case-money inflow (60 KZT), 0 seeds within 2 hops.",5
100000003299365100,1,False,1,200000,1,1,200000,1,1,False,1,2,0.000323760477077,0,1,200000,1,transit,1,,Pass-through hypothesis: forwards 100% of 200K KZT received; 100% forwarded within 2 days.,0.764630005851,"Pass-through hypothesis: forwards 100% of 200K KZT received; 100% forwarded within 2 days. Priority drivers: high case-money inflow (200K KZT), 2 seeds within 2 hops.",2
100000003321423100,2,False,1,100000,2,0,0,0,0,False,0,1,0.000665732044167,0,0,19198.2998895,0.191982998895,peripheral,0.9,one_off_recipient,Single inflow of 100K KZT; 0 further outgoing transfers observed.,0.60735427579,"Single inflow of 100K KZT; 0 further outgoing transfers observed. Priority drivers: high case-money inflow (19K KZT), 1 seeds within 2 hops.",11
100000003321895100,3,False,1,24000,1,2,553830,3,23.07625,False,0,0,0.000309536588477,3.96293702774e-05,0,784.520942484,0.00141653746183,peripheral,0.6,other,"Limited role evidence: 1 payers, 2 recipients, 24K KZT received in observed graph.",0.446658005906,"Limited role evidence: 1 payers, 2 recipients, 24K KZT received in observed graph. Priority drivers: high case-money inflow (785 KZT), strong bridge position.",50
100000003336565100,2,False,1,16550,1,0,0,0,0,False,0,1,0.000289615846899,0,0,284.411921519,0.0171850103637,peripheral,0.9,one_off_recipient,Single inflow of 17K KZT; 0 further outgoing transfers observed.,0.385191941807,"Single inflow of 17K KZT; 0 further outgoing transfers observed. Priority drivers: 1 seeds within 2 hops, high case-money inflow (284 KZT).",1
100000003338583100,3,False,1,21765,1,0,0,0,0,False,0,0,0.000288595290132,0,0,51.3012862547,0.00235705427313,peripheral,0.9,one_off_recipient,Single inflow of 22K KZT; 0 further outgoing transfers observed.,0.227501600859,"Single inflow of 22K KZT; 0 further outgoing transfers observed. Priority drivers: high case-money inflow (51 KZT), 0 seeds within 2 hops.",23
100000003345947100,4,False,1,79500,6,0,0,0,0,True,0,0,0.000491825723064,0,0,132.862510295,0.00167122654459,peripheral,0.9,cut_off_hop4,Outgoing transfers not observed: graph cut off at hop 4.,0.244868268907,"Outgoing transfers not observed: graph cut off at hop 4. Priority drivers: high weighted network importance, high case-money inflow (133 KZT).",3
100000003349739100,0,True,0,0,0,0,0,0,,False,0,0,0.00028403728618,0,,0,1,peripheral,0.9,isolated_seed,Known seed with 0 observed transfers in this graph.,0.0845709468331,"Known seed with 0 observed transfers in this graph. Priority drivers: 0 seeds within 2 hops, strong bridge position.",71
100000003360542100,2,False,2,317000,3,2,51800,5,0.163406940063,False,0,2,0.00144329046489,9.90734256935e-07,0.299227799228,124662.733326,0.393257833834,terminal,0.528333333333,,Possible holding point: receives 317K KZT from 2 payers; observed onward flow is 16%.,0.840420876119,"Possible holding point: receives 317K KZT from 2 payers; observed onward flow is 16%. Priority drivers: high case-money inflow (125K KZT), 2 seeds within 2 hops.",11
100000003366154100,1,False,1,125000,1,3,289170,3,2.31336,False,1,2,0.00030886428049,6.14670964455e-05,1,125000,0.432271674102,peripheral,0.6,other,"Limited role evidence: 1 payers, 3 recipients, 125K KZT received in observed graph.",0.726243947833,"Limited role evidence: 1 payers, 3 recipients, 125K KZT received in observed graph. Priority drivers: high case-money inflow (125K KZT), 2 seeds within 2 hops.",2
100000003366471100,3,False,2,329789,5,1,20000,1,0.060644836547,False,0,0,0.000358357515408,1.92202445845e-05,1,2940.17677847,0.00891532700747,terminal,0.549648333333,,Possible holding point: receives 330K KZT from 2 payers; observed onward flow is 6%.,0.552819123697,"Possible holding point: receives 330K KZT from 2 payers; observed onward flow is 6%. Priority drivers: high case-money inflow (3K KZT), strong bridge position.",3
100000003370425100,4,False,1,20000,1,0,0,0,0,True,0,0,0.000643528508879,0,0,3339.54749528,0.166977374764,peripheral,0.9,cut_off_hop4,Outgoing transfers not observed: graph cut off at hop 4.,0.324342265895,"Outgoing transfers not observed: graph cut off at hop 4. Priority drivers: high case-money inflow (3K KZT), high weighted network importance.",12
100000003377795100,1,False,1,7000,1,0,0,0,0,False,1,1,0.000284436063458,0,0,7000,1,peripheral,0.9,one_off_recipient,Single inflow of 7K KZT; 0 further outgoing transfers observed.,0.438814949947,"Single inflow of 7K KZT; 0 further outgoing transfers observed. Priority drivers: high case-money inflow (7K KZT), 1 seeds within 2 hops.",6
100000003390036100,2,False,2,231300,4,2,62000,2,0.268050151319,False,0,2,0.00131175474522,7.82680062979e-05,0.161290322581,90960.5369291,0.393257833675,peripheral,0.6,other,"Limited role evidence: 2 payers, 2 recipients, 231K KZT received in observed graph.",0.797107858719,"Limited role evidence: 2 payers, 2 recipients, 231K KZT received in observed graph. Priority drivers: high case-money inflow (91K KZT), 2 seeds within 2 hops.",11
100000003404627100,1,False,4,877700,5,0,0,0,0,False,1,4,0.00136784428301,0,0,614284.213258,0.699879472778,terminal,1,,Money stops here in the observed graph: receives 878K KZT from 4 payers; no outgoing transfers were traced.,0.804649170087,"Money stops here in the observed graph: receives 878K KZT from 4 payers; no outgoing transfers were traced. Priority drivers: high case-money inflow (614K KZT), 4 seeds within 2 hops.",9
100000003406094100,3,False,1,70000,4,3,47000,3,0.671428571429,False,0,0,0.00077225415831,3.88367828719e-05,0.148936170213,6696.48409138,0.0956640584482,peripheral,0.6,other,"Limited role evidence: 1 payers, 3 recipients, 70K KZT received in observed graph.",0.562679952642,"Limited role evidence: 1 payers, 3 recipients, 70K KZT received in observed graph. Priority drivers: high case-money inflow (7K KZT), high weighted network importance.",4
100000003447411100,4,False,1,302000,3,0,0,0,0,True,0,0,0.000304150129238,0,0,12.9250270804,4.27981029153e-05,peripheral,0.9,cut_off_hop4,Outgoing transfers not observed: graph cut off at hop 4.,0.166797038757,"Outgoing transfers not observed: graph cut off at hop 4. Priority drivers: high weighted network importance, 0 seeds within 2 hops.",3
100000003448713100,4,False,1,266750,1,0,0,0,0,True,0,0,0.000301802520901,0,0,11.4163939526,4.27981029153e-05,peripheral,0.9,cut_off_hop4,Outgoing transfers not observed: graph cut off at hop 4.,0.162395253166,"Outgoing transfers not observed: graph cut off at hop 4. Priority drivers: high weighted network importance, 0 seeds within 2 hops.",3
100000003449074100,1,False,1,10000,1,0,0,0,0,False,1,1,0.000285899167442,0,0,10000,1,peripheral,0.9,one_off_recipient,Single inflow of 10K KZT; 0 further outgoing transfers observed.,0.455744894528,"Single inflow of 10K KZT; 0 further outgoing transfers observed. Priority drivers: high case-money inflow (10K KZT), 1 seeds within 2 hops.",0
100000003457710100,3,False,1,326555,1,1,1306000,2,3.99932630032,False,0,0,0.000294532995198,1.92202445845e-05,1,390.350580931,0.00029889018448,peripheral,0.6,other,"Limited role evidence: 1 payers, 1 recipients, 327K KZT received in observed graph.",0.387956014392,"Limited role evidence: 1 payers, 1 recipients, 327K KZT received in observed graph. Priority drivers: high case-money inflow (390 KZT), strong bridge position.",5
100000003470579100,4,False,1,357000,2,0,0,0,0,True,0,0,0.000564802493402,0,0,115.210364023,0.000322718106507,peripheral,0.9,cut_off_hop4,Outgoing transfers not observed: graph cut off at hop 4.,0.251108162767,"Outgoing transfers not observed: graph cut off at hop 4. Priority drivers: high weighted network importance, high case-money inflow (115 KZT).",25
100000003476560100,1,False,1,50000,1,0,0,0,0,False,1,2,0.000293968083904,0,0,50000,1,peripheral,0.9,one_off_recipient,Single inflow of 50K KZT; 0 further outgoing transfers observed.,0.594363134643,"Single inflow of 50K KZT; 0 further outgoing transfers observed. Priority drivers: high case-money inflow (50K KZT), 2 seeds within 2 hops.",2
100000003481025100,4,False,1,9000,1,0,0,0,0,True,0,0,0.000527886957613,0,0,5.47989994915,0.000608877772128,peripheral,0.9,cut_off_hop4,Outgoing transfers not observed: graph cut off at hop 4.,0.196400256137,"Outgoing transfers not observed: graph cut off at hop 4. Priority drivers: high weighted network importance, 0 seeds within 2 hops.",0
100000003484058100,3,False,1,110000,1,1,6000,1,0.0545454545455,False,0,0,0.000315022561844,1.92202445845e-05,0,121.622796687,0.00110566178807,peripheral,0.6,other,"Limited role evidence: 1 payers, 1 recipients, 110K KZT received in observed graph.",0.376001400463,"Limited role evidence: 1 payers, 1 recipients, 110K KZT received in observed graph. Priority drivers: strong bridge position, high case-money inflow (122 KZT).",14
100000003486846100,4,False,1,27000,2,0,0,0,0,True,0,0,0.000527998124748,0,0,104.32239087,0.00386379225444,peripheral,0.9,cut_off_hop4,Outgoing transfers not observed: graph cut off at hop 4.,0.24124042364,"Outgoing transfers not observed: graph cut off at hop 4. Priority drivers: high weighted network importance, high case-money inflow (104 KZT).",4
100000003486970100,3,False,1,150000,1,0,0,0,0,False,0,0,0.000288858392433,0,0,179.303906355,0.0011953593757,peripheral,0.9,one_off_recipient,Single inflow of 150K KZT; 0 further outgoing transfers observed.,0.269031791442,"Single inflow of 150K KZT; 0 further outgoing transfers observed. Priority drivers: high case-money inflow (179 KZT), 0 seeds within 2 hops.",5
100000003497735100,3,False,1,125000,1,0,0,0,0,False,0,0,0.000305262476817,0,0,927.272024633,0.00741817619707,peripheral,0.9,one_off_recipient,Single inflow of 125K KZT; 0 further outgoing transfers observed.,0.363701277462,"Single inflow of 125K KZT; 0 further outgoing transfers observed. Priority drivers: high case-money inflow (927 KZT), high weighted network importance.",18
100000003500764100,4,False,1,21000,1,0,0,0,0,True,0,0,0.000526936999042,0,0,39.3759301515,0.00187504429293,peripheral,0.9,cut_off_hop4,Outgoing transfers not observed: graph cut off at hop 4.,0.222859340953,"Outgoing transfers not observed: graph cut off at hop 4. Priority drivers: high weighted network importance, 0 seeds within 2 hops.",16
100000003509750100,2,False,3,82290,4,3,78400,5,0.95272815652,False,0,1,0.00167473717466,1.98146851387e-06,0.744897959184,19665.5436763,0.238978535379,transit,0.881820391299,,Pass-through hypothesis: forwards 95% of 82K KZT received; 74% forwarded within 2 days.,0.786397077454,"Pass-through hypothesis: forwards 95% of 82K KZT received; 74% forwarded within 2 days. Priority drivers: high case-money inflow (20K KZT), 1 seeds within 2 hops.",6
100000003528285100,3,False,4,118870,5,4,548000,6,4.61007823673,False,0,0,0.000401955555924,0.000115046260158,0.620437956204,1083.56463085,0.00197730772053,peripheral,0.6,other,"Limited role evidence: 4 payers, 4 recipients, 119K KZT received in observed graph.",0.49741328874,"Limited role evidence: 4 payers, 4 recipients, 119K KZT received in observed graph. Priority drivers: high case-money inflow (1K KZT), strong bridge position.",2
100000003557488100,3,False,1,664992,3,2,138000,4,0.207521293489,False,0,0,0.000576762215595,1.98146851387e-05,0.855072463768,3057.23707057,0.00459740428543,peripheral,0.6,other,"Limited role evidence: 1 payers, 2 recipients, 665K KZT received in observed graph.",0.530858567013,"Limited role evidence: 1 payers, 2 recipients, 665K KZT received in observed graph. Priority drivers: high case-money inflow (3K KZT), high weighted network importance.",30
100000003561031100,3,False,1,13300,1,1,5000,1,0.375939849624,False,0,0,0.000286721968931,1.92202445845e-05,0,88.4649965804,0.00665150350229,peripheral,0.6,other,"Limited role evidence: 1 payers, 1 recipients, 13K KZT received in observed graph.",0.297847248135,"Limited role evidence: 1 payers, 1 recipients, 13K KZT received in observed graph. Priority drivers: strong bridge position, high case-money inflow (88 KZT).",3
100000003567087100,1,False,1,62115,1,0,0,0,0,False,1,1,0.000296976335972,0,0,62115,1,peripheral,0.9,one_off_recipient,Single inflow of 62K KZT; 0 further outgoing transfers observed.,0.564442048915,"Single inflow of 62K KZT; 0 further outgoing transfers observed. Priority drivers: high case-money inflow (62K KZT), 1 seeds within 2 hops.",1
100000003568904100,4,False,1,49000,1,0,0,0,0,True,0,0,0.000528585175707,0,0,107.820962574,0.00220042780764,peripheral,0.9,cut_off_hop4,Outgoing transfers not observed: graph cut off at hop 4.,0.242352962855,"Outgoing transfers not observed: graph cut off at hop 4. Priority drivers: high weighted network importance, high case-money inflow (108 KZT).",12
100000003574895100,3,False,1,27968,1,1,20000,1,0.715102974828,False,0,0,0.000285601447711,1.92202445845e-05,1,23.6733060895,0.00084644258043,peripheral,0.6,other,"Limited role evidence: 1 payers, 1 recipients, 28K KZT received in observed graph.",0.25942663921,"Limited role evidence: 1 payers, 1 recipients, 28K KZT received in observed graph. Priority drivers: strong bridge position, 0 seeds within 2 hops.",0
100000003581109100,3,False,1,42750,1,0,0,0,0,False,0,0,0.000286428158086,0,0,36.1854203134,0.00084644258043,peripheral,0.9,one_off_recipient,Single inflow of 43K KZT; 0 further outgoing transfers observed.,0.204421594778,"Single inflow of 43K KZT; 0 further outgoing transfers observed. Priority drivers: 0 seeds within 2 hops, strong bridge position.",0
100000003582677100,3,False,2,29756.99,2,4,56000,5,1.88191077122,False,0,0,0.00029170159798,0.000178881462446,0,150.363287302,0.00268505870182,peripheral,0.6,other,"Limited role evidence: 2 payers, 4 recipients, 30K KZT received in observed graph.",0.365774331901,"Limited role evidence: 2 payers, 4 recipients, 30K KZT received in observed graph. Priority drivers: strong bridge position, high case-money inflow (150 KZT).",2
100000003589877100,1,False,2,176000,2,6,416129,6,2.36436931818,False,1,1,0.000305303056346,9.54572456557e-05,0.879844951926,26001.2681154,0.0624836724078,peripheral,0.6,other,"Limited role evidence: 2 payers, 6 recipients, 176K KZT received in observed graph.",0.637551768776,"Limited role evidence: 2 payers, 6 recipients, 176K KZT received in observed graph. Priority drivers: high case-money inflow (26K KZT), 1 seeds within 2 hops.",9
100000003594472100,3,False,1,20000,1,0,0,0,0,False,0,0,0.000292841149366,0,0,91.9480857085,0.00459740428543,peripheral,0.9,one_off_recipient,Single inflow of 20K KZT; 0 further outgoing transfers observed.,0.260463166429,"Single inflow of 20K KZT; 0 further outgoing transfers observed. Priority drivers: high case-money inflow (92 KZT), 0 seeds within 2 hops.",30
100000003603979100,2,False,1,165000,3,0,0,0,0,False,0,1,0.000581810806171,0,0,13651.2020233,0.0827345577172,peripheral,0.9,one_off_recipient,Single inflow of 165K KZT; 0 further outgoing transfers observed.,0.591599062058,"Single inflow of 165K KZT; 0 further outgoing transfers observed. Priority drivers: high case-money inflow (14K KZT), 1 seeds within 2 hops.",23
100000003610172100,3,False,1,70000,1,0,0,0,0,False,0,0,0.000286287135765,0,0,83.6751562989,0.0011953593757,peripheral,0.9,one_off_recipient,Single inflow of 70K KZT; 0 further outgoing transfers observed.,0.225152139162,"Single inflow of 70K KZT; 0 further outgoing transfers observed. Priority drivers: high case-money inflow (84 KZT), 0 seeds within 2 hops.",5
100000003616818100,1,False,3,78000,4,3,240100,8,3.07820512821,False,1,1,0.000509771280545,1.98146851387e-06,0,19864.5673081,0.082734557718,peripheral,0.6,other,"Limited role evidence: 3 payers, 3 recipients, 78K KZT received in observed graph.",0.652823269806,"Limited role evidence: 3 payers, 3 recipients, 78K KZT received in observed graph. Priority drivers: high case-money inflow (20K KZT), 1 seeds within 2 hops.",23
100000003617552100,2,False,1,25000,1,0,0,0,0,False,0,1,0.000547691444152,0,0,16500,0.66,peripheral,0.9,one_off_recipient,Single inflow of 25K KZT; 0 further outgoing transfers observed.,0.593672116496,"Single inflow of 25K KZT; 0 further outgoing transfers observed. Priority drivers: high case-money inflow (16K KZT), 1 seeds within 2 hops.",28
100000003622955100,4,False,1,15000,1,0,0,0,0,True,0,0,0.00132035004255,0,0,5898.86745029,0.393257830019,peripheral,0.9,cut_off_hop4,Outgoing transfers not observed: graph cut off at hop 4.,0.340062928719,"Outgoing transfers not observed: graph cut off at hop 4. Priority drivers: high case-money inflow (6K KZT), high weighted network importance.",11
100000003626268100,4,False,1,5000,1,0,0,0,0,True,0,0,0.00052775095993,0,0,33.2575174959,0.00665150349918,peripheral,0.9,cut_off_hop4,Outgoing transfers not observed: graph cut off at hop 4.,0.22019892109,"Outgoing transfers not observed: graph cut off at hop 4. Priority drivers: high weighted network importance, 0 seeds within 2 hops.",3
100000003631015100,4,False,1,266000,1,0,0,0,0,True,0,0,0.000320479508296,0,0,1.22587379463,4.6085481001e-06,peripheral,0.9,cut_off_hop4,Outgoing transfers not observed: graph cut off at hop 4.,0.164330103975,"Outgoing transfers not observed: graph cut off at hop 4. Priority drivers: high weighted network importance, 0 seeds within 2 hops.",38
100000003632533100,4,False,1,10000,1,0,0,0,0,True,0,0,0.000426284330156,0,0,21.7075409817,0.00217075409817,peripheral,0.9,cut_off_hop4,Outgoing transfers not observed: graph cut off at hop 4.,0.205639168751,"Outgoing transfers not observed: graph cut off at hop 4. Priority drivers: high weighted network importance, 0 seeds within 2 hops.",5
100000003635170100,1,False,3,268500,13,4,253500,10,0.944134078212,False,1,2,0.00113834848297,0.000188041361966,1,51547.4352033,0.191982998895,transit,0.860335195531,,Pass-through hypothesis: forwards 94% of 268K KZT received; 100% forwarded within 2 days.,0.891431835667,"Pass-through hypothesis: forwards 94% of 268K KZT received; 100% forwarded within 2 days. Priority drivers: high case-money inflow (52K KZT), 2 seeds within 2 hops.",11
100000003635660100,3,False,1,18985,1,0,0,0,0,False,0,0,0.000288949335841,0,0,230.29595869,0.0121304165757,peripheral,0.9,one_off_recipient,Single inflow of 19K KZT; 0 further outgoing transfers observed.,0.279673470892,"Single inflow of 19K KZT; 0 further outgoing transfers observed. Priority drivers: high case-money inflow (230 KZT), 0 seeds within 2 hops.",0
100000003636627100,3,False,1,77000,8,1,10000,1,0.12987012987,False,0,0,0.00208244541152,0,0,19288.1330997,0.250495235061,peripheral,0.6,other,"Limited role evidence: 1 payers, 1 recipients, 77K KZT received in observed graph.",0.524777607327,"Limited role evidence: 1 payers, 1 recipients, 77K KZT received in observed graph. Priority drivers: high case-money inflow (19K KZT), high weighted network importance.",6
100000003646145100,4,False,1,5000,1,0,0,0,0,True,0,0,0.000648533396592,0,0,744.517869808,0.148903573962,peripheral,0.9,cut_off_hop4,Outgoing transfers not observed: graph cut off at hop 4.,0.30025337332,"Outgoing transfers not observed: graph cut off at hop 4. Priority drivers: high case-money inflow (745 KZT), high weighted network importance.",31
100000003647799100,3,False,1,100000,1,0,0,0,0,False,0,0,0.000287251357016,0,0,119.53593757,0.0011953593757,peripheral,0.9,one_off_recipient,Single inflow of 100K KZT; 0 further outgoing transfers observed.,0.244189689088,"Single inflow of 100K KZT; 0 further outgoing transfers observed. Priority drivers: high case-money inflow (120 KZT), 0 seeds within 2 hops.",5
100000003650146100,3,False,1,14400,1,0,0,0,0,False,0,0,0.000298489716918,0,0,231.4351077,0.0160718824792,peripheral,0.9,one_off_recipient,Single inflow of 14K KZT; 0 further outgoing transfers observed.,0.310078269322,"Single inflow of 14K KZT; 0 further outgoing transfers observed. Priority drivers: high case-money inflow (231 KZT), high weighted network importance.",4
100000003664994100,4,False,1,338271,2,0,0,0,0,True,0,0,0.000388819257394,0,0,298.188545984,0.000881507861993,peripheral,0.9,cut_off_hop4,Outgoing transfers not observed: graph cut off at hop 4.,0.256719230114,"Outgoing transfers not observed: graph cut off at hop 4. Priority drivers: high case-money inflow (298 KZT), high weighted network importance.",39
100000003671721100,3,False,1,5000,1,0,0,0,0,False,0,0,0.000555371232495,0,0,250.688079903,0.0501376159806,peripheral,0.9,one_off_recipient,Single inflow of 5K KZT; 0 further outgoing transfers observed.,0.387057690802,"Single inflow of 5K KZT; 0 further outgoing transfers observed. Priority drivers: high weighted network importance, high case-money inflow (251 KZT).",7
100000003677936100,3,False,1,71000,1,1,13000,2,0.183098591549,False,0,0,0.00030718110507,1.92202445845e-05,0.461538461538,185.077166834,0.00260672065963,peripheral,0.6,other,"Limited role evidence: 1 payers, 1 recipients, 71K KZT received in observed graph.",0.382566072852,"Limited role evidence: 1 payers, 1 recipients, 71K KZT received in observed graph. Priority drivers: strong bridge position, high case-money inflow (185 KZT).",6
100000003684369100,0,True,24,3848436,58,62,8588655,67,2.23172608301,False,1,4,0.00200687518734,0.00230307483818,1,500392.251393,1,consolidator,1,,"Signs of consolidation: seed receives from 24 payers, 3.8M KZT observed in and 8.6M KZT observed out.",0.604270492143,"Signs of consolidation: seed receives from 24 payers, 3.8M KZT observed in and 8.6M KZT observed out. Priority drivers: high case-money inflow (500K KZT), 4 seeds within 2 hops.",2
100000003692843100,4,False,1,510000,2,0,0,0,0,True,0,0,0.000526321220229,0,0,722.434105532,0.00141653746183,peripheral,0.9,cut_off_hop4,Outgoing transfers not observed: graph cut off at hop 4.,0.288208927033,"Outgoing transfers not observed: graph cut off at hop 4. Priority drivers: high case-money inflow (722 KZT), high weighted network importance.",50
100000003696422100,4,False,1,118000,2,0,0,0,0,True,0,0,0.000703234751926,0,0,542.49370568,0.00459740428543,peripheral,0.9,cut_off_hop4,Outgoing transfers not observed: graph cut off at hop 4.,0.295077647406,"Outgoing transfers not observed: graph cut off at hop 4. Priority drivers: high case-money inflow (542 KZT), high weighted network importance.",30
100000003701161100,1,False,4,1527103,13,3,349000,7,0.22853730233,False,1,2,0.0016540682251,0.000213007865241,1,269262.534412,0.176322444794,peripheral,0.6,other,"Limited role evidence: 4 payers, 3 recipients, 1.5M KZT received in observed graph.",0.820878882946,"Limited role evidence: 4 payers, 3 recipients, 1.5M KZT received in observed graph. Priority drivers: high case-money inflow (269K KZT), 2 seeds within 2 hops.",21
100000003711830100,3,False,1,50000,1,0,0,0,0,False,0,0,0.000294130078479,0,0,332.575175114,0.00665150350229,peripheral,0.9,one_off_recipient,Single inflow of 50K KZT; 0 further outgoing transfers observed.,0.312807790999,"Single inflow of 50K KZT; 0 further outgoing transfers observed. Priority drivers: high case-money inflow (333 KZT), 0 seeds within 2 hops.",3
100000003713616100,1,False,1,15893,1,0,0,0,0,False,1,1,0.000285734830602,0,0,15893,1,peripheral,0.9,one_off_recipient,Single inflow of 16K KZT; 0 further outgoing transfers observed.,0.469841664709,"Single inflow of 16K KZT; 0 further outgoing transfers observed. Priority drivers: high case-money inflow (16K KZT), 1 seeds within 2 hops.",4
100000003718221100,2,False,2,350000,6,4,423500,8,1.21,False,0,1,0.00104630167329,3.92330765746e-05,0.802833530106,32307.4963953,0.0762868864116,peripheral,0.6,other,"Limited role evidence: 2 payers, 4 recipients, 350K KZT received in observed graph.",0.715947777455,"Limited role evidence: 2 payers, 4 recipients, 350K KZT received in observed graph. Priority drivers: high case-money inflow (32K KZT), 1 seeds within 2 hops.",21
100000003718715100,4,False,1,915000,3,0,0,0,0,True,0,0,0.000572041321473,0,0,175.808208632,0.000192140118724,peripheral,0.9,cut_off_hop4,Outgoing transfers not observed: graph cut off at hop 4.,0.26233029746,"Outgoing transfers not observed: graph cut off at hop 4. Priority drivers: high weighted network importance, high case-money inflow (176 KZT).",12
100000003724440100,2,False,2,50000,2,0,0,0,0,False,0,1,0.000306398221332,0,0,1244.31926483,0.0248863852967,terminal,0.5,,Money stops here in the observed graph: receives 50K KZT from 2 payers; no outgoing transfers were traced.,0.531259357537,"Money stops here in the observed graph: receives 50K KZT from 2 payers; no outgoing transfers were traced. Priority drivers: high case-money inflow (1K KZT), 1 seeds within 2 hops.",2
100000003736419100,3,False,1,23300,1,1,10000,1,0.429184549356,False,0,0,0.000290065769567,1.92202445845e-05,1,282.638706214,0.0121304165757,peripheral,0.6,other,"Limited role evidence: 1 payers, 1 recipients, 23K KZT received in observed graph.",0.360315288546,"Limited role evidence: 1 payers, 1 recipients, 23K KZT received in observed graph. Priority drivers: strong bridge position, high case-money inflow (283 KZT).",0
100000003739818100,1,False,1,57293,1,0,0,0,0,False,1,2,0.00029541659006,0,0,57293,1,peripheral,0.9,one_off_recipient,Single inflow of 57K KZT; 0 further outgoing transfers observed.,0.603069963284,"Single inflow of 57K KZT; 0 further outgoing transfers observed. Priority drivers: high case-money inflow (57K KZT), 2 seeds within 2 hops.",2
100000003741418100,2,False,9,151900,13,3,39920,3,0.262804476629,False,0,1,0.00062860852658,5.27548558083e-05,0,995.861537443,0.00655603382122,consolidator,0.9,,"Signs of consolidation: receives from 9 payers (1 seeds within 2 hops), 152K KZT in, forwards 26%.",0.77947307563,"Signs of consolidation: receives from 9 payers (1 seeds within 2 hops), 152K KZT in, forwards 26%. Priority drivers: consolidator role signals, high case-money inflow (996 KZT).",5
100000003747133100,2,False,5,237068,8,2,250000,2,1.05454974944,False,0,1,0.000375916707835,9.61012229227e-05,0.92,8602.01780643,0.0344080712257,consolidator,0.5,,"Signs of consolidation: receives from 5 payers (1 seeds within 2 hops), 237K KZT in, forwards 105%.",0.800272721828,"Signs of consolidation: receives from 5 payers (1 seeds within 2 hops), 237K KZT in, forwards 105%. Priority drivers: high case-money inflow (9K KZT), consolidator role signals.",44
100000003760160100,3,False,1,104470,1,0,0,0,0,False,0,0,0.000287395025982,0,0,124.879193979,0.0011953593757,peripheral,0.9,one_off_recipient,Single inflow of 104K KZT; 0 further outgoing transfers observed.,0.247333821653,"Single inflow of 104K KZT; 0 further outgoing transfers observed. Priority drivers: high case-money inflow (125 KZT), 0 seeds within 2 hops.",5
100000003770083100,0,True,0,0,0,0,0,0,,False,0,0,0.00028403728618,0,,0,1,peripheral,0.9,isolated_seed,Known seed with 0 observed transfers in this graph.,0.0845709468331,"Known seed with 0 observed transfers in this graph. Priority drivers: 0 seeds within 2 hops, strong bridge position.",72
100000003781406100,3,False,1,45000,2,0,0,0,0,False,0,0,0.000718114305118,0,0,29964.6824987,0.665881833305,peripheral,0.9,one_off_recipient,Single inflow of 45K KZT; 0 further outgoing transfers observed.,0.530651261569,"Single inflow of 45K KZT; 0 further outgoing transfers observed. Priority drivers: high case-money inflow (30K KZT), high weighted network importance.",10
100000003782913100,4,False,1,200000,1,0,0,0,0,True,0,0,0.000297785253783,0,0,20.7616111127,0.000103808055564,peripheral,0.9,cut_off_hop4,Outgoing transfers not observed: graph cut off at hop 4.,0.166313326055,"Outgoing transfers not observed: graph cut off at hop 4. Priority drivers: 0 seeds within 2 hops, high weighted network importance.",14
100000003786516100,4,False,1,5000,1,0,0,0,0,True,0,0,0.000291577735444,0,0,5.64143454292,0.00112828690858,peripheral,0.9,cut_off_hop4,Outgoing transfers not observed: graph cut off at hop 4.,0.137580791538,"Outgoing transfers not observed: graph cut off at hop 4. Priority drivers: 0 seeds within 2 hops, strong bridge position.",0
100000003792647100,4,False,1,8000,1,0,0,0,0,True,0,0,0.000397834921361,0,0,17.3660327853,0.00217075409817,peripheral,0.9,cut_off_hop4,Outgoing transfers not observed: graph cut off at hop 4.,0.199447646162,"Outgoing transfers not observed: graph cut off at hop 4. Priority drivers: high weighted network importance, 0 seeds within 2 hops.",5
100000003795588100,3,False,1,400000,2,0,0,0,0,False,0,0,0.000319240327293,0,0,1939.98421715,0.00484996054288,terminal,0.666666666667,,Money stops here in the observed graph: receives 400K KZT from 1 payers; no outgoing transfers were traced.,0.458978859452,"Money stops here in the observed graph: receives 400K KZT from 1 payers; no outgoing transfers were traced. Priority drivers: high case-money inflow (2K KZT), high weighted network importance.",0
100000003796063100,3,False,1,35000,1,15,959150,23,27.4042857143,False,0,0,0.000680852594744,0.00117892717394,0.0735025804097,2484.09225788,0.00258988923305,distributor,0.75,,Fan-out hypothesis: sends 959K KZT to 15 recipients after receiving from 1 payers.,0.67870880956,"Fan-out hypothesis: sends 959K KZT to 15 recipients after receiving from 1 payers. Priority drivers: high case-money inflow (2K KZT), strong bridge position.",5
100000003798151100,2,False,1,350000,3,0,0,0,0,False,0,1,0.000571900374269,0,0,300361.617356,0.858176049588,terminal,0.583333333333,,Money stops here in the observed graph: receives 350K KZT from 1 payers; no outgoing transfers were traced.,0.732622045322,"Money stops here in the observed graph: receives 350K KZT from 1 payers; no outgoing transfers were traced. Priority drivers: high case-money inflow (300K KZT), 1 seeds within 2 hops.",4
100000003809101100,1,False,2,166050,3,2,55200,4,0.332429990967,False,1,2,0.000359922344625,0.000133339621193,0.184782608696,147738.403426,0.889722393409,peripheral,0.6,other,"Limited role evidence: 2 payers, 2 recipients, 166K KZT received in observed graph.",0.760207489715,"Limited role evidence: 2 payers, 2 recipients, 166K KZT received in observed graph. Priority drivers: high case-money inflow (148K KZT), 2 seeds within 2 hops.",11
100000003814002100,3,False,1,30000,1,0,0,0,0,False,0,0,0.00028500150743,0,0,35.860781271,0.0011953593757,peripheral,0.9,one_off_recipient,Single inflow of 30K KZT; 0 further outgoing transfers observed.,0.197926024204,"Single inflow of 30K KZT; 0 further outgoing transfers observed. Priority drivers: 0 seeds within 2 hops, strong bridge position.",5
100000003819173100,4,False,1,143777,1,0,0,0,0,True,0,0,0.000293612664446,0,0,6.15338284285,4.27981029153e-05,peripheral,0.9,cut_off_hop4,Outgoing transfers not observed: graph cut off at hop 4.,0.143143487615,"Outgoing transfers not observed: graph cut off at hop 4. Priority drivers: 0 seeds within 2 hops, strong bridge position.",3
100000003823811100,2,False,1,30000,1,3,66130,3,2.20433333333,False,0,2,0.000354831438179,0.000124523397573,0,10602.9126801,0.160334381977,peripheral,0.6,other,"Limited role evidence: 1 payers, 3 recipients, 30K KZT received in observed graph.",0.679911181134,"Limited role evidence: 1 payers, 3 recipients, 30K KZT received in observed graph. Priority drivers: high case-money inflow (11K KZT), 2 seeds within 2 hops.",19
100000003824464100,2,False,1,200000,1,0,0,0,0,False,0,1,0.000321460900254,0,0,6190.76454779,0.030953822739,peripheral,0.9,one_off_recipient,Single inflow of 200K KZT; 0 further outgoing transfers observed.,0.518454791289,"Single inflow of 200K KZT; 0 further outgoing transfers observed. Priority drivers: high case-money inflow (6K KZT), 1 seeds within 2 hops.",21
100000003831201100,2,False,1,40500,3,0,0,0,0,False,0,1,0.000531162484404,0,0,24614.1171797,0.607755979747,peripheral,0.9,one_off_recipient,Single inflow of 40K KZT; 0 further outgoing transfers observed.,0.604451999576,"Single inflow of 40K KZT; 0 further outgoing transfers observed. Priority drivers: high case-money inflow (25K KZT), 1 seeds within 2 hops.",0
100000003831324100,1,False,2,300000,2,0,0,0,0,False,1,1,0.00031347030676,0,0,200014.710746,0.666715702485,terminal,0.5,,Money stops here in the observed graph: receives 300K KZT from 2 payers; no outgoing transfers were traced.,0.673609095642,"Money stops here in the observed graph: receives 300K KZT from 2 payers; no outgoing transfers were traced. Priority drivers: high case-money inflow (200K KZT), 1 seeds within 2 hops.",6
100000003832231100,1,False,1,35000,1,0,0,0,0,False,1,2,0.000290988844587,0,0,35000,1,peripheral,0.9,one_off_recipient,Single inflow of 35K KZT; 0 further outgoing transfers observed.,0.570523008601,"Single inflow of 35K KZT; 0 further outgoing transfers observed. Priority drivers: high case-money inflow (35K KZT), 2 seeds within 2 hops.",2
100000003834495100,3,False,3,602441,5,1,20000,1,0.033198271698,False,0,0,0.000616995519093,2.87171401046e-06,1,4208.52538613,0.00698578846083,terminal,1,,Possible holding point: receives 602K KZT from 3 payers; observed onward flow is 3%.,0.592207158027,"Possible holding point: receives 602K KZT from 3 payers; observed onward flow is 3%. Priority drivers: high case-money inflow (4K KZT), high weighted network importance.",0
100000003835149100,1,False,1,248500,1,2,4600440,13,18.5128370221,False,1,1,0.000486043265345,1.78332166248e-06,0,248500,0.0540165723279,peripheral,0.6,other,"Limited role evidence: 1 payers, 2 recipients, 248K KZT received in observed graph.",0.715913226548,"Limited role evidence: 1 payers, 2 recipients, 248K KZT received in observed graph. Priority drivers: high case-money inflow (248K KZT), 1 seeds within 2 hops.",22
100000003838587100,4,False,1,6000,1,0,0,0,0,True,0,0,0.00055180646394,0,0,6.63397031004,0.00110566171834,peripheral,0.9,cut_off_hop4,Outgoing transfers not observed: graph cut off at hop 4.,0.203414090321,"Outgoing transfers not observed: graph cut off at hop 4. Priority drivers: high weighted network importance, 0 seeds within 2 hops.",14
100000003843844100,3,False,1,16680,1,1,238000,1,14.2685851319,False,0,0,0.000290165845622,1.92202445845e-05,0,180.2418978,0.000757318898319,peripheral,0.6,other,"Limited role evidence: 1 payers, 1 recipients, 17K KZT received in observed graph.",0.344905583887,"Limited role evidence: 1 payers, 1 recipients, 17K KZT received in observed graph. Priority drivers: strong bridge position, high case-money inflow (180 KZT).",12
100000003854444100,2,False,1,210000,4,14,2322909,14,11.0614714286,False,0,1,0.0004640394007,0.0010752598119,0.744830727334,17231.7482517,0.00741817619707,distributor,0.7,,Fan-out hypothesis: sends 2.3M KZT to 14 recipients after receiving from 1 payers.,0.80032800328,"Fan-out hypothesis: sends 2.3M KZT to 14 recipients after receiving from 1 payers. Priority drivers: high case-money inflow (17K KZT), 1 seeds within 2 hops.",18
100000003865939100,1,False,1,81465,1,0,0,0,0,False,1,1,0.000525468979589,0,0,81465,1,peripheral,0.9,one_off_recipient,Single inflow of 81K KZT; 0 further outgoing transfers observed.,0.638519194181,"Single inflow of 81K KZT; 0 further outgoing transfers observed. Priority drivers: high case-money inflow (81K KZT), 1 seeds within 2 hops.",67
100000003873332100,1,False,1,23468,1,4,286000,8,12.1868075678,False,1,1,0.000288406749127,0.000893559149182,0,23468,0.0820559440559,peripheral,0.6,other,"Limited role evidence: 1 payers, 4 recipients, 23K KZT received in observed graph.",0.595883374564,"Limited role evidence: 1 payers, 4 recipients, 23K KZT received in observed graph. Priority drivers: high case-money inflow (23K KZT), 1 seeds within 2 hops.",18
100000003877908100,1,False,1,40000,1,0,0,0,0,False,1,2,0.000291981924359,0,0,40000,1,peripheral,0.9,one_off_recipient,Single inflow of 40K KZT; 0 further outgoing transfers observed.,0.579540795408,"Single inflow of 40K KZT; 0 further outgoing transfers observed. Priority drivers: high case-money inflow (40K KZT), 2 seeds within 2 hops.",2
100000003880331100,3,False,1,100000,1,16,3904908,31,39.04908,False,0,0,0.000305955596836,0.000659654084433,0.446715005834,167.122668388,4.27981064824e-05,distributor,0.8,,Fan-out hypothesis: sends 3.9M KZT to 16 recipients after receiving from 1 payers.,0.52720308102,"Fan-out hypothesis: sends 3.9M KZT to 16 recipients after receiving from 1 payers. Priority drivers: strong bridge position, distributor role signals.",3
100000003886323100,1,False,2,78168,6,1,7650,1,0.0978661344796,False,1,1,0.00189658136732,1.92202445845e-05,0,8638.40755482,0.110510791562,terminal,0.5,,Possible holding point: receives 78K KZT from 2 payers; observed onward flow is 10%.,0.725573660231,"Possible holding point: receives 78K KZT from 2 payers; observed onward flow is 10%. Priority drivers: high case-money inflow (9K KZT), 1 seeds within 2 hops.",4
100000003888197100,3,False,1,83167,1,0,0,0,0,False,0,0,0.000286710332472,0,0,99.4144531987,0.0011953593757,peripheral,0.9,one_off_recipient,Single inflow of 83K KZT; 0 further outgoing transfers observed.,0.232131422438,"Single inflow of 83K KZT; 0 further outgoing transfers observed. Priority drivers: high case-money inflow (99 KZT), 0 seeds within 2 hops.",5
100000003888271100,1,False,1,12177,2,2,25590,3,2.10150283321,False,1,1,0.000289803215215,3.96293702774e-07,0.270027354435,12177,0.475849941383,peripheral,0.6,other,"Limited role evidence: 1 payers, 2 recipients, 12K KZT received in observed graph.",0.544160666326,"Limited role evidence: 1 payers, 2 recipients, 12K KZT received in observed graph. Priority drivers: high case-money inflow (12K KZT), 1 seeds within 2 hops.",41
100000003888527100,3,False,1,30000,1,0,0,0,0,False,0,0,0.000364548047462,0,0,615.402766105,0.0205134255368,peripheral,0.9,one_off_recipient,Single inflow of 30K KZT; 0 further outgoing transfers observed.,0.385330145436,"Single inflow of 30K KZT; 0 further outgoing transfers observed. Priority drivers: high case-money inflow (615 KZT), high weighted network importance.",39
100000003896956100,3,False,1,10000,1,1,27000,2,2.7,False,0,0,0.00028701275107,1.92202445845e-05,0.666666666667,104.32239087,0.00386379225444,peripheral,0.6,other,"Limited role evidence: 1 payers, 1 recipients, 10K KZT received in observed graph.",0.305033836855,"Limited role evidence: 1 payers, 1 recipients, 10K KZT received in observed graph. Priority drivers: strong bridge position, high case-money inflow (104 KZT).",4
100000003899325100,3,False,1,50120,1,0,0,0,0,False,0,0,0.000295022743481,0,0,83.7618813961,0.00167122668388,peripheral,0.9,one_off_recipient,Single inflow of 50K KZT; 0 further outgoing transfers observed.,0.265092988009,"Single inflow of 50K KZT; 0 further outgoing transfers observed. Priority drivers: high case-money inflow (84 KZT), 0 seeds within 2 hops.",3
100000003899899100,3,False,2,218500,5,1,10000,1,0.045766590389,False,0,0,0.000649947553306,1.94183914359e-05,1,2279.44424051,0.010432239087,terminal,0.5,,Possible holding point: receives 218K KZT from 2 payers; observed onward flow is 5%.,0.588924821832,"Possible holding point: receives 218K KZT from 2 payers; observed onward flow is 5%. Priority drivers: high case-money inflow (2K KZT), high weighted network importance.",4
100000003900547100,1,False,1,23700,1,0,0,0,0,False,1,1,0.000286568702703,0,0,23700,1,peripheral,0.9,one_off_recipient,Single inflow of 24K KZT; 0 further outgoing transfers observed.,0.48932837643,"Single inflow of 24K KZT; 0 further outgoing transfers observed. Priority drivers: high case-money inflow (24K KZT), 1 seeds within 2 hops.",4
100000003904497100,4,False,1,10000,1,0,0,0,0,True,0,0,0.000339343065643,0,0,37.9476036459,0.00379476036459,peripheral,0.9,cut_off_hop4,Outgoing transfers not observed: graph cut off at hop 4.,0.201721095863,"Outgoing transfers not observed: graph cut off at hop 4. Priority drivers: high weighted network importance, 0 seeds within 2 hops.",8
100000003917461100,3,False,1,10000,1,2,140000,5,14,False,0,0,0.000396725207713,2.02109788415e-05,0.0714285714286,5554.39579372,0.0396742556695,peripheral,0.6,other,"Limited role evidence: 1 payers, 2 recipients, 10K KZT received in observed graph.",0.517625569514,"Limited role evidence: 1 payers, 2 recipients, 10K KZT received in observed graph. Priority drivers: high case-money inflow (6K KZT), strong bridge position.",10
100000003920950100,3,False,1,323290,1,0,0,0,0,False,0,0,0.00038941989476,0,0,842.726722051,0.00260672065963,terminal,0.538816666667,,Money stops here in the observed graph: receives 323K KZT from 1 payers; no outgoing transfers were traced.,0.461397422963,"Money stops here in the observed graph: receives 323K KZT from 1 payers; no outgoing transfers were traced. Priority drivers: high case-money inflow (843 KZT), high weighted network importance.",6
100000003922499100,2,False,1,50000,1,0,0,0,0,False,0,1,0.00053206978996,0,0,47101,0.94202,peripheral,0.9,one_off_recipient,Single inflow of 50K KZT; 0 further outgoing transfers observed.,0.627946616545,"Single inflow of 50K KZT; 0 further outgoing transfers observed. Priority drivers: high case-money inflow (47K KZT), 1 seeds within 2 hops.",10
100000003923946100,1,False,1,282000,3,4,675000,4,2.39361702128,False,1,2,0.00038718032073,1.98146851387e-06,1,282000,0.417777777778,peripheral,0.6,other,"Limited role evidence: 1 payers, 4 recipients, 282K KZT received in observed graph.",0.747769163085,"Limited role evidence: 1 payers, 4 recipients, 282K KZT received in observed graph. Priority drivers: high case-money inflow (282K KZT), 2 seeds within 2 hops.",6
100000003927792100,2,False,1,13067,1,0,0,0,0,False,0,1,0.000288162344905,0,0,362.221319518,0.0277203122,peripheral,0.9,one_off_recipient,Single inflow of 13K KZT; 0 further outgoing transfers observed.,0.388025116206,"Single inflow of 13K KZT; 0 further outgoing transfers observed. Priority drivers: 1 seeds within 2 hops, high case-money inflow (362 KZT).",15
100000003934614100,3,False,2,17000,2,1,11500,2,0.676470588235,False,0,0,0.000311711056412,6.60489504624e-08,1,548.10078854,0.0322412228553,peripheral,0.6,other,"Limited role evidence: 2 payers, 1 recipients, 17K KZT received in observed graph.",0.415113027535,"Limited role evidence: 2 payers, 1 recipients, 17K KZT received in observed graph. Priority drivers: high case-money inflow (548 KZT), strong bridge position.",32
100000003942602100,1,False,1,30000,1,1,30000,1,1,False,1,1,0.000290286525393,0,1,30000,1,transit,1,,Pass-through hypothesis: forwards 100% of 30K KZT received; 100% forwarded within 2 days.,0.622867633171,"Pass-through hypothesis: forwards 100% of 30K KZT received; 100% forwarded within 2 days. Priority drivers: high case-money inflow (30K KZT), 1 seeds within 2 hops.",1
100000003943247100,3,False,1,40000,1,0,0,0,0,False,0,0,0.000286274359309,0,0,33.8577032172,0.00084644258043,peripheral,0.9,one_off_recipient,Single inflow of 40K KZT; 0 further outgoing transfers observed.,0.202141234895,"Single inflow of 40K KZT; 0 further outgoing transfers observed. Priority drivers: 0 seeds within 2 hops, strong bridge position.",0
100000003943483100,2,False,1,10000,1,0,0,0,0,False,0,1,0.000327145344369,0,0,9155.79579677,0.915579579677,peripheral,0.9,one_off_recipient,Single inflow of 10K KZT; 0 further outgoing transfers observed.,0.533000723266,"Single inflow of 10K KZT; 0 further outgoing transfers observed. Priority drivers: high case-money inflow (9K KZT), 1 seeds within 2 hops.",10
100000003946524100,1,False,2,133757,2,2,144750,2,1.08218635286,False,1,2,0.000324224061595,0.000119482551386,0,114985.799018,0.79437512275,transit,0.794534117841,,Pass-through hypothesis: forwards 108% of 134K KZT received; 0% forwarded within 2 days.,0.845548230763,"Pass-through hypothesis: forwards 108% of 134K KZT received; 0% forwarded within 2 days. Priority drivers: high case-money inflow (115K KZT), 2 seeds within 2 hops.",2
100000003950749100,4,False,1,7000,1,0,0,0,0,True,0,0,0.00038180137652,0,0,669.648264798,0.0956640378283,peripheral,0.9,cut_off_hop4,Outgoing transfers not observed: graph cut off at hop 4.,0.274084516126,"Outgoing transfers not observed: graph cut off at hop 4. Priority drivers: high case-money inflow (670 KZT), high weighted network importance.",4
100000003951827100,3,False,1,9000,1,2,17000,2,1.88888888889,False,0,0,0.000284540627634,1.32652444172e-06,0,7.61798322387,0.000448116660227,peripheral,0.6,other,"Limited role evidence: 1 payers, 2 recipients, 9K KZT received in observed graph.",0.223493695611,"Limited role evidence: 1 payers, 2 recipients, 9K KZT received in observed graph. Priority drivers: strong bridge position, 0 seeds within 2 hops.",0
100000003962994100,3,False,1,10000,1,0,0,0,0,False,0,0,0.0004782795669,0,0,2178.40152964,0.217840152964,peripheral,0.9,one_off_recipient,Single inflow of 10K KZT; 0 further outgoing transfers observed.,0.432526684817,"Single inflow of 10K KZT; 0 further outgoing transfers observed. Priority drivers: high case-money inflow (2K KZT), high weighted network importance.",36
100000003964910100,3,False,2,1000000,2,0,0,0,0,False,0,0,0.000506207331536,0,0,5298.37972993,0.00529837972993,terminal,1,,Money stops here in the observed graph: receives 1.0M KZT from 2 payers; no outgoing transfers were traced.,0.516264263766,"Money stops here in the observed graph: receives 1.0M KZT from 2 payers; no outgoing transfers were traced. Priority drivers: high case-money inflow (5K KZT), high weighted network importance.",16
100000003968044100,3,False,1,40000,1,3,311000,4,7.775,False,0,0,0.000294386613883,6.56150315234e-05,0,485.216663029,0.00156018219623,peripheral,0.6,other,"Limited role evidence: 1 payers, 3 recipients, 40K KZT received in observed graph.",0.411381529546,"Limited role evidence: 1 payers, 3 recipients, 40K KZT received in observed graph. Priority drivers: strong bridge position, high case-money inflow (485 KZT).",3
100000003970394100,1,False,1,85000,1,0,0,0,0,False,1,1,0.000298051448015,0,0,85000,1,peripheral,0.9,one_off_recipient,Single inflow of 85K KZT; 0 further outgoing transfers observed.,0.574669117478,"Single inflow of 85K KZT; 0 further outgoing transfers observed. Priority drivers: high case-money inflow (85K KZT), 1 seeds within 2 hops.",10
100000003971049100,2,False,1,55900,7,0,0,0,0,False,0,1,0.000292674204992,0,0,2179.4718411,0.0389887628103,peripheral,0.9,one_off_recipient,Single inflow of 56K KZT; 0 further outgoing transfers observed.,0.454017349162,"Single inflow of 56K KZT; 0 further outgoing transfers observed. Priority drivers: high case-money inflow (2K KZT), 1 seeds within 2 hops.",0
100000003975102100,0,True,1,25650,1,2,88500,2,3.45029239766,False,0,1,0.000343486362845,5.9146835139e-06,0.361581920904,25647.6402654,1,peripheral,0.6,other,"Limited role evidence: 1 payers, 2 recipients, 26K KZT received in observed graph.",0.384313888083,"Limited role evidence: 1 payers, 2 recipients, 26K KZT received in observed graph. Priority drivers: high case-money inflow (26K KZT), 1 seeds within 2 hops.",4
100000003977183100,0,True,2,123800,2,4,766000,6,6.18739903069,False,1,2,0.0003296101978,1.5851748111e-06,0.211488250653,76057.7777778,1,peripheral,0.6,other,"Limited role evidence: 2 payers, 4 recipients, 124K KZT received in observed graph.",0.425795707395,"Limited role evidence: 2 payers, 4 recipients, 124K KZT received in observed graph. Priority drivers: high case-money inflow (76K KZT), 2 seeds within 2 hops.",6
100000003980083100,1,False,1,30000,1,0,0,0,0,False,1,1,0.000525468979589,0,0,30000,1,peripheral,0.9,one_off_recipient,Single inflow of 30K KZT; 0 further outgoing transfers observed.,0.607077868531,"Single inflow of 30K KZT; 0 further outgoing transfers observed. Priority drivers: high case-money inflow (30K KZT), 1 seeds within 2 hops.",66
100000003985389100,4,False,1,422698,16,0,0,0,0,True,0,0,0.000487463317908,0,0,154.845904963,0.000366327507967,peripheral,0.9,cut_off_hop4,Outgoing transfers not observed: graph cut off at hop 4.,0.248205886553,"Outgoing transfers not observed: graph cut off at hop 4. Priority drivers: high weighted network importance, high case-money inflow (155 KZT).",3
100000003986141100,3,False,1,5286.32,1,0,0,0,0,False,0,0,0.000285305262533,0,0,19.8756592785,0.00375982900741,peripheral,0.9,one_off_recipient,Single inflow of 5K KZT; 0 further outgoing transfers observed.,0.186386021164,"Single inflow of 5K KZT; 0 further outgoing transfers observed. Priority drivers: 0 seeds within 2 hops, strong bridge position.",16
100000003988112100,2,False,1,92000,2,1,64000,5,0.695652173913,False,0,2,0.00050113935231,0,0.6875,32515.5988858,0.353430422672,peripheral,0.6,other,"Limited role evidence: 1 payers, 1 recipients, 92K KZT received in observed graph.",0.650750215367,"Limited role evidence: 1 payers, 1 recipients, 92K KZT received in observed graph. Priority drivers: high case-money inflow (33K KZT), 2 seeds within 2 hops.",19
100000003989033100,4,False,1,373400,13,0,0,0,0,True,0,0,0.000595227505776,0,0,246.195201308,0.000659333693916,peripheral,0.9,cut_off_hop4,Outgoing transfers not observed: graph cut off at hop 4.,0.272971976911,"Outgoing transfers not observed: graph cut off at hop 4. Priority drivers: high weighted network importance, high case-money inflow (246 KZT).",7
100000003996562100,3,False,1,7700,1,0,0,0,0,False,0,0,0.000327980337665,0,0,164.769478999,0.0213986336363,peripheral,0.9,one_off_recipient,Single inflow of 8K KZT; 0 further outgoing transfers observed.,0.325902584869,"Single inflow of 8K KZT; 0 further outgoing transfers observed. Priority drivers: high case-money inflow (165 KZT), high weighted network importance.",0
100000004004621100,1,False,3,75389,3,0,0,0,0,False,1,2,0.000299125231948,0,0,25303.9651025,0.335645320969,terminal,0.75,,Money stops here in the observed graph: receives 75K KZT from 3 payers; no outgoing transfers were traced.,0.644586333504,"Money stops here in the observed graph: receives 75K KZT from 3 payers; no outgoing transfers were traced. Priority drivers: high case-money inflow (25K KZT), 2 seeds within 2 hops.",12
100000004005964100,1,False,3,97900,9,3,72000,5,0.73544433095,False,1,1,0.000402078433649,4.95367128468e-07,0.625,13422.2852084,0.137101993957,peripheral,0.6,other,"Limited role evidence: 3 payers, 3 recipients, 98K KZT received in observed graph.",0.624007813112,"Limited role evidence: 3 payers, 3 recipients, 98K KZT received in observed graph. Priority drivers: high case-money inflow (13K KZT), 1 seeds within 2 hops.",23
100000004006327100,4,False,1,300000,3,0,0,0,0,True,0,0,0.000551933043448,0,0,627.372866681,0.00209124288894,peripheral,0.9,cut_off_hop4,Outgoing transfers not observed: graph cut off at hop 4.,0.291207945787,"Outgoing transfers not observed: graph cut off at hop 4. Priority drivers: high case-money inflow (627 KZT), high weighted network importance.",9
100000004007116100,0,True,3,764704,24,4,148000,6,0.193538937942,False,0,1,0.000623732220779,3.96293702774e-07,0.932432432432,8032.40551147,1,peripheral,0.6,other,"Limited role evidence: 3 payers, 4 recipients, 765K KZT received in observed graph.",0.382303025277,"Limited role evidence: 3 payers, 4 recipients, 765K KZT received in observed graph. Priority drivers: high case-money inflow (8K KZT), 1 seeds within 2 hops.",23
100000004007197100,3,False,1,10048,1,0,0,0,0,False,0,0,0.000286141528023,0,0,23.6836813364,0.00235705427313,peripheral,0.9,one_off_recipient,Single inflow of 10K KZT; 0 further outgoing transfers observed.,0.193710813513,"Single inflow of 10K KZT; 0 further outgoing transfers observed. Priority drivers: 0 seeds within 2 hops, strong bridge position.",23
100000004013952100,4,False,1,5500,1,0,0,0,0,True,0,0,0.000529981679435,0,0,26.6747829855,0.00484996054282,peripheral,0.9,cut_off_hop4,Outgoing transfers not observed: graph cut off at hop 4.,0.218457555362,"Outgoing transfers not observed: graph cut off at hop 4. Priority drivers: high weighted network importance, 0 seeds within 2 hops.",0
100000004015047100,1,False,9,919104,18,1,69195,7,0.0752852778358,False,3,4,0.00225694046491,2.28859613352e-05,0.636346556832,585259.71124,0.63677202062,consolidator,0.9,,"Signs of consolidation: receives from 9 payers (4 seeds within 2 hops), 919K KZT in, forwards 8%.",0.988390895145,"Signs of consolidation: receives from 9 payers (4 seeds within 2 hops), 919K KZT in, forwards 8%. Priority drivers: high case-money inflow (585K KZT), 4 seeds within 2 hops.",6
100000004017410100,3,False,2,193650,6,5,1330915,11,6.87278595404,False,0,0,0.00112290656175,4.05870800591e-05,0.0413249531337,14276.8694807,0.0107271084034,peripheral,0.6,other,"Limited role evidence: 2 payers, 5 recipients, 194K KZT received in observed graph.",0.59222097839,"Limited role evidence: 2 payers, 5 recipients, 194K KZT received in observed graph. Priority drivers: high case-money inflow (14K KZT), high weighted network importance.",32
100000004019056100,4,False,1,50000,1,0,0,0,0,True,0,0,0.000537692038684,0,0,422.92010756,0.0084584021512,peripheral,0.9,cut_off_hop4,Outgoing transfers not observed: graph cut off at hop 4.,0.28134020666,"Outgoing transfers not observed: graph cut off at hop 4. Priority drivers: high case-money inflow (423 KZT), high weighted network importance.",12
100000004019124100,0,True,3,193000,3,0,0,0,0,False,2,4,0.00119475219137,0,0,157359.670782,1,terminal,0.75,,Money stops here in the observed graph: receives 193K KZT from 3 payers; no outgoing transfers were traced.,0.474580206476,"Money stops here in the observed graph: receives 193K KZT from 3 payers; no outgoing transfers were traced. Priority drivers: high case-money inflow (157K KZT), 4 seeds within 2 hops.",4
100000004021459100,0,True,0,0,0,0,0,0,,False,0,0,0.00028403728618,0,,0,1,peripheral,0.9,isolated_seed,Known seed with 0 observed transfers in this graph.,0.0845709468331,"Known seed with 0 observed transfers in this graph. Priority drivers: 0 seeds within 2 hops, strong bridge position.",73
100000004030553100,4,False,1,70000,1,0,0,0,0,True,0,0,0.000527693321739,0,0,79.8000227574,0.00114000032511,peripheral,0.9,cut_off_hop4,Outgoing transfers not observed: graph cut off at hop 4.,0.236016326455,"Outgoing transfers not observed: graph cut off at hop 4. Priority drivers: high weighted network importance, high case-money inflow (80 KZT).",3
100000004035925100,4,False,1,1111588,2,0,0,0,0,True,0,0,0.000459721676104,0,0,141.420013416,0.000127223407788,peripheral,0.9,cut_off_hop4,Outgoing transfers not observed: graph cut off at hop 4.,0.243804100962,"Outgoing transfers not observed: graph cut off at hop 4. Priority drivers: high weighted network importance, high case-money inflow (141 KZT).",62
100000004041163100,0,True,1,50000,1,2,866000,6,17.32,False,1,7,0.00206713413565,2.33813284637e-05,0.0554272517321,50000,1,peripheral,0.6,other,"Limited role evidence: 1 payers, 2 recipients, 50K KZT received in observed graph.",0.471575659577,"Limited role evidence: 1 payers, 2 recipients, 50K KZT received in observed graph. Priority drivers: high case-money inflow (50K KZT), 7 seeds within 2 hops.",19
100000004041294100,4,False,1,17800,2,0,0,0,0,True,0,0,0.000299220521333,0,0,9.18251937145,0.000515871874801,peripheral,0.9,cut_off_hop4,Outgoing transfers not observed: graph cut off at hop 4.,0.156300473117,"Outgoing transfers not observed: graph cut off at hop 4. Priority drivers: high weighted network importance, 0 seeds within 2 hops.",24
100000004047887100,4,False,1,30000,1,0,0,0,0,True,0,0,0.000286465766992,0,0,3.26324950852,0.000108774983617,peripheral,0.9,cut_off_hop4,Outgoing transfers not observed: graph cut off at hop 4.,0.11470118072,"Outgoing transfers not observed: graph cut off at hop 4. Priority drivers: 0 seeds within 2 hops, strong bridge position.",37
100000004049912100,4,False,1,10000,1,0,0,0,0,True,0,0,0.000322765792805,0,0,74.1817619707,0.00741817619707,peripheral,0.9,cut_off_hop4,Outgoing transfers not observed: graph cut off at hop 4.,0.208444702425,"Outgoing transfers not observed: graph cut off at hop 4. Priority drivers: high weighted network importance, high case-money inflow (74 KZT).",18
100000004058740100,1,False,1,30000,1,0,0,0,0,False,1,1,0.000290286525393,0,0,30000,1,peripheral,0.9,one_off_recipient,Single inflow of 30K KZT; 0 further outgoing transfers observed.,0.519353114879,"Single inflow of 30K KZT; 0 further outgoing transfers observed. Priority drivers: high case-money inflow (30K KZT), 1 seeds within 2 hops.",1
100000004064431100,3,False,1,26000,1,1,10000,1,0.384615384615,False,0,0,0.000289482179484,9.90734256935e-07,1,61.2834111014,0.00235705427313,peripheral,0.6,other,"Limited role evidence: 1 payers, 1 recipients, 26K KZT received in observed graph.",0.297709044506,"Limited role evidence: 1 payers, 1 recipients, 26K KZT received in observed graph. Priority drivers: strong bridge position, high case-money inflow (61 KZT).",23
100000004066370100,4,False,1,65000,2,0,0,0,0,True,0,0,0.000585573524602,0,0,6315.02889941,0.0971542907602,peripheral,0.9,cut_off_hop4,Outgoing transfers not observed: graph cut off at hop 4.,0.331404471348,"Outgoing transfers not observed: graph cut off at hop 4. Priority drivers: high case-money inflow (6K KZT), high weighted network importance.",35
100000004066647100,3,False,1,51000,1,0,0,0,0,False,0,0,0.00029269716396,0,0,378.32698605,0.00741817619707,peripheral,0.9,one_off_recipient,Single inflow of 51K KZT; 0 further outgoing transfers observed.,0.313118749165,"Single inflow of 51K KZT; 0 further outgoing transfers observed. Priority drivers: high case-money inflow (378 KZT), 0 seeds within 2 hops.",18
100000004070318100,1,False,4,207246.55,6,19,551860,37,2.6628187538,False,1,1,0.000312376350917,0.00207326512974,0.540597252926,65291.9606082,0.118312544138,coordinator,0.50078183975,,Bridge hypothesis: top 1% betweenness; links 4 payers and 19 recipients.,0.872180070115,"Bridge hypothesis: top 1% betweenness; links 4 payers and 19 recipients. Priority drivers: high case-money inflow (65K KZT), coordinator role signals.",0
100000004070530100,4,False,1,20000,1,0,0,0,0,True,0,0,0.000285656273388,0,0,2.17549967235,0.000108774983617,peripheral,0.9,cut_off_hop4,Outgoing transfers not observed: graph cut off at hop 4.,0.111170077993,"Outgoing transfers not observed: graph cut off at hop 4. Priority drivers: 0 seeds within 2 hops, strong bridge position.",37
100000004071070100,2,False,2,41000,5,1,6000,1,0.146341463415,False,0,1,0.00118241048039,0,1,10769.9793047,0.262682422067,terminal,0.5,,Possible holding point: receives 41K KZT from 2 payers; observed onward flow is 15%.,0.660479750865,"Possible holding point: receives 41K KZT from 2 payers; observed onward flow is 15%. Priority drivers: high case-money inflow (11K KZT), 1 seeds within 2 hops.",0
100000004071080100,1,False,9,238600,16,2,46500,5,0.194886839899,False,1,1,0.00136208723692,2.8136852897e-05,0.870967741935,71355.0869676,0.299057363653,consolidator,0.9,,"Signs of consolidation: receives from 9 payers (1 seeds within 2 hops), 239K KZT in, forwards 19%.",0.906827719963,"Signs of consolidation: receives from 9 payers (1 seeds within 2 hops), 239K KZT in, forwards 19%. Priority drivers: high case-money inflow (71K KZT), consolidator role signals.",0
100000004071444100,3,False,1,247350,1,1,100000,1,0.40428542551,False,0,0,0.000305805966728,1.92202445845e-05,0,1199.63774028,0.00484996054288,peripheral,0.6,other,"Limited role evidence: 1 payers, 1 recipients, 247K KZT received in observed graph.",0.440404291683,"Limited role evidence: 1 payers, 1 recipients, 247K KZT received in observed graph. Priority drivers: high case-money inflow (1K KZT), strong bridge position.",0
100000004076740100,1,False,3,93250,5,6,125000,10,1.34048257373,False,1,1,0.000736358888167,0.000435160400674,0.184,51662.1046895,0.413296837516,peripheral,0.6,other,"Limited role evidence: 3 payers, 6 recipients, 93K KZT received in observed graph.",0.741688203399,"Limited role evidence: 3 payers, 6 recipients, 93K KZT received in observed graph. Priority drivers: high case-money inflow (52K KZT), 1 seeds within 2 hops.",32
100000004077081100,3,False,1,140000,1,4,615000,6,4.39285714286,False,0,0,0.00028853698535,0.000115991541559,0.682926829268,167.350312598,0.000272114329427,peripheral,0.6,other,"Limited role evidence: 1 payers, 4 recipients, 140K KZT received in observed graph.",0.353128699826,"Limited role evidence: 1 payers, 4 recipients, 140K KZT received in observed graph. Priority drivers: strong bridge position, high case-money inflow (167 KZT).",2
100000004094958100,1,False,1,39000,1,1,40000,1,1.02564102564,False,1,1,0.000389242158168,1.98146851387e-07,1,39000,0.975,transit,0.935897435897,,Pass-through hypothesis: forwards 103% of 39K KZT received; 100% forwarded within 2 days.,0.762280544154,"Pass-through hypothesis: forwards 103% of 39K KZT received; 100% forwarded within 2 days. Priority drivers: high case-money inflow (39K KZT), 1 seeds within 2 hops.",46
100000004096559100,3,False,1,46200,1,0,0,0,0,False,0,0,0.000969417737642,0,0,21081.0533086,0.456299855164,peripheral,0.9,one_off_recipient,Single inflow of 46K KZT; 0 further outgoing transfers observed.,0.523533774664,"Single inflow of 46K KZT; 0 further outgoing transfers observed. Priority drivers: high case-money inflow (21K KZT), high weighted network importance.",6
100000004097972100,3,False,1,118878,1,2,10000,2,0.0841198539679,False,0,0,0.000314794970649,3.84404891691e-05,0.5,1442.03966169,0.0121304165757,peripheral,0.6,other,"Limited role evidence: 1 payers, 2 recipients, 119K KZT received in observed graph.",0.465661004925,"Limited role evidence: 1 payers, 2 recipients, 119K KZT received in observed graph. Priority drivers: high case-money inflow (1K KZT), strong bridge position.",0
100000004099450100,3,False,1,31000,1,0,0,0,0,False,0,0,0.000294561262717,0,0,455.794031396,0.0147030332708,peripheral,0.9,one_off_recipient,Single inflow of 31K KZT; 0 further outgoing transfers observed.,0.324589650391,"Single inflow of 31K KZT; 0 further outgoing transfers observed. Priority drivers: high case-money inflow (456 KZT), 0 seeds within 2 hops.",0
100000004105288100,1,False,2,215000,2,0,0,0,0,False,1,3,0.000460307019288,0,0,107131.618079,0.498286595718,terminal,0.5,,Money stops here in the observed graph: receives 215K KZT from 2 payers; no outgoing transfers were traced.,0.750542449245,"Money stops here in the observed graph: receives 215K KZT from 2 payers; no outgoing transfers were traced. Priority drivers: high case-money inflow (107K KZT), 3 seeds within 2 hops.",2
100000004107228100,4,False,1,5000,1,0,0,0,0,True,0,0,0.000287154642227,0,0,9.88653860093,0.00197730772019,peripheral,0.9,cut_off_hop4,Outgoing transfers not observed: graph cut off at hop 4.,0.126890740818,"Outgoing transfers not observed: graph cut off at hop 4. Priority drivers: 0 seeds within 2 hops, strong bridge position.",2
100000004114962100,3,False,2,165000,2,0,0,0,0,False,0,0,0.000706703133073,0,0,203.312199315,0.00123219514736,terminal,0.5,,Money stops here in the observed graph: receives 165K KZT from 2 payers; no outgoing transfers were traced.,0.449442809035,"Money stops here in the observed graph: receives 165K KZT from 2 payers; no outgoing transfers were traced. Priority drivers: high weighted network importance, high case-money inflow (203 KZT).",5
100000004130144100,1,False,1,200000,1,0,0,0,0,False,1,1,0.000295430922702,0,0,200000,1,peripheral,0.9,one_off_recipient,Single inflow of 200K KZT; 0 further outgoing transfers observed.,0.583272293397,"Single inflow of 200K KZT; 0 further outgoing transfers observed. Priority drivers: high case-money inflow (200K KZT), 1 seeds within 2 hops.",6
100000004134060100,2,False,1,88179,1,0,0,0,0,False,0,1,0.000326195563176,0,0,11220.6738476,0.127248821688,peripheral,0.9,one_off_recipient,Single inflow of 88K KZT; 0 further outgoing transfers observed.,0.538252461176,"Single inflow of 88K KZT; 0 further outgoing transfers observed. Priority drivers: high case-money inflow (11K KZT), 1 seeds within 2 hops.",17
100000004135268100,1,False,2,1239000,3,3,1000200,4,0.807263922518,False,1,1,0.00174089887287,1.18888110832e-06,0.849830033993,1210778.83826,0.977222629749,transit,0.518159806295,,Pass-through hypothesis: forwards 81% of 1.2M KZT received; 85% forwarded within 2 days.,0.859023084613,"Pass-through hypothesis: forwards 81% of 1.2M KZT received; 85% forwarded within 2 days. Priority drivers: high case-money inflow (1.2M KZT), 1 seeds within 2 hops.",51
100000004140487100,3,False,1,24510,1,10,262600,19,10.713994288,False,0,0,0.000287866988379,0.000325370438573,0.295887281036,60.2658478548,0.000229496754969,distributor,0.5,,Fan-out hypothesis: sends 263K KZT to 10 recipients after receiving from 1 payers.,0.445628388868,"Fan-out hypothesis: sends 263K KZT to 10 recipients after receiving from 1 payers. Priority drivers: strong bridge position, distributor role signals.",2
100000004140994100,3,False,1,18650,1,0,0,0,0,False,0,0,0.000286926807593,0,0,12.3930682674,0.0006645076819,peripheral,0.9,one_off_recipient,Single inflow of 19K KZT; 0 further outgoing transfers observed.,0.18528039213,"Single inflow of 19K KZT; 0 further outgoing transfers observed. Priority drivers: 0 seeds within 2 hops, strong bridge position.",1
100000004144536100,1,False,4,168000,6,0,0,0,0,False,1,1,0.000962003207595,0,0,113322.139716,0.67453654593,terminal,1,,Money stops here in the observed graph: receives 168K KZT from 4 payers; no outgoing transfers were traced.,0.732138332619,"Money stops here in the observed graph: receives 168K KZT from 4 payers; no outgoing transfers were traced. Priority drivers: high case-money inflow (113K KZT), 1 seeds within 2 hops.",23
100000004150593100,2,False,1,57000,2,11,871165,16,15.2835964912,False,0,1,0.000304955396363,0.000221640978995,0.815867258212,9088.20156423,0.010432239087,distributor,0.55,,Fan-out hypothesis: sends 871K KZT to 11 recipients after receiving from 1 payers.,0.729429541486,"Fan-out hypothesis: sends 871K KZT to 11 recipients after receiving from 1 payers. Priority drivers: high case-money inflow (9K KZT), 1 seeds within 2 hops.",4
100000004156082100,1,False,5,377366.11,7,26,2319556,29,6.14669928892,False,1,3,0.000861470044432,0.00204003513941,0.959043885985,64298.8164855,0.0277203122,coordinator,0.500557173155,,Bridge hypothesis: top 1% betweenness; links 5 payers and 26 recipients.,0.989054272565,"Bridge hypothesis: top 1% betweenness; links 5 payers and 26 recipients. Priority drivers: high case-money inflow (64K KZT), coordinator role signals.",15
100000004158362100,2,False,1,12000,1,0,0,0,0,False,0,1,0.000289810922213,0,0,1419.75052966,0.118312544138,peripheral,0.9,one_off_recipient,Single inflow of 12K KZT; 0 further outgoing transfers observed.,0.434185128368,"Single inflow of 12K KZT; 0 further outgoing transfers observed. Priority drivers: high case-money inflow (1K KZT), 1 seeds within 2 hops.",0
100000004159526100,1,False,4,275037,4,4,68000,6,0.247239462327,False,1,2,0.000846874572545,9.78845445852e-05,0.441176470588,108289.237584,0.393726071707,peripheral,0.6,other,"Limited role evidence: 4 payers, 4 recipients, 275K KZT received in observed graph.",0.798213487753,"Limited role evidence: 4 payers, 4 recipients, 275K KZT received in observed graph. Priority drivers: high case-money inflow (108K KZT), 2 seeds within 2 hops.",14
100000004160650100,2,False,2,75100,4,10,1489827,40,19.8379094541,False,0,1,0.000367056518158,5.34996498745e-06,0.816522321048,3511.60309672,0.00235705427323,distributor,0.5,,Fan-out hypothesis: sends 1.5M KZT to 10 recipients after receiving from 2 payers.,0.713121513238,"Fan-out hypothesis: sends 1.5M KZT to 10 recipients after receiving from 2 payers. Priority drivers: high case-money inflow (4K KZT), 1 seeds within 2 hops.",23
100000004167082100,4,False,1,13300,1,0,0,0,0,True,0,0,0.000382725211927,0,0,127.560408245,0.0095910081387,peripheral,0.9,cut_off_hop4,Outgoing transfers not observed: graph cut off at hop 4.,0.234178218187,"Outgoing transfers not observed: graph cut off at hop 4. Priority drivers: high weighted network importance, high case-money inflow (128 KZT).",12
100000004174835100,0,True,0,0,0,0,0,0,,False,0,0,0.00028403728618,0,,0,1,peripheral,0.9,isolated_seed,Known seed with 0 observed transfers in this graph.,0.0845709468331,"Known seed with 0 observed transfers in this graph. Priority drivers: 0 seeds within 2 hops, strong bridge position.",74
100000004177936100,4,False,1,10000,1,0,0,0,0,True,0,0,0.000335130803836,0,0,66.5150349918,0.00665150349918,peripheral,0.9,cut_off_hop4,Outgoing transfers not observed: graph cut off at hop 4.,0.210524667044,"Outgoing transfers not observed: graph cut off at hop 4. Priority drivers: high weighted network importance, high case-money inflow (67 KZT).",3
100000004180097100,1,False,3,104854,5,3,47800,7,0.455871974364,False,1,1,0.000849806887877,0.000313666465746,0.857740585774,95692.5890286,0.912626976831,peripheral,0.6,other,"Limited role evidence: 3 payers, 3 recipients, 105K KZT received in observed graph.",0.75758162076,"Limited role evidence: 3 payers, 3 recipients, 105K KZT received in observed graph. Priority drivers: high case-money inflow (96K KZT), 1 seeds within 2 hops.",0
100000004183610100,3,False,1,22000,1,1,915000,3,41.5909090909,False,0,0,0.000338828276584,1.96165382873e-05,0.016393442623,175.808214154,0.000192140124759,peripheral,0.6,other,"Limited role evidence: 1 payers, 1 recipients, 22K KZT received in observed graph.",0.406648055245,"Limited role evidence: 1 payers, 1 recipients, 22K KZT received in observed graph. Priority drivers: strong bridge position, high case-money inflow (176 KZT).",12
100000004184158100,3,False,1,203805,1,0,0,0,0,False,0,0,0.000301973675665,0,0,988.446208441,0.00484996054288,peripheral,0.9,one_off_recipient,Single inflow of 204K KZT; 0 further outgoing transfers observed.,0.361766426653,"Single inflow of 204K KZT; 0 further outgoing transfers observed. Priority drivers: high case-money inflow (988 KZT), high weighted network importance.",0
100000004185681100,3,False,1,10000,1,0,0,0,0,False,0,0,0.000532123890635,0,0,141.37174963,0.014137174963,peripheral,0.9,one_off_recipient,Single inflow of 10K KZT; 0 further outgoing transfers observed.,0.359140557698,"Single inflow of 10K KZT; 0 further outgoing transfers observed. Priority drivers: high weighted network importance, high case-money inflow (141 KZT).",2
100000004186824100,1,False,2,451700,7,1,7000,1,0.0154970112907,False,1,1,0.000379756162129,2.17961536526e-06,0,450279.404174,0.996855001493,terminal,0.752833333333,,Possible holding point: receives 452K KZT from 2 payers; observed onward flow is 2%.,0.76959151614,"Possible holding point: receives 452K KZT from 2 payers; observed onward flow is 2%. Priority drivers: high case-money inflow (450K KZT), 1 seeds within 2 hops.",4
100000004188160100,1,False,2,87862,5,5,133846,6,1.52336618789,False,1,2,0.000295218218555,0.00246010482665,0.386533777625,79500.3946849,0.59396914876,coordinator,0.501680506129,,Bridge hypothesis: top 1% betweenness; links 2 payers and 5 recipients.,0.893187021758,"Bridge hypothesis: top 1% betweenness; links 2 payers and 5 recipients. Priority drivers: high case-money inflow (80K KZT), coordinator role signals.",4
100000004192107100,2,False,1,25000,1,0,0,0,0,False,0,1,0.000297675907115,0,0,3394.67720144,0.135787088057,peripheral,0.9,one_off_recipient,Single inflow of 25K KZT; 0 further outgoing transfers observed.,0.476682744356,"Single inflow of 25K KZT; 0 further outgoing transfers observed. Priority drivers: high case-money inflow (3K KZT), 1 seeds within 2 hops.",2
100000004192865100,2,False,1,66666,1,0,0,0,0,False,0,1,0.000552405300271,0,0,20000,0.30000300003,peripheral,0.9,one_off_recipient,Single inflow of 67K KZT; 0 further outgoing transfers observed.,0.601826130621,"Single inflow of 67K KZT; 0 further outgoing transfers observed. Priority drivers: high case-money inflow (20K KZT), 1 seeds within 2 hops.",28
100000004193835100,0,True,1,47000,1,1,5000,1,0.106382978723,False,0,1,0.000467132705557,6.67754889174e-06,1,35339.6467019,1,peripheral,0.6,other,"Limited role evidence: 1 payers, 1 recipients, 47K KZT received in observed graph.",0.403551833271,"Limited role evidence: 1 payers, 1 recipients, 47K KZT received in observed graph. Priority drivers: high case-money inflow (35K KZT), 1 seeds within 2 hops.",4
100000004200745100,4,False,1,130000,4,0,0,0,0,True,0,0,0.00059716682535,0,0,5157.65323622,0.0396742556632,peripheral,0.9,cut_off_hop4,Outgoing transfers not observed: graph cut off at hop 4.,0.328357081324,"Outgoing transfers not observed: graph cut off at hop 4. Priority drivers: high case-money inflow (5K KZT), high weighted network importance.",10
100000004206046100,1,False,1,11075,1,0,0,0,0,False,1,1,0.000285220216053,0,0,11075,1,peripheral,0.9,one_off_recipient,Single inflow of 11K KZT; 0 further outgoing transfers observed.,0.455744894528,"Single inflow of 11K KZT; 0 further outgoing transfers observed. Priority drivers: high case-money inflow (11K KZT), 1 seeds within 2 hops.",4
100000004209339100,2,False,1,138500,6,2,238500,11,1.72202166065,False,0,1,0.000812684525992,2.1003566247e-05,0.283018867925,26589.645347,0.111486982587,peripheral,0.6,other,"Limited role evidence: 1 payers, 2 recipients, 138K KZT received in observed graph.",0.701747354552,"Limited role evidence: 1 payers, 2 recipients, 138K KZT received in observed graph. Priority drivers: high case-money inflow (27K KZT), 1 seeds within 2 hops.",11
100000004213658100,1,False,1,25347,1,0,0,0,0,False,1,1,0.000289317268391,0,0,25347,1,peripheral,0.9,one_off_recipient,Single inflow of 25K KZT; 0 further outgoing transfers observed.,0.509782513555,"Single inflow of 25K KZT; 0 further outgoing transfers observed. Priority drivers: high case-money inflow (25K KZT), 1 seeds within 2 hops.",1
100000004217419100,3,False,2,118200,3,1,7700,1,0.0651438240271,False,0,0,0.000580543856131,1.94183914359e-05,1,995.502193372,0.00842218437709,terminal,0.5,,Possible holding point: receives 118K KZT from 2 payers; observed onward flow is 7%.,0.566052121195,"Possible holding point: receives 118K KZT from 2 payers; observed onward flow is 7%. Priority drivers: high case-money inflow (996 KZT), high weighted network importance.",3
100000004218576100,1,False,1,26144,1,0,0,0,0,False,1,1,0.000289483289846,0,0,26144,1,peripheral,0.9,one_off_recipient,Single inflow of 26K KZT; 0 further outgoing transfers observed.,0.512442933418,"Single inflow of 26K KZT; 0 further outgoing transfers observed. Priority drivers: high case-money inflow (26K KZT), 1 seeds within 2 hops.",1
100000004221668100,2,False,4,1128300,8,3,731440,10,0.648267304795,False,0,1,0.00322089593208,4.5573775819e-06,0.984140872799,72849.7744516,0.0645659615808,peripheral,0.6,other,"Limited role evidence: 4 payers, 3 recipients, 1.1M KZT received in observed graph.",0.732739518406,"Limited role evidence: 4 payers, 3 recipients, 1.1M KZT received in observed graph. Priority drivers: high case-money inflow (73K KZT), high weighted network importance.",26
100000004222274100,4,False,1,15500,1,0,0,0,0,True,0,0,0.000542148882848,0,0,12.1340641731,0.000782842849879,peripheral,0.9,cut_off_hop4,Outgoing transfers not observed: graph cut off at hop 4.,0.20965398418,"Outgoing transfers not observed: graph cut off at hop 4. Priority drivers: high weighted network importance, 0 seeds within 2 hops.",0
100000004225615100,2,False,1,90000,2,0,0,0,0,False,0,1,0.000292449674018,0,0,10266.1549829,0.114068388699,peripheral,0.9,one_off_recipient,Single inflow of 90K KZT; 0 further outgoing transfers observed.,0.491401430868,"Single inflow of 90K KZT; 0 further outgoing transfers observed. Priority drivers: high case-money inflow (10K KZT), 1 seeds within 2 hops.",8
100000004226848100,1,False,1,301866,1,0,0,0,0,False,1,2,0.000343992689897,0,0,301866,1,terminal,0.50311,,Money stops here in the observed graph: receives 302K KZT from 1 payers; no outgoing transfers were traced.,0.736560848755,"Money stops here in the observed graph: receives 302K KZT from 1 payers; no outgoing transfers were traced. Priority drivers: high case-money inflow (302K KZT), 2 seeds within 2 hops.",2
100000004232712100,4,False,1,12500,1,0,0,0,0,True,0,0,0.000526151969642,0,0,14.9419921692,0.00119535937354,peripheral,0.9,cut_off_hop4,Outgoing transfers not observed: graph cut off at hop 4.,0.206413109075,"Outgoing transfers not observed: graph cut off at hop 4. Priority drivers: high weighted network importance, 0 seeds within 2 hops.",5
100000004235471100,4,False,1,180000,1,0,0,0,0,True,0,0,0.000346662053519,0,0,99.1849440194,0.000551027466774,peripheral,0.9,cut_off_hop4,Outgoing transfers not observed: graph cut off at hop 4.,0.220247292361,"Outgoing transfers not observed: graph cut off at hop 4. Priority drivers: high weighted network importance, high case-money inflow (99 KZT).",5
100000004241142100,4,False,1,27102,1,0,0,0,0,True,0,0,0.000527002549147,0,0,22.9402868144,0.000846442580416,peripheral,0.9,cut_off_hop4,Outgoing transfers not observed: graph cut off at hop 4.,0.214104141041,"Outgoing transfers not observed: graph cut off at hop 4. Priority drivers: high weighted network importance, 0 seeds within 2 hops.",0
100000004254434100,1,False,1,44445,2,0,0,0,0,False,1,1,0.000293295534075,0,0,44445,1,peripheral,0.9,one_off_recipient,Single inflow of 44K KZT; 0 further outgoing transfers observed.,0.544817133565,"Single inflow of 44K KZT; 0 further outgoing transfers observed. Priority drivers: high case-money inflow (44K KZT), 1 seeds within 2 hops.",1
100000004257714100,3,False,1,52220,1,0,0,0,0,False,0,0,0.000292127946138,0,0,34.7005911488,0.0006645076819,peripheral,0.9,one_off_recipient,Single inflow of 52K KZT; 0 further outgoing transfers observed.,0.234204476876,"Single inflow of 52K KZT; 0 further outgoing transfers observed. Priority drivers: 0 seeds within 2 hops, strong bridge position.",1
100000004260869100,4,False,1,10000,1,0,0,0,0,True,0,0,0.000836492706897,0,0,104.32239087,0.010432239087,peripheral,0.9,cut_off_hop4,Outgoing transfers not observed: graph cut off at hop 4.,0.255509948358,"Outgoing transfers not observed: graph cut off at hop 4. Priority drivers: high weighted network importance, high case-money inflow (104 KZT).",4
100000004261340100,4,False,1,48500,4,0,0,0,0,True,0,0,0.000345436426364,0,0,205.888368093,0.0042451209916,peripheral,0.9,cut_off_hop4,Outgoing transfers not observed: graph cut off at hop 4.,0.239644171723,"Outgoing transfers not observed: graph cut off at hop 4. Priority drivers: high case-money inflow (206 KZT), high weighted network importance.",0
100000004263867100,4,False,1,9000,1,0,0,0,0,True,0,0,0.00028882187338,0,0,0.435464473915,4.83849415461e-05,peripheral,0.9,cut_off_hop4,Outgoing transfers not observed: graph cut off at hop 4.,0.121207116566,"Outgoing transfers not observed: graph cut off at hop 4. Priority drivers: 0 seeds within 2 hops, strong bridge position.",7
100000004265639100,4,False,1,10000,1,0,0,0,0,True,0,0,0.000548975092877,0,0,66.5150349918,0.00665150349918,peripheral,0.9,cut_off_hop4,Outgoing transfers not observed: graph cut off at hop 4.,0.238338147426,"Outgoing transfers not observed: graph cut off at hop 4. Priority drivers: high weighted network importance, high case-money inflow (67 KZT).",3
100000004268036100,4,False,1,5500,1,0,0,0,0,True,0,0,0.00028696120058,0,0,0.266117178504,4.83849415461e-05,peripheral,0.9,cut_off_hop4,Outgoing transfers not observed: graph cut off at hop 4.,0.111895647046,"Outgoing transfers not observed: graph cut off at hop 4. Priority drivers: 0 seeds within 2 hops, strong bridge position.",7
100000004269433100,0,True,0,0,0,1,1372000,67,,False,0,0,0.00028403728618,0,,0,1,peripheral,0.6,other,"Limited role evidence: 0 payers, 1 recipients, 0 KZT received in observed graph.",0.0845709468331,"Limited role evidence: 0 payers, 1 recipients, 0 KZT received in observed graph. Priority drivers: 0 seeds within 2 hops, strong bridge position.",59
100000004272302100,4,False,1,10000,1,0,0,0,0,True,0,0,0.000286187881625,0,0,34.6415248311,0.00346415248311,peripheral,0.9,cut_off_hop4,Outgoing transfers not observed: graph cut off at hop 4.,0.141547235697,"Outgoing transfers not observed: graph cut off at hop 4. Priority drivers: 0 seeds within 2 hops, strong bridge position.",44
100000004278574100,3,False,1,25000,1,1,12500,1,0.5,False,0,0,0.000284840803889,1.92202445845e-05,0,29.8839843925,0.0011953593757,peripheral,0.6,other,"Limited role evidence: 1 payers, 1 recipients, 25K KZT received in observed graph.",0.260912328224,"Limited role evidence: 1 payers, 1 recipients, 25K KZT received in observed graph. Priority drivers: strong bridge position, 0 seeds within 2 hops.",5
100000004285800100,2,False,1,5000,1,1,15000,1,3,False,0,1,0.000342292992217,0,0,1787.16214676,0.119144143117,peripheral,0.6,other,"Limited role evidence: 1 payers, 1 recipients, 5K KZT received in observed graph.",0.500730175841,"Limited role evidence: 1 payers, 1 recipients, 5K KZT received in observed graph. Priority drivers: high case-money inflow (2K KZT), 1 seeds within 2 hops.",0
100000004286573100,1,False,1,16590,1,0,0,0,0,False,1,1,0.000286772520825,0,0,16590,1,peripheral,0.9,one_off_recipient,Single inflow of 17K KZT; 0 further outgoing transfers observed.,0.477166457058,"Single inflow of 17K KZT; 0 further outgoing transfers observed. Priority drivers: high case-money inflow (17K KZT), 1 seeds within 2 hops.",10
100000004291560100,3,False,1,47190,1,0,0,0,0,False,0,0,0.000286676473203,0,0,39.9436253705,0.00084644258043,peripheral,0.9,one_off_recipient,Single inflow of 47K KZT; 0 further outgoing transfers observed.,0.20849860184,"Single inflow of 47K KZT; 0 further outgoing transfers observed. Priority drivers: 0 seeds within 2 hops, high case-money inflow (40 KZT).",0
100000004291663100,4,False,1,25000,1,0,0,0,0,True,0,0,0.000309471152548,0,0,5.06983837228,0.000202793534891,peripheral,0.9,cut_off_hop4,Outgoing transfers not observed: graph cut off at hop 4.,0.160702258708,"Outgoing transfers not observed: graph cut off at hop 4. Priority drivers: high weighted network importance, 0 seeds within 2 hops.",0
100000004292885100,3,False,1,112700,1,0,0,0,0,False,0,0,0.00030149836196,0,0,74.8900157502,0.0006645076819,peripheral,0.9,one_off_recipient,Single inflow of 113K KZT; 0 further outgoing transfers observed.,0.276425685605,"Single inflow of 113K KZT; 0 further outgoing transfers observed. Priority drivers: high case-money inflow (75 KZT), high weighted network importance.",1
100000004299488100,1,False,6,1749000,22,2,344999,14,0.197255002859,False,1,1,0.00144806357301,2.08054193956e-05,0.942028817475,416800.08864,0.238307655026,consolidator,0.6,,"Signs of consolidation: receives from 6 payers (1 seeds within 2 hops), 1.7M KZT in, forwards 20%.",0.930322336931,"Signs of consolidation: receives from 6 payers (1 seeds within 2 hops), 1.7M KZT in, forwards 20%. Priority drivers: high case-money inflow (417K KZT), consolidator role signals.",0
100000004315838100,1,False,2,50000,2,1,18000,1,0.36,False,1,2,0.000289806202751,2.37776221665e-05,0,25029.8839844,0.500597679688,peripheral,0.6,other,"Limited role evidence: 2 payers, 1 recipients, 50K KZT received in observed graph.",0.6319890727,"Limited role evidence: 2 payers, 1 recipients, 50K KZT received in observed graph. Priority drivers: high case-money inflow (25K KZT), 2 seeds within 2 hops.",2
100000004318918100,1,False,1,75600,1,0,0,0,0,False,1,2,0.000295439507254,0,0,75600,1,peripheral,0.9,one_off_recipient,Single inflow of 76K KZT; 0 further outgoing transfers observed.,0.609634635672,"Single inflow of 76K KZT; 0 further outgoing transfers observed. Priority drivers: high case-money inflow (76K KZT), 2 seeds within 2 hops.",11
100000004321983100,3,False,1,10840,1,2,36200,3,3.33948339483,False,0,0,0.000324611134201,1.38702795971e-06,0,696.689159908,0.0192455569035,peripheral,0.6,other,"Limited role evidence: 1 payers, 2 recipients, 11K KZT received in observed graph.",0.436672793694,"Limited role evidence: 1 payers, 2 recipients, 11K KZT received in observed graph. Priority drivers: high case-money inflow (697 KZT), strong bridge position.",26
100000004325327100,1,False,2,70817,3,1,70000,1,0.988463222108,False,1,1,0.000294181620715,3.84404891691e-05,1,47491.760202,0.670626547327,transit,0.971158055269,,Pass-through hypothesis: forwards 99% of 71K KZT received; 100% forwarded within 2 days.,0.73384514744,"Pass-through hypothesis: forwards 99% of 71K KZT received; 100% forwarded within 2 days. Priority drivers: high case-money inflow (47K KZT), 1 seeds within 2 hops.",0
100000004326224100,4,False,1,60000,1,0,0,0,0,True,0,0,0.000531697029287,0,0,71.7215624123,0.00119535937354,peripheral,0.9,cut_off_hop4,Outgoing transfers not observed: graph cut off at hop 4.,0.235919583915,"Outgoing transfers not observed: graph cut off at hop 4. Priority drivers: high weighted network importance, high case-money inflow (72 KZT).",5
100000004330371100,1,False,2,264171,12,2,90681,6,0.343266293424,False,1,1,0.00124972202013,0.000334670031993,0.649529669942,132682.946207,0.502261588923,peripheral,0.6,other,"Limited role evidence: 2 payers, 2 recipients, 264K KZT received in observed graph.",0.76836150384,"Limited role evidence: 2 payers, 2 recipients, 264K KZT received in observed graph. Priority drivers: high case-money inflow (133K KZT), 1 seeds within 2 hops.",4
100000004331458100,2,False,2,250000,2,0,0,0,0,False,0,1,0.00131364854953,0,0,44661.1176504,0.178644470601,terminal,0.5,,Money stops here in the observed graph: receives 250K KZT from 2 payers; no outgoing transfers were traced.,0.710993177348,"Money stops here in the observed graph: receives 250K KZT from 2 payers; no outgoing transfers were traced. Priority drivers: high case-money inflow (45K KZT), 1 seeds within 2 hops.",46
100000004336228100,3,False,1,51407,2,0,0,0,0,False,0,0,0.000294414089655,0,0,341.933840542,0.00665150350229,peripheral,0.9,one_off_recipient,Single inflow of 51K KZT; 0 further outgoing transfers observed.,0.314569887272,"Single inflow of 51K KZT; 0 further outgoing transfers observed. Priority drivers: high case-money inflow (342 KZT), 0 seeds within 2 hops.",3
100000004336312100,2,False,3,90415,7,2,72650,3,0.803517115523,False,0,1,0.000691387601722,3.37840381615e-05,0.518238128011,9268.69611885,0.102512814454,transit,0.508792788807,,Pass-through hypothesis: forwards 80% of 90K KZT received; 52% forwarded within 2 days.,0.768154198396,"Pass-through hypothesis: forwards 80% of 90K KZT received; 52% forwarded within 2 days. Priority drivers: high case-money inflow (9K KZT), 1 seeds within 2 hops.",32
100000004340038100,3,False,1,9978,1,1,49000,1,4.91080376829,False,0,0,0.000287703399256,1.92202445845e-05,0,107.820962605,0.00220042780826,peripheral,0.6,other,"Limited role evidence: 1 payers, 1 recipients, 10K KZT received in observed graph.",0.311874916502,"Limited role evidence: 1 payers, 1 recipients, 10K KZT received in observed graph. Priority drivers: strong bridge position, high case-money inflow (108 KZT).",12
100000004350094100,4,False,1,20000,1,0,0,0,0,True,0,0,0.000885857118118,0,0,84.6270164014,0.00423135082007,peripheral,0.9,cut_off_hop4,Outgoing transfers not observed: graph cut off at hop 4.,0.252607672144,"Outgoing transfers not observed: graph cut off at hop 4. Priority drivers: high weighted network importance, high case-money inflow (85 KZT).",18
100000004351795100,1,False,3,118333,3,14,1715161,37,14.494359139,False,1,1,0.000311769047597,0.00242852160415,0.379067038022,66872.0054107,0.0389887628104,coordinator,0.501455839534,,Bridge hypothesis: top 1% betweenness; links 3 payers and 14 recipients.,0.872041866486,"Bridge hypothesis: top 1% betweenness; links 3 payers and 14 recipients. Priority drivers: high case-money inflow (67K KZT), coordinator role signals.",0
100000004356593100,2,False,1,50000,1,1,10000,1,0.2,False,0,1,0.000291866593286,1.92202445845e-05,0,706.858748198,0.014137174964,peripheral,0.6,other,"Limited role evidence: 1 payers, 1 recipients, 50K KZT received in observed graph.",0.493889096194,"Limited role evidence: 1 payers, 1 recipients, 50K KZT received in observed graph. Priority drivers: 1 seeds within 2 hops, high case-money inflow (707 KZT).",2
100000004358004100,0,True,0,0,0,11,980850,17,,False,0,0,0.00028403728618,0,,0,1,distributor,0.55,,Fan-out hypothesis: sends 981K KZT to 11 recipients after receiving from 0 payers.,0.159101400003,"Fan-out hypothesis: sends 981K KZT to 11 recipients after receiving from 0 payers. Priority drivers: distributor role signals, 0 seeds within 2 hops.",2
100000004360785100,1,False,1,94705,1,0,0,0,0,False,1,1,0.000294152805243,0,0,94705,1,peripheral,0.9,one_off_recipient,Single inflow of 95K KZT; 0 further outgoing transfers observed.,0.567620732387,"Single inflow of 95K KZT; 0 further outgoing transfers observed. Priority drivers: high case-money inflow (95K KZT), 1 seeds within 2 hops.",4
100000004368189100,3,False,1,384600,1,2,28200,2,0.0733229329173,False,0,0,0.000302225344173,2.77405591942e-06,0.769503546099,123.358270078,0.000320744331976,terminal,0.641,,Possible holding point: receives 385K KZT from 1 payers; observed onward flow is 7%.,0.418796154254,"Possible holding point: receives 385K KZT from 1 payers; observed onward flow is 7%. Priority drivers: strong bridge position, high case-money inflow (123 KZT).",13
100000004377043100,4,False,1,5700,1,0,0,0,0,True,0,0,0.000361397788453,0,0,62.9301956387,0.0110403851998,peripheral,0.9,cut_off_hop4,Outgoing transfers not observed: graph cut off at hop 4.,0.215555279148,"Outgoing transfers not observed: graph cut off at hop 4. Priority drivers: high weighted network importance, high case-money inflow (63 KZT).",27
100000004379306100,4,False,1,15000,1,0,0,0,0,True,0,0,0.000528900528974,0,0,99.7725524878,0.00665150349918,peripheral,0.9,cut_off_hop4,Outgoing transfers not observed: graph cut off at hop 4.,0.240514854587,"Outgoing transfers not observed: graph cut off at hop 4. Priority drivers: high weighted network importance, high case-money inflow (100 KZT).",3
100000004386258100,2,False,3,61700,3,3,40000,3,0.64829821718,False,0,2,0.000530296100934,0.000120473285643,0.75,34270.6220684,0.555439579715,peripheral,0.6,other,"Limited role evidence: 3 payers, 3 recipients, 62K KZT received in observed graph.",0.746594432236,"Limited role evidence: 3 payers, 3 recipients, 62K KZT received in observed graph. Priority drivers: high case-money inflow (34K KZT), 2 seeds within 2 hops.",10
100000004386286100,4,False,1,12500,1,0,0,0,0,True,0,0,0.000593323829171,0,0,6942.99474106,0.555439579285,peripheral,0.9,cut_off_hop4,Outgoing transfers not observed: graph cut off at hop 4.,0.333677921049,"Outgoing transfers not observed: graph cut off at hop 4. Priority drivers: high case-money inflow (7K KZT), high weighted network importance.",10
100000004386331100,3,False,1,20000,1,2,17500,2,0.875,False,0,0,0.000509413129246,2.02109788415e-05,0,11108.7915874,0.555439579372,transit,0.6875,,Pass-through hypothesis: forwards 88% of 20K KZT received; 0% forwarded within 2 days.,0.653721593396,"Pass-through hypothesis: forwards 88% of 20K KZT received; 0% forwarded within 2 days. Priority drivers: high case-money inflow (11K KZT), strong bridge position.",10
100000004388209100,1,False,1,11800,1,0,0,0,0,False,1,1,0.00028649532027,0,0,11800,1,peripheral,0.9,one_off_recipient,Single inflow of 12K KZT; 0 further outgoing transfers observed.,0.463622501394,"Single inflow of 12K KZT; 0 further outgoing transfers observed. Priority drivers: high case-money inflow (12K KZT), 1 seeds within 2 hops.",1
100000004388353100,1,False,2,62960,2,0,0,0,0,False,1,2,0.000338845169463,0,0,35299.6516641,0.560667910802,terminal,0.5,,Money stops here in the observed graph: receives 63K KZT from 2 payers; no outgoing transfers were traced.,0.68915700393,"Money stops here in the observed graph: receives 63K KZT from 2 payers; no outgoing transfers were traced. Priority drivers: high case-money inflow (35K KZT), 2 seeds within 2 hops.",11
100000004388983100,0,True,0,0,0,2,450816,23,,False,0,0,0.00028403728618,0,,0,1,peripheral,0.6,other,"Limited role evidence: 0 payers, 2 recipients, 0 KZT received in observed graph.",0.0845709468331,"Limited role evidence: 0 payers, 2 recipients, 0 KZT received in observed graph. Priority drivers: 0 seeds within 2 hops, strong bridge position.",63
100000004390333100,1,False,2,64558,2,9,506500,14,7.84565816785,False,1,1,0.000293607395003,0.000158415019819,0.217176702863,45766.9190456,0.0903591688956,peripheral,0.6,other,"Limited role evidence: 2 payers, 9 recipients, 65K KZT received in observed graph.",0.637413565147,"Limited role evidence: 2 payers, 9 recipients, 65K KZT received in observed graph. Priority drivers: high case-money inflow (46K KZT), 1 seeds within 2 hops.",0
100000004394765100,1,False,3,603844,10,2,82500,2,0.136624691145,False,1,2,0.000378106935858,6.51638945262e-05,0.430303030303,454034.757937,0.751907376636,terminal,1,,Possible holding point: receives 604K KZT from 3 payers; observed onward flow is 14%.,0.834478120062,"Possible holding point: receives 604K KZT from 3 payers; observed onward flow is 14%. Priority drivers: high case-money inflow (454K KZT), 2 seeds within 2 hops.",4
100000004398811100,2,False,1,426000,1,3,1040672,4,2.44289201878,False,0,1,0.000347678059836,1.4861013854e-06,0.394937117555,9225.30464363,0.00886475723728,peripheral,0.6,other,"Limited role evidence: 1 payers, 3 recipients, 426K KZT received in observed graph.",0.60376098143,"Limited role evidence: 1 payers, 3 recipients, 426K KZT received in observed graph. Priority drivers: high case-money inflow (9K KZT), 1 seeds within 2 hops.",2
100000004399686100,3,False,1,806000,2,0,0,0,0,False,0,0,0.000566444517113,0,0,24486.7201428,0.0303805460829,terminal,1,,Money stops here in the observed graph: receives 806K KZT from 1 payers; no outgoing transfers were traced.,0.578455896919,"Money stops here in the observed graph: receives 806K KZT from 1 payers; no outgoing transfers were traced. Priority drivers: high case-money inflow (24K KZT), high weighted network importance.",22
100000004400305100,2,False,7,222800,9,82,5830181,101,26.1677782765,False,0,2,0.000383604154199,0.00260914992272,0.785722432974,4934.91345298,0.000846442580938,coordinator,0.502579172508,,Bridge hypothesis: top 1% betweenness; links 7 payers and 82 recipients.,0.859465336226,"Bridge hypothesis: top 1% betweenness; links 7 payers and 82 recipients. Priority drivers: coordinator role signals, 2 seeds within 2 hops.",0
100000004400361100,2,False,1,10000,1,0,0,0,0,False,0,2,0.000285682308316,0,0,2150.50440347,0.215050440347,peripheral,0.9,one_off_recipient,Single inflow of 10K KZT; 0 further outgoing transfers observed.,0.46072022518,"Single inflow of 10K KZT; 0 further outgoing transfers observed. Priority drivers: 2 seeds within 2 hops, high case-money inflow (2K KZT).",4
100000004400480100,4,False,1,21700,1,0,0,0,0,True,0,0,0.000481716239263,0,0,6.96015200388,0.000320744331976,peripheral,0.9,cut_off_hop4,Outgoing transfers not observed: graph cut off at hop 4.,0.193933321356,"Outgoing transfers not observed: graph cut off at hop 4. Priority drivers: high weighted network importance, 0 seeds within 2 hops.",13
100000004403548100,4,False,1,5000,1,0,0,0,0,True,0,0,0.000365792826655,0,0,33.2575174959,0.00665150349918,peripheral,0.9,cut_off_hop4,Outgoing transfers not observed: graph cut off at hop 4.,0.204961970968,"Outgoing transfers not observed: graph cut off at hop 4. Priority drivers: high weighted network importance, 0 seeds within 2 hops.",3
100000004403641100,4,False,1,171500,1,0,0,0,0,True,0,0,0.000298919941501,0,0,0.691325480262,4.03105236304e-06,peripheral,0.9,cut_off_hop4,Outgoing transfers not observed: graph cut off at hop 4.,0.144691368262,"Outgoing transfers not observed: graph cut off at hop 4. Priority drivers: high weighted network importance, 0 seeds within 2 hops.",13
100000004403675100,1,False,4,182980,8,5,264699,6,1.44660072139,False,2,2,0.000734868283297,0.00278767351373,0.540236268365,93552.6795015,0.353430422863,coordinator,0.502803839103,,Bridge hypothesis: top 1% betweenness; links 4 payers and 5 recipients.,0.987510998705,"Bridge hypothesis: top 1% betweenness; links 4 payers and 5 recipients. Priority drivers: high case-money inflow (94K KZT), coordinator role signals.",19
100000004407753100,3,False,1,250000,4,1,100000,1,0.4,False,0,0,0.000871342903933,0,1,2760.11281897,0.0110404512759,peripheral,0.6,other,"Limited role evidence: 1 payers, 1 recipients, 250K KZT received in observed graph.",0.466041064905,"Limited role evidence: 1 payers, 1 recipients, 250K KZT received in observed graph. Priority drivers: high case-money inflow (3K KZT), high weighted network importance.",27
100000004408683100,1,False,2,112919.68,3,0,0,0,0,False,1,1,0.000383070566398,0,0,86166.5352174,0.763078103103,terminal,0.5,,Money stops here in the observed graph: receives 113K KZT from 2 payers; no outgoing transfers were traced.,0.684872691424,"Money stops here in the observed graph: receives 113K KZT from 2 payers; no outgoing transfers were traced. Priority drivers: high case-money inflow (86K KZT), 1 seeds within 2 hops.",4
100000004410489100,2,False,1,54000,1,0,0,0,0,False,0,1,0.000312496246044,0,0,2104.21267672,0.0389669014207,peripheral,0.9,one_off_recipient,Single inflow of 54K KZT; 0 further outgoing transfers observed.,0.487669932879,"Single inflow of 54K KZT; 0 further outgoing transfers observed. Priority drivers: high case-money inflow (2K KZT), 1 seeds within 2 hops.",2
100000004417753100,3,False,2,192099,2,0,0,0,0,False,0,0,0.000390873339782,0,0,1198.63661964,0.00623968172474,terminal,0.5,,Money stops here in the observed graph: receives 192K KZT from 2 payers; no outgoing transfers were traced.,0.471071677009,"Money stops here in the observed graph: receives 192K KZT from 2 payers; no outgoing transfers were traced. Priority drivers: high case-money inflow (1K KZT), high weighted network importance.",2
100000004418967100,4,False,1,100000,1,0,0,0,0,True,0,0,0.000450924117218,0,0,200.04263264,0.0020004263264,peripheral,0.9,cut_off_hop4,Outgoing transfers not observed: graph cut off at hop 4.,0.252704414685,"Outgoing transfers not observed: graph cut off at hop 4. Priority drivers: high weighted network importance, high case-money inflow (200 KZT).",9
100000004420041100,3,False,1,69638,1,7,651830,11,9.36026307476,False,0,0,0.000298094123583,0.000154248626182,0,463.197400892,0.000710610743434,peripheral,0.6,other,"Limited role evidence: 1 payers, 7 recipients, 70K KZT received in observed graph.",0.423681652547,"Limited role evidence: 1 payers, 7 recipients, 70K KZT received in observed graph. Priority drivers: strong bridge position, high case-money inflow (463 KZT).",10
100000004424023100,2,False,1,50000,1,1,100000,1,2,False,0,1,0.000965042060981,2.04091256929e-05,0,14466.8590494,0.144668590494,peripheral,0.6,other,"Limited role evidence: 1 payers, 1 recipients, 50K KZT received in observed graph.",0.679945732042,"Limited role evidence: 1 payers, 1 recipients, 50K KZT received in observed graph. Priority drivers: high case-money inflow (14K KZT), 1 seeds within 2 hops.",6
100000004433250100,4,False,1,8000,1,0,0,0,0,True,0,0,0.000304900953482,0,0,1.69776358259,0.000212220447823,peripheral,0.9,cut_off_hop4,Outgoing transfers not observed: graph cut off at hop 4.,0.153688424525,"Outgoing transfers not observed: graph cut off at hop 4. Priority drivers: high weighted network importance, 0 seeds within 2 hops.",0
100000004435304100,2,False,1,26200,1,0,0,0,0,False,0,1,0.000292868602848,0,0,450.247271528,0.0171850103637,peripheral,0.9,one_off_recipient,Single inflow of 26K KZT; 0 further outgoing transfers observed.,0.414767518462,"Single inflow of 26K KZT; 0 further outgoing transfers observed. Priority drivers: 1 seeds within 2 hops, high case-money inflow (450 KZT).",1
100000004441291100,2,False,1,20000,1,0,0,0,0,False,0,1,0.000545533702987,0,0,13010.2116946,0.65051058473,peripheral,0.9,one_off_recipient,Single inflow of 20K KZT; 0 further outgoing transfers observed.,0.58579450963,"Single inflow of 20K KZT; 0 further outgoing transfers observed. Priority drivers: high case-money inflow (13K KZT), 1 seeds within 2 hops.",2
100000004445291100,3,False,1,19500,2,0,0,0,0,False,0,0,0.00031744726371,0,0,373.081764055,0.0191323981567,peripheral,0.9,one_off_recipient,Single inflow of 20K KZT; 0 further outgoing transfers observed.,0.351470256276,"Single inflow of 20K KZT; 0 further outgoing transfers observed. Priority drivers: high case-money inflow (373 KZT), high weighted network importance.",24
100000004449824100,4,False,1,9000,1,0,0,0,0,True,0,0,0.00028882187338,0,0,0.435464473915,4.83849415461e-05,peripheral,0.9,cut_off_hop4,Outgoing transfers not observed: graph cut off at hop 4.,0.121207116566,"Outgoing transfers not observed: graph cut off at hop 4. Priority drivers: 0 seeds within 2 hops, strong bridge position.",7
100000004450649100,3,False,2,192528,2,2,46527,2,0.241663550237,False,0,0,0.000297322788868,0.000138749030236,0.112343370516,550.976139561,0.00286179745056,peripheral,0.6,other,"Limited role evidence: 2 payers, 2 recipients, 193K KZT received in observed graph.",0.42672213239,"Limited role evidence: 2 payers, 2 recipients, 193K KZT received in observed graph. Priority drivers: strong bridge position, high case-money inflow (551 KZT).",5
100000004451012100,3,False,1,91245,1,3,65740,3,0.720477834402,False,0,0,0.000299530826337,5.76607337536e-05,0,676.871487101,0.00741817619707,peripheral,0.6,other,"Limited role evidence: 1 payers, 3 recipients, 91K KZT received in observed graph.",0.431870217579,"Limited role evidence: 1 payers, 3 recipients, 91K KZT received in observed graph. Priority drivers: high case-money inflow (677 KZT), strong bridge position.",18
100000004456564100,2,False,1,10000,2,0,0,0,0,False,0,1,0.000389896607848,0,0,3937.26071658,0.393726071658,peripheral,0.9,one_off_recipient,Single inflow of 10K KZT; 0 further outgoing transfers observed.,0.530271201588,"Single inflow of 10K KZT; 0 further outgoing transfers observed. Priority drivers: high case-money inflow (4K KZT), 1 seeds within 2 hops.",14
100000004463277100,2,False,1,35000,1,0,0,0,0,False,0,1,0.00068708690368,0,0,35000,1,peripheral,0.9,one_off_recipient,Single inflow of 35K KZT; 0 further outgoing transfers observed.,0.630641587315,"Single inflow of 35K KZT; 0 further outgoing transfers observed. Priority drivers: high case-money inflow (35K KZT), 1 seeds within 2 hops.",28
100000004467157100,2,False,1,20000,3,1,7000,1,0.35,False,0,1,0.000384182095051,0,0,8265.93595667,0.413296797834,peripheral,0.6,other,"Limited role evidence: 1 payers, 1 recipients, 20K KZT received in observed graph.",0.547097493447,"Limited role evidence: 1 payers, 1 recipients, 20K KZT received in observed graph. Priority drivers: high case-money inflow (8K KZT), 1 seeds within 2 hops.",32
100000004472936100,4,False,1,5000,1,0,0,0,0,True,0,0,0.000528748199797,0,0,54.029345848,0.0108058691696,peripheral,0.9,cut_off_hop4,Outgoing transfers not observed: graph cut off at hop 4.,0.229437833704,"Outgoing transfers not observed: graph cut off at hop 4. Priority drivers: high weighted network importance, high case-money inflow (54 KZT).",12
100000004475818100,3,False,1,13000,1,3,53989,3,4.153,False,0,0,0.000308106881277,6.94018389399e-05,1,78.6500278474,0.0014567787484,peripheral,0.6,other,"Limited role evidence: 1 payers, 3 recipients, 13K KZT received in observed graph.",0.371026069811,"Limited role evidence: 1 payers, 3 recipients, 13K KZT received in observed graph. Priority drivers: strong bridge position, high case-money inflow (79 KZT).",5
100000004479404100,2,False,2,1492000,8,1,300000,2,0.201072386059,False,0,1,0.000859738083455,9.61012229227e-05,0,1637.26323668,0.00109736141868,peripheral,0.6,other,"Limited role evidence: 2 payers, 1 recipients, 1.5M KZT received in observed graph.",0.637068056074,"Limited role evidence: 2 payers, 1 recipients, 1.5M KZT received in observed graph. Priority drivers: high case-money inflow (2K KZT), 1 seeds within 2 hops.",42
100000004480280100,1,False,1,146694,1,2,295850,7,2.01678323585,False,1,2,0.000313173055007,3.57176211863e-05,0.239986479635,146694,0.495839107656,peripheral,0.6,other,"Limited role evidence: 1 payers, 2 recipients, 147K KZT received in observed graph.",0.727729636847,"Limited role evidence: 1 payers, 2 recipients, 147K KZT received in observed graph. Priority drivers: high case-money inflow (147K KZT), 2 seeds within 2 hops.",2
100000004486525100,2,False,8,360924,21,2,271045,3,0.750975274573,False,0,1,0.000800808837048,4.75552443329e-06,1,13366.1560604,0.0370331595029,consolidator,0.8,,"Signs of consolidation: receives from 8 payers (1 seeds within 2 hops), 361K KZT in, forwards 75%.",0.829364585781,"Signs of consolidation: receives from 8 payers (1 seeds within 2 hops), 361K KZT in, forwards 75%. Priority drivers: high case-money inflow (13K KZT), consolidator role signals.",0
100000004488265100,3,False,1,38740,1,0,0,0,0,False,0,0,0.000291857181653,0,0,257.679245679,0.00665150350229,peripheral,0.9,one_off_recipient,Single inflow of 39K KZT; 0 further outgoing transfers observed.,0.295774193697,"Single inflow of 39K KZT; 0 further outgoing transfers observed. Priority drivers: high case-money inflow (258 KZT), 0 seeds within 2 hops.",3
100000004491749100,3,False,1,50000,1,0,0,0,0,False,0,0,0.000348835234222,0,0,1894.78736977,0.0378957473954,peripheral,0.9,one_off_recipient,Single inflow of 50K KZT; 0 further outgoing transfers observed.,0.408617456961,"Single inflow of 50K KZT; 0 further outgoing transfers observed. Priority drivers: high case-money inflow (2K KZT), high weighted network importance.",6
100000004491881100,1,False,1,17144,1,0,0,0,0,False,1,1,0.000287608518082,0,0,17144,1,peripheral,0.9,one_off_recipient,Single inflow of 17K KZT; 0 further outgoing transfers observed.,0.483972985797,"Single inflow of 17K KZT; 0 further outgoing transfers observed. Priority drivers: high case-money inflow (17K KZT), 1 seeds within 2 hops.",1
100000004493586100,3,False,1,7500,1,0,0,0,0,False,0,0,0.000287085157636,0,0,5.87132137469,0.000782842849959,peripheral,0.9,one_off_recipient,Single inflow of 8K KZT; 0 further outgoing transfers observed.,0.173740389089,"Single inflow of 8K KZT; 0 further outgoing transfers observed. Priority drivers: 0 seeds within 2 hops, strong bridge position.",0
100000004494983100,1,False,1,35000,1,0,0,0,0,False,1,1,0.000291328065262,0,0,35000,1,peripheral,0.9,one_off_recipient,Single inflow of 35K KZT; 0 further outgoing transfers observed.,0.528785512574,"Single inflow of 35K KZT; 0 further outgoing transfers observed. Priority drivers: high case-money inflow (35K KZT), 1 seeds within 2 hops.",1
100000004497606100,1,False,1,15534,1,0,0,0,0,False,1,1,0.000287273142245,0,0,15534,1,peripheral,0.9,one_off_recipient,Single inflow of 16K KZT; 0 further outgoing transfers observed.,0.478583044257,"Single inflow of 16K KZT; 0 further outgoing transfers observed. Priority drivers: high case-money inflow (16K KZT), 1 seeds within 2 hops.",1
100000004500444100,3,False,2,180000,7,1,74000,5,0.411111111111,False,0,0,0.000461933503284,1.94183914359e-05,1,199.019116274,0.00110566175708,peripheral,0.6,other,"Limited role evidence: 2 payers, 1 recipients, 180K KZT received in observed graph.",0.433114050242,"Limited role evidence: 2 payers, 1 recipients, 180K KZT received in observed graph. Priority drivers: strong bridge position, high weighted network importance.",14
100000004500781100,4,False,1,74000,5,0,0,0,0,True,0,0,0.000676680764308,0,0,81.8180969634,0.00110564995897,peripheral,0.9,cut_off_hop4,Outgoing transfers not observed: graph cut off at hop 4.,0.247770545121,"Outgoing transfers not observed: graph cut off at hop 4. Priority drivers: high weighted network importance, high case-money inflow (82 KZT).",14
100000004502048100,4,False,1,13888,1,0,0,0,0,True,0,0,0.000337823436181,0,0,103.023631025,0.00741817619707,peripheral,0.9,cut_off_hop4,Outgoing transfers not observed: graph cut off at hop 4.,0.219086381875,"Outgoing transfers not observed: graph cut off at hop 4. Priority drivers: high weighted network importance, high case-money inflow (103 KZT).",18
100000004508696100,3,False,1,7000,1,3,111000,4,15.8571428571,False,0,0,0.000420006882684,3.92330765746e-05,0.954954954955,1524.88107075,0.013737667304,peripheral,0.6,other,"Limited role evidence: 1 payers, 3 recipients, 7K KZT received in observed graph.",0.500177361324,"Limited role evidence: 1 payers, 3 recipients, 7K KZT received in observed graph. Priority drivers: high case-money inflow (2K KZT), strong bridge position.",36
100000004509286100,1,False,1,40000,1,0,0,0,0,False,1,2,0.000291981924359,0,0,40000,1,peripheral,0.9,one_off_recipient,Single inflow of 40K KZT; 0 further outgoing transfers observed.,0.579540795408,"Single inflow of 40K KZT; 0 further outgoing transfers observed. Priority drivers: high case-money inflow (40K KZT), 2 seeds within 2 hops.",2
100000004526651100,4,False,1,33000,1,0,0,0,0,True,0,0,0.000288348669027,0,0,21.8581878323,0.000662369328252,peripheral,0.9,cut_off_hop4,Outgoing transfers not observed: graph cut off at hop 4.,0.144642996992,"Outgoing transfers not observed: graph cut off at hop 4. Priority drivers: 0 seeds within 2 hops, strong bridge position.",8
100000004527381100,2,False,1,119333.17,1,1,273866.11,1,2.2949705434,False,0,1,0.000373375241167,0.00032139419295,1,22455.2036271,0.0819933639365,peripheral,0.6,other,"Limited role evidence: 1 payers, 1 recipients, 119K KZT received in observed graph.",0.671204352493,"Limited role evidence: 1 payers, 1 recipients, 119K KZT received in observed graph. Priority drivers: high case-money inflow (22K KZT), 1 seeds within 2 hops.",15
100000004539443100,3,False,2,61990,2,0,0,0,0,False,0,0,0.000949823460845,0,0,38209.4434043,0.616380761482,terminal,0.5,,Money stops here in the observed graph: receives 62K KZT from 2 payers; no outgoing transfers were traced.,0.607133149983,"Money stops here in the observed graph: receives 62K KZT from 2 payers; no outgoing transfers were traced. Priority drivers: high case-money inflow (38K KZT), high weighted network importance.",2
100000004544958100,2,False,1,168000,3,2,23200,2,0.138095238095,False,0,1,0.00120889855199,2.08054193956e-05,0.224137931034,50399.99999,0.29999999994,peripheral,0.6,other,"Limited role evidence: 1 payers, 2 recipients, 168K KZT received in observed graph.",0.728697062252,"Limited role evidence: 1 payers, 2 recipients, 168K KZT received in observed graph. Priority drivers: high case-money inflow (50K KZT), 1 seeds within 2 hops.",11
100000004549591100,4,False,1,49000,1,0,0,0,0,True,0,0,0.000441634463444,0,0,673.145697897,0.013737667304,peripheral,0.9,cut_off_hop4,Outgoing transfers not observed: graph cut off at hop 4.,0.280953236499,"Outgoing transfers not observed: graph cut off at hop 4. Priority drivers: high case-money inflow (673 KZT), high weighted network importance.",36
100000004552204100,3,False,1,22500,2,2,10000,2,0.444444444444,False,0,0,0.00085763790604,2.02109788415e-05,0,3350.3304515,0.148903575622,peripheral,0.6,other,"Limited role evidence: 1 payers, 2 recipients, 22K KZT received in observed graph.",0.544264319048,"Limited role evidence: 1 payers, 2 recipients, 22K KZT received in observed graph. Priority drivers: high case-money inflow (3K KZT), high weighted network importance.",31
100000004553349100,3,False,1,7755,1,0,0,0,0,False,0,0,0.000298395725409,0,0,46.917766612,0.00605000214211,peripheral,0.9,one_off_recipient,Single inflow of 8K KZT; 0 further outgoing transfers observed.,0.257146279328,"Single inflow of 8K KZT; 0 further outgoing transfers observed. Priority drivers: high case-money inflow (47 KZT), high weighted network importance.",5
100000004559194100,1,False,1,282145,6,0,0,0,0,False,1,1,0.000314173426047,0,0,282145,1,peripheral,0.9,one_off_recipient,Single inflow of 282K KZT; 0 further outgoing transfers observed.,0.615370086285,"Single inflow of 282K KZT; 0 further outgoing transfers observed. Priority drivers: high case-money inflow (282K KZT), 1 seeds within 2 hops.",4
100000004564736100,3,False,1,15000,2,0,0,0,0,False,0,0,0.00037478727633,0,0,528.96359389,0.0352642395927,peripheral,0.9,one_off_recipient,Single inflow of 15K KZT; 0 further outgoing transfers observed.,0.383671701886,"Single inflow of 15K KZT; 0 further outgoing transfers observed. Priority drivers: high case-money inflow (529 KZT), high weighted network importance.",21
100000004569484100,3,False,2,98312,3,4,156000,4,1.58678492961,False,0,0,0.000317630658118,0.00279340169916,0,191.153817215,0.00122534498215,coordinator,0.503028505698,,Bridge hypothesis: top 1% betweenness; links 2 payers and 4 recipients.,0.610076887286,"Bridge hypothesis: top 1% betweenness; links 2 payers and 4 recipients. Priority drivers: coordinator role signals, strong bridge position.",7
100000004569637100,4,False,1,5500,1,0,0,0,0,True,0,0,0.00054980672887,0,0,36.5832692455,0.00665150349918,peripheral,0.9,cut_off_hop4,Outgoing transfers not observed: graph cut off at hop 4.,0.227696467976,"Outgoing transfers not observed: graph cut off at hop 4. Priority drivers: high weighted network importance, 0 seeds within 2 hops.",3
100000004571634100,4,False,1,20000,1,0,0,0,0,True,0,0,0.000371999454164,0,0,100.842521082,0.00504212605409,peripheral,0.9,cut_off_hop4,Outgoing transfers not observed: graph cut off at hop 4.,0.225471389545,"Outgoing transfers not observed: graph cut off at hop 4. Priority drivers: high weighted network importance, high case-money inflow (101 KZT).",11
100000004573782100,2,False,1,15000,1,0,0,0,0,False,0,1,0.000308176427677,0,0,8108.10656662,0.540540437774,peripheral,0.9,one_off_recipient,Single inflow of 15K KZT; 0 further outgoing transfers observed.,0.513790418803,"Single inflow of 15K KZT; 0 further outgoing transfers observed. Priority drivers: high case-money inflow (8K KZT), 1 seeds within 2 hops.",6
100000004580202100,2,False,1,9000,1,3,45000,4,5,False,0,1,0.0003202940826,5.94440554161e-05,0.111111111111,1586.8980463,0.0352644010289,peripheral,0.6,other,"Limited role evidence: 1 payers, 3 recipients, 9K KZT received in observed graph.",0.573701692073,"Limited role evidence: 1 payers, 3 recipients, 9K KZT received in observed graph. Priority drivers: high case-money inflow (2K KZT), 1 seeds within 2 hops.",21
100000004580254100,3,False,2,27940,2,0,0,0,0,False,0,0,0.000310559933207,0,0,115.636284325,0.00413873601737,terminal,0.5,,Money stops here in the observed graph: receives 28K KZT from 2 payers; no outgoing transfers were traced.,0.362581828065,"Money stops here in the observed graph: receives 28K KZT from 2 payers; no outgoing transfers were traced. Priority drivers: high case-money inflow (116 KZT), terminal role signals.",16
100000004584730100,4,False,1,47000,1,0,0,0,0,True,0,0,0.000302136324408,0,0,6.90749812815,0.00014696804528,peripheral,0.9,cut_off_hop4,Outgoing transfers not observed: graph cut off at hop 4.,0.157267898522,"Outgoing transfers not observed: graph cut off at hop 4. Priority drivers: high weighted network importance, 0 seeds within 2 hops.",42
100000004586598100,4,False,1,761255,4,0,0,0,0,True,0,0,0.000536053602744,0,0,39.9564110528,5.24875515468e-05,peripheral,0.9,cut_off_hop4,Outgoing transfers not observed: graph cut off at hop 4.,0.226729042571,"Outgoing transfers not observed: graph cut off at hop 4. Priority drivers: high weighted network importance, 0 seeds within 2 hops.",65
100000004587414100,3,False,2,533603,2,0,0,0,0,False,0,0,0.000313109827453,0,0,1417.75020183,0.00265693821405,terminal,0.889338333333,,Money stops here in the observed graph: receives 534K KZT from 2 payers; no outgoing transfers were traced.,0.446540532821,"Money stops here in the observed graph: receives 534K KZT from 2 payers; no outgoing transfers were traced. Priority drivers: high case-money inflow (1K KZT), terminal role signals.",5
100000004588479100,1,False,1,177633,2,0,0,0,0,False,1,1,0.000303010413235,0,0,177633,1,peripheral,0.9,one_off_recipient,Single inflow of 178K KZT; 0 further outgoing transfers observed.,0.596021578193,"Single inflow of 178K KZT; 0 further outgoing transfers observed. Priority drivers: high case-money inflow (178K KZT), 1 seeds within 2 hops.",4
100000004591973100,3,False,1,10000,1,1,100000,1,10,False,0,0,0.000396725207713,2.04091256929e-05,0,5554.39579372,0.0555439579372,peripheral,0.6,other,"Limited role evidence: 1 payers, 1 recipients, 10K KZT received in observed graph.",0.517867425865,"Limited role evidence: 1 payers, 1 recipients, 10K KZT received in observed graph. Priority drivers: high case-money inflow (6K KZT), strong bridge position.",10
100000004592467100,2,False,1,7000,1,0,0,0,0,False,0,1,0.000285083026592,0,0,151.589512924,0.0216556447034,peripheral,0.9,one_off_recipient,Single inflow of 7K KZT; 0 further outgoing transfers observed.,0.335162228027,"Single inflow of 7K KZT; 0 further outgoing transfers observed. Priority drivers: 1 seeds within 2 hops, high case-money inflow (152 KZT).",2
100000004596284100,4,False,1,30000,1,0,0,0,0,True,0,0,0.000587800961639,0,0,980.651178105,0.0326883726035,peripheral,0.9,cut_off_hop4,Outgoing transfers not observed: graph cut off at hop 4.,0.30228496667,"Outgoing transfers not observed: graph cut off at hop 4. Priority drivers: high case-money inflow (981 KZT), high weighted network importance.",4
100000004601193100,4,False,1,84000,3,0,0,0,0,True,0,0,0.000599632088245,0,0,352.948823787,0.00420177171174,peripheral,0.9,cut_off_hop4,Outgoing transfers not observed: graph cut off at hop 4.,0.282259260795,"Outgoing transfers not observed: graph cut off at hop 4. Priority drivers: high weighted network importance, high case-money inflow (353 KZT).",11
100000004603109100,3,False,3,2730000,8,2,400000,2,0.14652014652,False,0,0,0.00336843557992,6.93513979855e-07,1,40799.8624212,0.0149450045499,terminal,1,,Possible holding point: receives 2.7M KZT from 3 payers; observed onward flow is 15%.,0.676787779114,"Possible holding point: receives 2.7M KZT from 3 payers; observed onward flow is 15%. Priority drivers: high case-money inflow (41K KZT), high weighted network importance.",22
100000004610802100,4,False,1,241000,18,0,0,0,0,True,0,0,0.000471160031306,0,0,155.426283138,0.000644922336674,peripheral,0.9,cut_off_hop4,Outgoing transfers not observed: graph cut off at hop 4.,0.247044976068,"Outgoing transfers not observed: graph cut off at hop 4. Priority drivers: high weighted network importance, high case-money inflow (155 KZT).",58
100000004611571100,3,False,1,22550,1,0,0,0,0,False,0,0,0.000285298436156,0,0,19.0872801887,0.00084644258043,peripheral,0.9,one_off_recipient,Single inflow of 23K KZT; 0 further outgoing transfers observed.,0.185349493944,"Single inflow of 23K KZT; 0 further outgoing transfers observed. Priority drivers: 0 seeds within 2 hops, strong bridge position.",0
100000004613582100,3,False,1,5000,1,1,9500,1,1.9,False,0,0,0.000550090903938,3.96293702774e-07,0,2702.7002877,0.284494767126,peripheral,0.6,other,"Limited role evidence: 1 payers, 1 recipients, 5K KZT received in observed graph.",0.51023167535,"Limited role evidence: 1 payers, 1 recipients, 5K KZT received in observed graph. Priority drivers: high case-money inflow (3K KZT), high weighted network importance.",6
100000004616845100,4,False,1,20200,2,0,0,0,0,True,0,0,0.000287264885546,0,0,0.791087551843,3.91627500912e-05,peripheral,0.9,cut_off_hop4,Outgoing transfers not observed: graph cut off at hop 4.,0.116200690097,"Outgoing transfers not observed: graph cut off at hop 4. Priority drivers: 0 seeds within 2 hops, strong bridge position.",56
100000004622227100,1,False,1,24931,1,3,19000,3,0.762103405399,False,1,1,0.000288679142356,4.78418274408e-05,0,24931,1,peripheral,0.6,other,"Limited role evidence: 1 payers, 3 recipients, 25K KZT received in observed graph.",0.588074869513,"Limited role evidence: 1 payers, 3 recipients, 25K KZT received in observed graph. Priority drivers: high case-money inflow (25K KZT), 1 seeds within 2 hops.",0
100000004629688100,3,False,1,5000,1,1,15000,2,3,False,0,0,0.000385424408421,0,0,112.260685801,0.00748404572006,peripheral,0.6,other,"Limited role evidence: 1 payers, 1 recipients, 5K KZT received in observed graph.",0.329841388302,"Limited role evidence: 1 payers, 1 recipients, 5K KZT received in observed graph. Priority drivers: high weighted network importance, high case-money inflow (112 KZT).",15
100000004634420100,3,False,1,26150,1,0,0,0,0,False,0,0,0.000288088813524,0,0,17.3768758817,0.0006645076819,peripheral,0.9,one_off_recipient,Single inflow of 26K KZT; 0 further outgoing transfers observed.,0.199999078642,"Single inflow of 26K KZT; 0 further outgoing transfers observed. Priority drivers: 0 seeds within 2 hops, strong bridge position.",1
100000004635886100,3,False,1,23000,1,0,0,0,0,False,0,0,0.000290880855426,0,0,239.941499001,0.010432239087,peripheral,0.9,one_off_recipient,Single inflow of 23K KZT; 0 further outgoing transfers observed.,0.289900539455,"Single inflow of 23K KZT; 0 further outgoing transfers observed. Priority drivers: high case-money inflow (240 KZT), 0 seeds within 2 hops.",4
100000004644615100,3,False,1,50810,1,2,379665,14,7.47224955717,False,0,0,0.000372248762225,1.18888110832e-06,0.0458298763384,250.325926901,0.000659333693916,peripheral,0.6,other,"Limited role evidence: 1 payers, 2 recipients, 51K KZT received in observed graph.",0.418291711007,"Limited role evidence: 1 payers, 2 recipients, 51K KZT received in observed graph. Priority drivers: strong bridge position, high case-money inflow (250 KZT).",7
100000004652395100,4,False,3,101528,5,0,0,0,0,True,0,0,0.000333836237702,0,0,162.959624451,0.00160507076325,peripheral,0.9,cut_off_hop4,Outgoing transfers not observed: graph cut off at hop 4.,0.229776432596,"Outgoing transfers not observed: graph cut off at hop 4. Priority drivers: high case-money inflow (163 KZT), high weighted network importance.",0
100000004655046100,4,False,1,24000,1,0,0,0,0,True,0,0,0.000554151170134,0,0,19.3405215676,0.000805855065317,peripheral,0.9,cut_off_hop4,Outgoing transfers not observed: graph cut off at hop 4.,0.218505926632,"Outgoing transfers not observed: graph cut off at hop 4. Priority drivers: high weighted network importance, 0 seeds within 2 hops.",7
100000004657034100,3,False,1,141250,1,0,0,0,0,False,0,0,0.000288577161235,0,0,168.844511817,0.0011953593757,peripheral,0.9,one_off_recipient,Single inflow of 141K KZT; 0 further outgoing transfers observed.,0.265369395267,"Single inflow of 141K KZT; 0 further outgoing transfers observed. Priority drivers: high case-money inflow (169 KZT), 0 seeds within 2 hops.",5
100000004659919100,3,False,1,110000,2,1,39000,1,0.354545454545,False,0,0,0.000720222686816,2.41739158692e-05,0,4782.60869565,0.0434782608696,peripheral,0.6,other,"Limited role evidence: 1 payers, 1 recipients, 110K KZT received in observed graph.",0.550863542343,"Limited role evidence: 1 payers, 1 recipients, 110K KZT received in observed graph. Priority drivers: high case-money inflow (5K KZT), high weighted network importance.",48
100000004662806100,1,False,2,106585,2,2,59900,3,0.561992775719,False,1,1,0.000303785021628,3.88367828719e-05,1,97587.0494999,0.915579579677,peripheral,0.6,other,"Limited role evidence: 2 payers, 2 recipients, 107K KZT received in observed graph.",0.668198423557,"Limited role evidence: 2 payers, 2 recipients, 107K KZT received in observed graph. Priority drivers: high case-money inflow (98K KZT), 1 seeds within 2 hops.",10
100000004664515100,1,False,1,37691,1,0,0,0,0,False,1,1,0.000291054902847,0,0,37691,1,peripheral,0.9,one_off_recipient,Single inflow of 38K KZT; 0 further outgoing transfers observed.,0.5312731779,"Single inflow of 38K KZT; 0 further outgoing transfers observed. Priority drivers: high case-money inflow (38K KZT), 1 seeds within 2 hops.",0
100000004664905100,1,False,2,329020,4,0,0,0,0,False,1,1,0.000409394497352,0,0,237705.782374,0.722466057911,terminal,0.548366666667,,Money stops here in the observed graph: receives 329K KZT from 2 payers; no outgoing transfers were traced.,0.706570661212,"Money stops here in the observed graph: receives 329K KZT from 2 payers; no outgoing transfers were traced. Priority drivers: high case-money inflow (238K KZT), 1 seeds within 2 hops.",4
100000004666651100,2,False,1,429250,1,0,0,0,0,False,0,1,0.000454865531014,0,0,34183.0315193,0.0796343192062,terminal,0.715416666667,,Money stops here in the observed graph: receives 429K KZT from 1 payers; no outgoing transfers were traced.,0.666284303292,"Money stops here in the observed graph: receives 429K KZT from 1 payers; no outgoing transfers were traced. Priority drivers: high case-money inflow (34K KZT), 1 seeds within 2 hops.",64
100000004670388100,3,False,1,160354,1,2,720000,4,4.49006572957,False,0,0,0.000510665901251,1.96165382873e-05,0.527777777778,3455.69273396,0.00479957324161,peripheral,0.6,other,"Limited role evidence: 1 payers, 2 recipients, 160K KZT received in observed graph.",0.519284013065,"Limited role evidence: 1 payers, 2 recipients, 160K KZT received in observed graph. Priority drivers: high case-money inflow (3K KZT), strong bridge position.",47
100000004671609100,3,False,1,100000,1,0,0,0,0,False,0,0,0.000298610902405,0,0,357.367610948,0.00357367610948,peripheral,0.9,one_off_recipient,Single inflow of 100K KZT; 0 further outgoing transfers observed.,0.326109890312,"Single inflow of 100K KZT; 0 further outgoing transfers observed. Priority drivers: high case-money inflow (357 KZT), high weighted network importance.",13
100000004673335100,4,False,1,80000,1,0,0,0,0,True,0,0,0.000490432537446,0,0,132.001477063,0.00165001846329,peripheral,0.9,cut_off_hop4,Outgoing transfers not observed: graph cut off at hop 4.,0.244481298746,"Outgoing transfers not observed: graph cut off at hop 4. Priority drivers: high weighted network importance, high case-money inflow (132 KZT).",29
100000004674178100,4,False,1,20000,1,0,0,0,0,True,0,0,0.000301097100959,0,0,10.317437496,0.000515871874801,peripheral,0.9,cut_off_hop4,Outgoing transfers not observed: graph cut off at hop 4.,0.160025060925,"Outgoing transfers not observed: graph cut off at hop 4. Priority drivers: high weighted network importance, 0 seeds within 2 hops.",24
100000004674389100,4,False,1,15000,1,0,0,0,0,True,0,0,0.000350008912168,0,0,75.6318908114,0.00504212605409,peripheral,0.9,cut_off_hop4,Outgoing transfers not observed: graph cut off at hop 4.,0.216619447093,"Outgoing transfers not observed: graph cut off at hop 4. Priority drivers: high weighted network importance, high case-money inflow (76 KZT).",11
100000004674412100,4,False,1,46000,1,0,0,0,0,True,0,0,0.000486350272545,0,0,231.937798488,0.00504212605409,peripheral,0.9,cut_off_hop4,Outgoing transfers not observed: graph cut off at hop 4.,0.259234536166,"Outgoing transfers not observed: graph cut off at hop 4. Priority drivers: high weighted network importance, high case-money inflow (232 KZT).",11
100000004674799100,2,False,1,140000,5,0,0,0,0,False,0,1,0.000783515735083,0,0,33363.0715919,0.238307654228,peripheral,0.9,one_off_recipient,Single inflow of 140K KZT; 0 further outgoing transfers observed.,0.631401707275,"Single inflow of 140K KZT; 0 further outgoing transfers observed. Priority drivers: high case-money inflow (33K KZT), 1 seeds within 2 hops.",0
100000004676985100,3,False,1,32260,1,1,27102,1,0.840111593304,False,0,0,0.000285841485658,1.92202445845e-05,0,27.3062376447,0.00084644258043,transit,0.600278983261,,Pass-through hypothesis: forwards 84% of 32K KZT received; 0% forwarded within 2 days.,0.367778284524,"Pass-through hypothesis: forwards 84% of 32K KZT received; 0% forwarded within 2 days. Priority drivers: strong bridge position, transit role signals.",0
100000004677680100,1,False,2,63000,2,1,168000,3,2.66666666667,False,1,2,0.00108807207575,4.12145450885e-05,0.910714285714,50399.99999,0.29999999994,peripheral,0.6,other,"Limited role evidence: 2 payers, 1 recipients, 63K KZT received in observed graph.",0.77720653611,"Limited role evidence: 2 payers, 1 recipients, 63K KZT received in observed graph. Priority drivers: high case-money inflow (50K KZT), 2 seeds within 2 hops.",11
100000004679953100,1,False,3,343538,3,3,34100,3,0.0992612170997,False,1,1,0.000332359477052,0.00035421582992,0.624633431085,41210.6023606,0.119959370901,terminal,0.75,,Possible holding point: receives 344K KZT from 3 payers; observed onward flow is 10%.,0.743401928401,"Possible holding point: receives 344K KZT from 3 payers; observed onward flow is 10%. Priority drivers: high case-money inflow (41K KZT), 1 seeds within 2 hops.",3
100000004687099100,2,False,1,30000,1,0,0,0,0,False,0,1,0.000332315569174,0,0,16216.2131332,0.540540437774,peripheral,0.9,one_off_recipient,Single inflow of 30K KZT; 0 further outgoing transfers observed.,0.552763842245,"Single inflow of 30K KZT; 0 further outgoing transfers observed. Priority drivers: high case-money inflow (16K KZT), 1 seeds within 2 hops.",6
100000004687282100,2,False,1,20000,1,0,0,0,0,False,0,1,0.000330391342059,0,0,19998.160051,0.999908002551,peripheral,0.9,one_off_recipient,Single inflow of 20K KZT; 0 further outgoing transfers observed.,0.558775700117,"Single inflow of 20K KZT; 0 further outgoing transfers observed. Priority drivers: high case-money inflow (20K KZT), 1 seeds within 2 hops.",4
100000004689658100,3,False,1,456100,1,1,7092,1,0.0155492216619,False,0,0,0.000384006701083,1.92202445845e-05,0,762.246490518,0.00167122668388,terminal,0.760166666667,,Possible holding point: receives 456K KZT from 1 payers; observed onward flow is 2%.,0.526905943217,"Possible holding point: receives 456K KZT from 1 payers; observed onward flow is 2%. Priority drivers: high case-money inflow (762 KZT), strong bridge position.",3
100000004691350100,4,False,1,13300,1,0,0,0,0,True,0,0,0.000880455088094,0,0,286.620311072,0.0215503993287,peripheral,0.9,cut_off_hop4,Outgoing transfers not observed: graph cut off at hop 4.,0.282694602227,"Outgoing transfers not observed: graph cut off at hop 4. Priority drivers: high weighted network importance, high case-money inflow (287 KZT).",47
100000004692798100,1,False,2,240305,4,1,15000,2,0.0624206737271,False,1,1,0.00200664868293,1.98146851387e-07,1,202974.825348,0.84465502319,terminal,0.5,,Possible holding point: receives 240K KZT from 2 payers; observed onward flow is 6%.,0.804349728891,"Possible holding point: receives 240K KZT from 2 payers; observed onward flow is 6%. Priority drivers: high case-money inflow (203K KZT), 1 seeds within 2 hops.",10
100000004697956100,3,False,1,10000,1,1,10000,1,1,False,0,0,0.000465609556654,0,0,2382.3317179,0.23823317179,transit,1,,Pass-through hypothesis: forwards 100% of 10K KZT received; 0% forwarded within 2 days.,0.536939526699,"Pass-through hypothesis: forwards 100% of 10K KZT received; 0% forwarded within 2 days. Priority drivers: high case-money inflow (2K KZT), transit role signals.",6
100000004698193100,2,False,2,222700,15,3,38000,5,0.170633138752,False,0,1,0.000818906990957,1.5851748111e-06,0.315789473684,18277.771237,0.0820735125146,terminal,0.5,,Possible holding point: receives 223K KZT from 2 payers; observed onward flow is 17%.,0.734453243409,"Possible holding point: receives 223K KZT from 2 payers; observed onward flow is 17%. Priority drivers: high case-money inflow (18K KZT), 1 seeds within 2 hops.",6
100000004707703100,1,False,2,239300,3,5,231650,6,0.968031759298,False,1,1,0.000631642178584,0.00010710478507,0.88927260954,239277.98501,0.999908002551,transit,0.920079398245,,Pass-through hypothesis: forwards 97% of 239K KZT received; 89% forwarded within 2 days.,0.863998415265,"Pass-through hypothesis: forwards 97% of 239K KZT received; 89% forwarded within 2 days. Priority drivers: high case-money inflow (239K KZT), 1 seeds within 2 hops.",4
100000004713684100,3,False,1,37500,1,0,0,0,0,False,0,0,0.000286134542238,0,0,31.7415967661,0.00084644258043,peripheral,0.9,one_off_recipient,Single inflow of 38K KZT; 0 further outgoing transfers observed.,0.199308060496,"Single inflow of 38K KZT; 0 further outgoing transfers observed. Priority drivers: 0 seeds within 2 hops, strong bridge position.",0
100000004714705100,0,True,0,0,0,1,36550,1,,False,0,0,0.00028403728618,0,,0,1,peripheral,0.6,other,"Limited role evidence: 0 payers, 1 recipients, 0 KZT received in observed graph.",0.0845709468331,"Limited role evidence: 0 payers, 1 recipients, 0 KZT received in observed graph. Priority drivers: 0 seeds within 2 hops, strong bridge position.",19
100000004715209100,3,False,1,5000,1,5,350450,17,70.09,False,0,0,0.000285998605788,7.76735657437e-05,0.127835639892,17.0613801923,4.86842065696e-05,peripheral,0.6,other,"Limited role evidence: 1 payers, 5 recipients, 5K KZT received in observed graph.",0.271450354953,"Limited role evidence: 1 payers, 5 recipients, 5K KZT received in observed graph. Priority drivers: strong bridge position, 0 seeds within 2 hops.",49
100000004717647100,3,False,1,300000,2,5,2240000,10,7.46666666667,False,0,0,0.00101481465795,7.76735657437e-05,0.0209821428571,329.208421433,0.000146968045283,peripheral,0.6,other,"Limited role evidence: 1 payers, 5 recipients, 300K KZT received in observed graph.",0.497827899627,"Limited role evidence: 1 payers, 5 recipients, 300K KZT received in observed graph. Priority drivers: high weighted network importance, strong bridge position.",42
100000004722630100,4,False,1,340000,2,0,0,0,0,True,0,0,0.000489012905034,0,0,1631.85490215,0.00479957324161,peripheral,0.9,cut_off_hop4,Outgoing transfers not observed: graph cut off at hop 4.,0.299672918077,"Outgoing transfers not observed: graph cut off at hop 4. Priority drivers: high case-money inflow (2K KZT), high weighted network importance.",47
100000004722765100,3,False,1,230000,1,3,2284500,9,9.93260869565,False,0,0,0.000578004151908,5.82551743078e-05,0.0766031954476,7913.85634783,0.00346415248318,peripheral,0.6,other,"Limited role evidence: 1 payers, 3 recipients, 230K KZT received in observed graph.",0.564407498008,"Limited role evidence: 1 payers, 3 recipients, 230K KZT received in observed graph. Priority drivers: high case-money inflow (8K KZT), strong bridge position.",44
100000004723755100,0,True,0,0,0,1,95000,5,,False,0,0,0.00028403728618,0,,0,1,peripheral,0.6,other,"Limited role evidence: 0 payers, 1 recipients, 0 KZT received in observed graph.",0.0845709468331,"Limited role evidence: 0 payers, 1 recipients, 0 KZT received in observed graph. Priority drivers: 0 seeds within 2 hops, strong bridge position.",2
100000004726132100,3,False,1,349000,1,1,24000,2,0.0687679083095,False,0,0,0.000314751939551,1.92202445845e-05,0,1692.63622946,0.00484996054288,terminal,0.581666666667,,Possible holding point: receives 349K KZT from 1 payers; observed onward flow is 7%.,0.520755881716,"Possible holding point: receives 349K KZT from 1 payers; observed onward flow is 7%. Priority drivers: high case-money inflow (2K KZT), strong bridge position.",0
100000004732589100,2,False,1,227520,1,0,0,0,0,False,0,1,0.000391657326867,0,0,5304.51941358,0.0233145192228,peripheral,0.9,one_off_recipient,Single inflow of 228K KZT; 0 further outgoing transfers observed.,0.536594017626,"Single inflow of 228K KZT; 0 further outgoing transfers observed. Priority drivers: high case-money inflow (5K KZT), 1 seeds within 2 hops.",7
100000004737477100,1,False,2,49598,3,1,40500,3,0.81656518408,False,1,1,0.000290735527132,1.92202445845e-05,0.37037037037,30143.4810835,0.607755979747,transit,0.5414129602,,Pass-through hypothesis: forwards 82% of 50K KZT received; 37% forwarded within 2 days.,0.694698969462,"Pass-through hypothesis: forwards 82% of 50K KZT received; 37% forwarded within 2 days. Priority drivers: high case-money inflow (30K KZT), 1 seeds within 2 hops.",0
100000004737764100,3,False,1,600000,1,0,0,0,0,False,0,0,0.000672166701837,0,0,9722.6514536,0.0162044190893,terminal,1,,Money stops here in the observed graph: receives 600K KZT from 1 payers; no outgoing transfers were traced.,0.552197207365,"Money stops here in the observed graph: receives 600K KZT from 1 payers; no outgoing transfers were traced. Priority drivers: high case-money inflow (10K KZT), high weighted network importance.",2
100000004739664100,1,False,1,12000,1,1,10000,1,0.833333333333,False,1,1,0.000286536981865,1.38702795971e-06,0,12000,1,transit,0.583333333333,,Pass-through hypothesis: forwards 83% of 12K KZT received; 0% forwarded within 2 days.,0.629881467354,"Pass-through hypothesis: forwards 83% of 12K KZT received; 0% forwarded within 2 days. Priority drivers: high case-money inflow (12K KZT), 1 seeds within 2 hops.",1
100000004741837100,1,False,1,25596,1,0,0,0,0,False,1,1,0.000286771216024,0,0,25596,1,peripheral,0.9,one_off_recipient,Single inflow of 26K KZT; 0 further outgoing transfers observed.,0.494511012526,"Single inflow of 26K KZT; 0 further outgoing transfers observed. Priority drivers: high case-money inflow (26K KZT), 1 seeds within 2 hops.",4
100000004744306100,1,False,1,69000,1,2,92000,3,1.33333333333,False,1,1,0.000458011649093,3.92330765746e-05,0,69000,0.75,peripheral,0.6,other,"Limited role evidence: 1 payers, 2 recipients, 69K KZT received in observed graph.",0.708622985106,"Limited role evidence: 1 payers, 2 recipients, 69K KZT received in observed graph. Priority drivers: high case-money inflow (69K KZT), 1 seeds within 2 hops.",19
100000004746397100,3,False,1,219520,1,1,7500,1,0.034165451895,False,0,0,0.000291092814479,0.000667769934515,0,262.405290153,0.0011953593757,peripheral,0.6,other,"Limited role evidence: 1 payers, 1 recipients, 220K KZT received in observed graph.",0.388785236167,"Limited role evidence: 1 payers, 1 recipients, 220K KZT received in observed graph. Priority drivers: strong bridge position, high case-money inflow (262 KZT).",5
100000004747154100,4,False,1,67000,1,0,0,0,0,True,0,0,0.000330513589818,0,0,3.26184184016,4.86842065696e-05,peripheral,0.9,cut_off_hop4,Outgoing transfers not observed: graph cut off at hop 4.,0.16945745862,"Outgoing transfers not observed: graph cut off at hop 4. Priority drivers: high weighted network importance, 0 seeds within 2 hops.",49
100000004750321100,3,False,2,50185,2,0,0,0,0,False,0,0,0.000310805630523,0,0,138.72035895,0.00276417971406,terminal,0.5,,Money stops here in the observed graph: receives 50K KZT from 2 payers; no outgoing transfers were traced.,0.3698375186,"Money stops here in the observed graph: receives 50K KZT from 2 payers; no outgoing transfers were traced. Priority drivers: high case-money inflow (139 KZT), terminal role signals.",7
100000004750897100,3,False,1,10000,1,0,0,0,0,False,0,0,0.000486811530662,0,0,224.521371602,0.0224521371602,peripheral,0.9,one_off_recipient,Single inflow of 10K KZT; 0 further outgoing transfers observed.,0.368192895412,"Single inflow of 10K KZT; 0 further outgoing transfers observed. Priority drivers: high weighted network importance, high case-money inflow (225 KZT).",15
100000004756901100,2,False,1,153248,1,0,0,0,0,False,0,2,0.000309246921419,0,0,32956.0498823,0.215050440347,peripheral,0.9,one_off_recipient,Single inflow of 153K KZT; 0 further outgoing transfers observed.,0.604521101391,"Single inflow of 153K KZT; 0 further outgoing transfers observed. Priority drivers: high case-money inflow (33K KZT), 2 seeds within 2 hops.",4
100000004759121100,1,False,6,710000,10,2,312000,6,0.439436619718,False,1,1,0.00141775777784,7.70791251896e-05,0.519230769231,68622.3357345,0.0966511770909,consolidator,0.6,,"Signs of consolidation: receives from 6 payers (1 seeds within 2 hops), 710K KZT in, forwards 44%.",0.913737901424,"Signs of consolidation: receives from 6 payers (1 seeds within 2 hops), 710K KZT in, forwards 44%. Priority drivers: high case-money inflow (69K KZT), consolidator role signals.",0
100000004765639100,2,False,1,5000,1,2,11000,2,2.2,False,0,1,0.000359595430045,0,0.545454545455,4563.13434079,0.414830394617,peripheral,0.6,other,"Limited role evidence: 1 payers, 2 recipients, 5K KZT received in observed graph.",0.526159643619,"Limited role evidence: 1 payers, 2 recipients, 5K KZT received in observed graph. Priority drivers: high case-money inflow (5K KZT), 1 seeds within 2 hops.",0
100000004770073100,3,False,1,5462.4,1,1,5466.97,1,1.00083662859,False,0,0,0.000286257111918,1.92202445845e-05,1,4.27620078362,0.000782188448742,transit,0.99790842853,,Pass-through hypothesis: forwards 100% of 5K KZT received; 100% forwarded within 2 days.,0.337788096982,"Pass-through hypothesis: forwards 100% of 5K KZT received; 100% forwarded within 2 days. Priority drivers: strong bridge position, transit role signals.",0
100000004777215100,4,False,1,60000,1,0,0,0,0,True,0,0,0.000462334730484,0,0,516.534283128,0.0086089047188,peripheral,0.9,cut_off_hop4,Outgoing transfers not observed: graph cut off at hop 4.,0.276503079638,"Outgoing transfers not observed: graph cut off at hop 4. Priority drivers: high case-money inflow (517 KZT), high weighted network importance.",20
100000004779204100,3,False,1,30450,1,1,20000,2,0.656814449918,False,0,0,0.000285740258099,1.92202445845e-05,0.5,25.7741765741,0.00084644258043,peripheral,0.6,other,"Limited role evidence: 1 payers, 1 recipients, 30K KZT received in observed graph.",0.262328915424,"Limited role evidence: 1 payers, 1 recipients, 30K KZT received in observed graph. Priority drivers: strong bridge position, 0 seeds within 2 hops.",0
100000004780083100,4,False,1,9999,1,0,0,0,0,True,0,0,0.000291800938995,0,0,6.44857844441,0.000644922336674,peripheral,0.9,cut_off_hop4,Outgoing transfers not observed: graph cut off at hop 4.,0.138983558375,"Outgoing transfers not observed: graph cut off at hop 4. Priority drivers: 0 seeds within 2 hops, strong bridge position.",58
100000004780327100,4,False,1,12000,1,0,0,0,0,True,0,0,0.00029041673578,0,0,0.580619298553,4.83849415461e-05,peripheral,0.9,cut_off_hop4,Outgoing transfers not observed: graph cut off at hop 4.,0.126987483358,"Outgoing transfers not observed: graph cut off at hop 4. Priority drivers: 0 seeds within 2 hops, strong bridge position.",7
100000004783447100,1,False,1,26200,1,0,0,0,0,False,1,1,0.000289494955093,0,0,26200,1,peripheral,0.9,one_off_recipient,Single inflow of 26K KZT; 0 further outgoing transfers observed.,0.512753891584,"Single inflow of 26K KZT; 0 further outgoing transfers observed. Priority drivers: high case-money inflow (26K KZT), 1 seeds within 2 hops.",1
100000004784224100,1,False,1,23500,2,1,100000,1,4.25531914894,False,1,1,0.000303140467308,1.98146851387e-07,0,23500,0.235,peripheral,0.6,other,"Limited role evidence: 1 payers, 1 recipients, 24K KZT received in observed graph.",0.599407567109,"Limited role evidence: 1 payers, 1 recipients, 24K KZT received in observed graph. Priority drivers: high case-money inflow (24K KZT), 1 seeds within 2 hops.",22
100000004788983100,4,False,1,27000,1,0,0,0,0,True,0,0,0.000367376276968,0,0,110.418128352,0.00408956030934,peripheral,0.9,cut_off_hop4,Outgoing transfers not observed: graph cut off at hop 4.,0.228131809408,"Outgoing transfers not observed: graph cut off at hop 4. Priority drivers: high weighted network importance, high case-money inflow (110 KZT).",0
100000004790991100,1,False,1,239413,4,0,0,0,0,False,1,1,0.000309609185927,0,0,239413,1,peripheral,0.9,one_off_recipient,Single inflow of 239K KZT; 0 further outgoing transfers observed.,0.608321701195,"Single inflow of 239K KZT; 0 further outgoing transfers observed. Priority drivers: high case-money inflow (239K KZT), 1 seeds within 2 hops.",4
100000004791226100,4,False,1,20000,1,0,0,0,0,True,0,0,0.000538256648873,0,0,16.9288516083,0.000846442580416,peripheral,0.9,cut_off_hop4,Outgoing transfers not observed: graph cut off at hop 4.,0.212943230556,"Outgoing transfers not observed: graph cut off at hop 4. Priority drivers: high weighted network importance, 0 seeds within 2 hops.",0
100000004792397100,1,False,1,73520,1,0,0,0,0,False,1,1,0.000299352088413,0,0,73520,1,peripheral,0.9,one_off_recipient,Single inflow of 74K KZT; 0 further outgoing transfers observed.,0.575014626551,"Single inflow of 74K KZT; 0 further outgoing transfers observed. Priority drivers: high case-money inflow (74K KZT), 1 seeds within 2 hops.",1
100000004797167100,4,False,1,31000,1,0,0,0,0,True,0,0,0.000548310913303,0,0,66.8576715624,0.00215669908266,peripheral,0.9,cut_off_hop4,Outgoing transfers not observed: graph cut off at hop 4.,0.238434889967,"Outgoing transfers not observed: graph cut off at hop 4. Priority drivers: high weighted network importance, high case-money inflow (67 KZT).",3
100000004798515100,4,False,1,200000,2,0,0,0,0,True,0,0,0.000361781484886,0,0,142.12214862,0.000710610743102,peripheral,0.9,cut_off_hop4,Outgoing transfers not observed: graph cut off at hop 4.,0.233646134214,"Outgoing transfers not observed: graph cut off at hop 4. Priority drivers: high weighted network importance, high case-money inflow (142 KZT).",10
100000004800452100,4,False,1,6544.53,1,0,0,0,0,True,0,0,0.000604105847796,0,0,9.19158023226,0.0014044675832,peripheral,0.9,cut_off_hop4,Outgoing transfers not observed: graph cut off at hop 4.,0.209847469261,"Outgoing transfers not observed: graph cut off at hop 4. Priority drivers: high weighted network importance, 0 seeds within 2 hops.",5
100000004800648100,4,False,1,131000,1,0,0,0,0,True,0,0,0.000334959736332,0,0,93.0900073464,0.000710610743102,peripheral,0.9,cut_off_hop4,Outgoing transfers not observed: graph cut off at hop 4.,0.215603650419,"Outgoing transfers not observed: graph cut off at hop 4. Priority drivers: high weighted network importance, high case-money inflow (93 KZT).",10
100000004806903100,2,False,1,18000,1,0,0,0,0,False,0,1,0.000530372558679,0,0,9010.75823436,0.500597679687,peripheral,0.9,one_off_recipient,Single inflow of 18K KZT; 0 further outgoing transfers observed.,0.569901092269,"Single inflow of 18K KZT; 0 further outgoing transfers observed. Priority drivers: high case-money inflow (9K KZT), 1 seeds within 2 hops.",2
100000004813068100,0,True,0,0,0,3,297000,5,,False,0,0,0.00028403728618,0,,0,1,peripheral,0.6,other,"Limited role evidence: 0 payers, 3 recipients, 0 KZT received in observed graph.",0.0845709468331,"Limited role evidence: 0 payers, 3 recipients, 0 KZT received in observed graph. Priority drivers: 0 seeds within 2 hops, strong bridge position.",22
100000004816564100,2,False,1,285480,1,1,5000,1,0.0175143617767,False,0,1,0.00037415910182,1.92202445845e-05,1,7913.59472686,0.0277203122,peripheral,0.6,other,"Limited role evidence: 1 payers, 1 recipients, 285K KZT received in observed graph.",0.613158828217,"Limited role evidence: 1 payers, 1 recipients, 285K KZT received in observed graph. Priority drivers: high case-money inflow (8K KZT), 1 seeds within 2 hops.",15
100000004820260100,2,False,1,234200,12,3,215350,10,0.91951323655,False,0,1,0.00140026241669,1.96165382873e-05,1,44738.0891312,0.191025145735,transit,0.798783091375,,Pass-through hypothesis: forwards 92% of 234K KZT received; 100% forwarded within 2 days.,0.825888764506,"Pass-through hypothesis: forwards 92% of 234K KZT received; 100% forwarded within 2 days. Priority drivers: high case-money inflow (45K KZT), 1 seeds within 2 hops.",15
100000004825069100,2,False,1,30000,4,0,0,0,0,False,0,1,0.000294149480838,0,0,515.55031091,0.0171850103637,peripheral,0.9,one_off_recipient,Single inflow of 30K KZT; 0 further outgoing transfers observed.,0.422576023513,"Single inflow of 30K KZT; 0 further outgoing transfers observed. Priority drivers: 1 seeds within 2 hops, high case-money inflow (516 KZT).",1
100000004840086100,4,False,1,100000,2,0,0,0,0,True,0,0,0.00053594188433,0,0,484.996054282,0.00484996054282,peripheral,0.9,cut_off_hop4,Outgoing transfers not observed: graph cut off at hop 4.,0.28342017128,"Outgoing transfers not observed: graph cut off at hop 4. Priority drivers: high case-money inflow (485 KZT), high weighted network importance.",0
100000004841728100,1,False,1,52208,1,0,0,0,0,False,1,1,0.000294912628875,0,0,52208,1,peripheral,0.9,one_off_recipient,Single inflow of 52K KZT; 0 further outgoing transfers observed.,0.55628803479,"Single inflow of 52K KZT; 0 further outgoing transfers observed. Priority drivers: high case-money inflow (52K KZT), 1 seeds within 2 hops.",1
100000004847758100,1,False,4,115171,4,15,488800,23,4.24412395482,False,1,1,0.000303066221619,0.00135858910069,0.257774140753,19047.0214145,0.0389669014209,distributor,0.75,,Fan-out hypothesis: sends 489K KZT to 15 recipients after receiving from 4 payers.,0.754167991118,"Fan-out hypothesis: sends 489K KZT to 15 recipients after receiving from 4 payers. Priority drivers: high case-money inflow (19K KZT), 1 seeds within 2 hops.",2
100000004848236100,4,False,1,7500,1,0,0,0,0,True,0,0,0.000307187005843,0,0,30.6717023201,0.00408956030934,peripheral,0.9,cut_off_hop4,Outgoing transfers not observed: graph cut off at hop 4.,0.182033988879,"Outgoing transfers not observed: graph cut off at hop 4. Priority drivers: high weighted network importance, 0 seeds within 2 hops.",0
100000004850609100,4,False,1,10000,1,0,0,0,0,True,0,0,0.000311316516494,0,0,1.69582687155,0.000169582687155,peripheral,0.9,cut_off_hop4,Outgoing transfers not observed: graph cut off at hop 4.,0.158912521709,"Outgoing transfers not observed: graph cut off at hop 4. Priority drivers: high weighted network importance, 0 seeds within 2 hops.",0
100000004856746100,4,False,1,20000,1,0,0,0,0,True,0,0,0.000298380359604,0,0,214.541881597,0.0107270940799,peripheral,0.9,cut_off_hop4,Outgoing transfers not observed: graph cut off at hop 4.,0.214200883582,"Outgoing transfers not observed: graph cut off at hop 4. Priority drivers: high case-money inflow (215 KZT), 0 seeds within 2 hops.",32
100000004877085100,3,False,1,25000,1,3,95600,9,3.824,False,0,0,0.00029322277695,5.76607337536e-05,0.707112970711,270.146729316,0.00282580260791,peripheral,0.6,other,"Limited role evidence: 1 payers, 3 recipients, 25K KZT received in observed graph.",0.385572001787,"Limited role evidence: 1 payers, 3 recipients, 25K KZT received in observed graph. Priority drivers: strong bridge position, high case-money inflow (270 KZT).",12
100000004889043100,3,False,2,272000,4,0,0,0,0,False,0,0,0.00029687077147,0,0,265.124061404,0.000974720813984,terminal,0.5,,Money stops here in the observed graph: receives 272K KZT from 2 payers; no outgoing transfers were traced.,0.372325183926,"Money stops here in the observed graph: receives 272K KZT from 2 payers; no outgoing transfers were traced. Priority drivers: high case-money inflow (265 KZT), terminal role signals.",0
100000004890713100,4,False,1,40485,1,0,0,0,0,True,0,0,0.000299076899076,0,0,95.5678313789,0.00236057382682,peripheral,0.9,cut_off_hop4,Outgoing transfers not observed: graph cut off at hop 4.,0.194175177707,"Outgoing transfers not observed: graph cut off at hop 4. Priority drivers: high case-money inflow (96 KZT), high weighted network importance.",7
100000004891562100,4,False,1,103400,1,0,0,0,0,True,0,0,0.000339006876904,0,0,5.00300295587,4.83849415461e-05,peripheral,0.9,cut_off_hop4,Outgoing transfers not observed: graph cut off at hop 4.,0.174391328183,"Outgoing transfers not observed: graph cut off at hop 4. Priority drivers: high weighted network importance, 0 seeds within 2 hops.",7
100000004892144100,3,False,2,4500000,7,1,180300,1,0.0400666666667,False,0,0,0.00295656033824,0,0,67252.5204746,0.0149450045499,terminal,1,,Possible holding point: receives 4.5M KZT from 2 payers; observed onward flow is 4%.,0.632148006873,"Possible holding point: receives 4.5M KZT from 2 payers; observed onward flow is 4%. Priority drivers: high case-money inflow (67K KZT), high weighted network importance.",22
100000004904960100,2,False,2,32000,2,0,0,0,0,False,0,1,0.000773055730288,0,0,7863.51344501,0.245734795157,terminal,0.5,,Money stops here in the observed graph: receives 32K KZT from 2 payers; no outgoing transfers were traced.,0.645415555279,"Money stops here in the observed graph: receives 32K KZT from 2 payers; no outgoing transfers were traced. Priority drivers: high case-money inflow (8K KZT), 1 seeds within 2 hops.",0
100000004905207100,2,False,1,380000,1,0,0,0,0,False,0,1,0.000431631026559,0,0,10419.0377651,0.0274185204346,terminal,0.633333333333,,Money stops here in the observed graph: receives 380K KZT from 1 payers; no outgoing transfers were traced.,0.624685010895,"Money stops here in the observed graph: receives 380K KZT from 1 payers; no outgoing transfers were traced. Priority drivers: high case-money inflow (10K KZT), 1 seeds within 2 hops.",14
100000004906181100,3,False,1,100000,1,7,2473417.91,33,24.7341791,False,0,0,0.000287251357016,0.000134541712092,0.642026563154,119.53593757,4.83282412918e-05,peripheral,0.6,other,"Limited role evidence: 1 payers, 7 recipients, 100K KZT received in observed graph.",0.333883844456,"Limited role evidence: 1 payers, 7 recipients, 100K KZT received in observed graph. Priority drivers: strong bridge position, high case-money inflow (120 KZT).",34
100000004908173100,4,False,1,21000,1,0,0,0,0,True,0,0,0.000319083520698,0,0,42.0089528545,0.0020004263264,peripheral,0.9,cut_off_hop4,Outgoing transfers not observed: graph cut off at hop 4.,0.19702908265,"Outgoing transfers not observed: graph cut off at hop 4. Priority drivers: high weighted network importance, high case-money inflow (42 KZT).",9
100000004911971100,4,False,1,35000,3,0,0,0,0,True,0,0,0.000287492314075,0,0,1.69148844216,4.83282412044e-05,peripheral,0.9,cut_off_hop4,Outgoing transfers not observed: graph cut off at hop 4.,0.119102966311,"Outgoing transfers not observed: graph cut off at hop 4. Priority drivers: 0 seeds within 2 hops, strong bridge position.",34
100000004917367100,3,False,2,120000,2,0,0,0,0,False,0,0,0.000292426020867,0,0,362.144269084,0.00301786890903,terminal,0.5,,Money stops here in the observed graph: receives 120K KZT from 2 payers; no outgoing transfers were traced.,0.373223507516,"Money stops here in the observed graph: receives 120K KZT from 2 payers; no outgoing transfers were traced. Priority drivers: high case-money inflow (362 KZT), terminal role signals.",5
100000004921657100,3,False,1,8300,1,1,22190,1,2.6734939759,False,0,0,0.000359208392656,0,1,6593.31351882,0.29712994677,peripheral,0.6,other,"Limited role evidence: 1 payers, 1 recipients, 8K KZT received in observed graph.",0.439367764464,"Limited role evidence: 1 payers, 1 recipients, 8K KZT received in observed graph. Priority drivers: high case-money inflow (7K KZT), high weighted network importance.",2
100000004931931100,3,False,1,23938,1,1,45000,1,1.87985629543,False,0,0,0.000290230841344,1.92202445845e-05,0,290.377911989,0.00645284248866,peripheral,0.6,other,"Limited role evidence: 1 payers, 1 recipients, 24K KZT received in observed graph.",0.361904630282,"Limited role evidence: 1 payers, 1 recipients, 24K KZT received in observed graph. Priority drivers: strong bridge position, high case-money inflow (290 KZT).",0
100000004948177100,1,False,3,437163,8,0,0,0,0,False,1,1,0.000419650560965,0,0,343503.492244,0.785756096111,terminal,0.75,,Money stops here in the observed graph: receives 437K KZT from 3 payers; no outgoing transfers were traced.,0.710854973718,"Money stops here in the observed graph: receives 437K KZT from 3 payers; no outgoing transfers were traced. Priority drivers: high case-money inflow (344K KZT), 1 seeds within 2 hops.",4
100000004950490100,2,False,1,10000,1,0,0,0,0,False,0,1,0.000328814375077,0,0,10000,1,peripheral,0.9,one_off_recipient,Single inflow of 10K KZT; 0 further outgoing transfers observed.,0.535902999479,"Single inflow of 10K KZT; 0 further outgoing transfers observed. Priority drivers: high case-money inflow (10K KZT), 1 seeds within 2 hops.",6
100000004959752100,3,False,1,22200,1,0,0,0,0,False,0,0,0.000779568199876,0,0,5755.27445623,0.259246597127,peripheral,0.9,one_off_recipient,Single inflow of 22K KZT; 0 further outgoing transfers observed.,0.478341187906,"Single inflow of 22K KZT; 0 further outgoing transfers observed. Priority drivers: high case-money inflow (6K KZT), high weighted network importance.",3
100000004962193100,2,False,8,900468,11,0,0,0,0,False,0,1,0.000653270801081,0,0,10578.0624556,0.0117472941355,consolidator,0.8,,"Signs of consolidation: receives from 8 payers (1 seeds within 2 hops), 900K KZT in, forwards 0%.",0.754181811481,"Signs of consolidation: receives from 8 payers (1 seeds within 2 hops), 900K KZT in, forwards 0%. Priority drivers: high case-money inflow (11K KZT), consolidator role signals.",0
100000004970752100,3,False,1,10000,1,0,0,0,0,False,0,0,0.000738015200863,0,0,6706.26547326,0.670626547326,peripheral,0.9,one_off_recipient,Single inflow of 10K KZT; 0 further outgoing transfers observed.,0.481934482266,"Single inflow of 10K KZT; 0 further outgoing transfers observed. Priority drivers: high case-money inflow (7K KZT), high weighted network importance.",0
100000004971871100,0,True,1,25400,3,1,5650,1,0.222440944882,False,0,1,0.000736953640442,0,1,3306.68202765,1,peripheral,0.6,other,"Limited role evidence: 1 payers, 1 recipients, 25K KZT received in observed graph.",0.337131169064,"Limited role evidence: 1 payers, 1 recipients, 25K KZT received in observed graph. Priority drivers: high case-money inflow (3K KZT), 1 seeds within 2 hops.",57
100000004975919100,3,False,1,22351,1,2,15000,2,0.671110912263,False,0,0,0.000288548966193,3.84404891691e-05,0,148.66775478,0.00665150350229,peripheral,0.6,other,"Limited role evidence: 1 payers, 2 recipients, 22K KZT received in observed graph.",0.340033905957,"Limited role evidence: 1 payers, 2 recipients, 22K KZT received in observed graph. Priority drivers: strong bridge position, high case-money inflow (149 KZT).",3
100000004976946100,4,False,1,246000,1,0,0,0,0,True,0,0,0.000317739491596,0,0,1.13370283262,4.6085481001e-06,peripheral,0.9,cut_off_hop4,Outgoing transfers not observed: graph cut off at hop 4.,0.162782223328,"Outgoing transfers not observed: graph cut off at hop 4. Priority drivers: high weighted network importance, 0 seeds within 2 hops.",38
100000004979264100,4,False,1,39800,1,0,0,0,0,True,0,0,0.000409045616522,0,0,36.3122741631,0.000912368697566,peripheral,0.9,cut_off_hop4,Outgoing transfers not observed: graph cut off at hop 4.,0.212604631664,"Outgoing transfers not observed: graph cut off at hop 4. Priority drivers: high weighted network importance, 0 seeds within 2 hops.",9
100000004979283100,3,False,1,40132,1,0,0,0,0,False,0,0,0.000298885845527,0,0,309.663441146,0.00771612282334,peripheral,0.9,one_off_recipient,Single inflow of 40K KZT; 0 further outgoing transfers observed.,0.321480068733,"Single inflow of 40K KZT; 0 further outgoing transfers observed. Priority drivers: high case-money inflow (310 KZT), high weighted network importance.",7
100000004979498100,2,False,1,700000,2,1,200000,1,0.285714285714,False,0,1,0.00131966499206,0,1,684055.840824,0.977222629749,peripheral,0.6,other,"Limited role evidence: 1 payers, 1 recipients, 700K KZT received in observed graph.",0.691243878731,"Limited role evidence: 1 payers, 1 recipients, 700K KZT received in observed graph. Priority drivers: high case-money inflow (684K KZT), 1 seeds within 2 hops.",51
100000004981068100,4,False,1,10000,1,0,0,0,0,True,0,0,0.00037667231924,0,0,108.399919327,0.0108399919327,peripheral,0.9,cut_off_hop4,Outgoing transfers not observed: graph cut off at hop 4.,0.22861552211,"Outgoing transfers not observed: graph cut off at hop 4. Priority drivers: high weighted network importance, high case-money inflow (108 KZT).",3
100000004984689100,3,False,1,53030,1,0,0,0,0,False,0,0,0.000294741701693,0,0,352.729230726,0.00665150350229,peripheral,0.9,one_off_recipient,Single inflow of 53K KZT; 0 further outgoing transfers observed.,0.316228330823,"Single inflow of 53K KZT; 0 further outgoing transfers observed. Priority drivers: high case-money inflow (353 KZT), 0 seeds within 2 hops.",3
100000004988240100,4,False,1,20000,1,0,0,0,0,True,0,0,0.000526798516892,0,0,16.9288516083,0.000846442580416,peripheral,0.9,cut_off_hop4,Outgoing transfers not observed: graph cut off at hop 4.,0.208686558776,"Outgoing transfers not observed: graph cut off at hop 4. Priority drivers: high weighted network importance, 0 seeds within 2 hops.",0
100000004991593100,4,False,1,45000,2,0,0,0,0,True,0,0,0.000352905086097,0,0,22.2585633576,0.00049463474128,peripheral,0.9,cut_off_hop4,Outgoing transfers not observed: graph cut off at hop 4.,0.195916543435,"Outgoing transfers not observed: graph cut off at hop 4. Priority drivers: high weighted network importance, 0 seeds within 2 hops.",3
100000004991812100,3,False,1,10000,1,0,0,0,0,False,0,0,0.000344537279613,0,0,352.642395927,0.0352642395927,peripheral,0.9,one_off_recipient,Single inflow of 10K KZT; 0 further outgoing transfers observed.,0.361904630282,"Single inflow of 10K KZT; 0 further outgoing transfers observed. Priority drivers: high case-money inflow (353 KZT), high weighted network importance.",21
100000004993576100,2,False,1,167000,1,0,0,0,0,False,0,1,0.000336756717355,0,0,4629.2921374,0.0277203122,peripheral,0.9,one_off_recipient,Single inflow of 167K KZT; 0 further outgoing transfers observed.,0.518765749455,"Single inflow of 167K KZT; 0 further outgoing transfers observed. Priority drivers: high case-money inflow (5K KZT), 1 seeds within 2 hops.",15
100000004997515100,3,False,4,395000,4,4,54500,4,0.137974683544,False,0,0,0.000354607644553,8.9562376827e-05,0,1498.93040632,0.00379476052232,terminal,1,,Possible holding point: receives 395K KZT from 4 payers; observed onward flow is 14%.,0.554339363618,"Possible holding point: receives 395K KZT from 4 payers; observed onward flow is 14%. Priority drivers: high case-money inflow (1K KZT), strong bridge position.",8
100000005008589100,3,False,1,42806.68,1,0,0,0,0,False,0,0,0.000301433187259,0,0,33.5109033685,0.000782842849959,peripheral,0.9,one_off_recipient,Single inflow of 43K KZT; 0 further outgoing transfers observed.,0.255349632148,"Single inflow of 43K KZT; 0 further outgoing transfers observed. Priority drivers: high weighted network importance, 0 seeds within 2 hops.",0
100000005010159100,4,False,1,7092,1,0,0,0,0,True,0,0,0.000610442982333,0,0,11.8523386542,0.00167122654459,peripheral,0.9,cut_off_hop4,Outgoing transfers not observed: graph cut off at hop 4.,0.214297626122,"Outgoing transfers not observed: graph cut off at hop 4. Priority drivers: high weighted network importance, 0 seeds within 2 hops.",3
100000005017150100,0,True,0,0,0,0,0,0,,False,0,0,0.00028403728618,0,,0,1,peripheral,0.9,isolated_seed,Known seed with 0 observed transfers in this graph.,0.0845709468331,"Known seed with 0 observed transfers in this graph. Priority drivers: 0 seeds within 2 hops, strong bridge position.",75
100000005022552100,3,False,1,241000,3,1,5000,1,0.0207468879668,False,0,0,0.000355745990026,0,0,2514.16961997,0.010432239087,peripheral,0.6,other,"Limited role evidence: 1 payers, 1 recipients, 241K KZT received in observed graph.",0.417116980159,"Limited role evidence: 1 payers, 1 recipients, 241K KZT received in observed graph. Priority drivers: high case-money inflow (3K KZT), high weighted network importance.",4
100000005022964100,2,False,1,20000,1,0,0,0,0,False,0,1,0.00032555357187,0,0,11475.4098361,0.573770491803,peripheral,0.9,one_off_recipient,Single inflow of 20K KZT; 0 further outgoing transfers observed.,0.538528868435,"Single inflow of 20K KZT; 0 further outgoing transfers observed. Priority drivers: high case-money inflow (11K KZT), 1 seeds within 2 hops.",2
100000005025629100,4,False,1,5227,1,0,0,0,0,True,0,0,0.000312429193796,0,0,14.9586152658,0.00286179744897,peripheral,0.9,cut_off_hop4,Outgoing transfers not observed: graph cut off at hop 4.,0.175262011047,"Outgoing transfers not observed: graph cut off at hop 4. Priority drivers: high weighted network importance, 0 seeds within 2 hops.",5
100000005030592100,2,False,1,10000,1,0,0,0,0,False,0,1,0.000287194138346,0,0,277.203122,0.0277203122,peripheral,0.9,one_off_recipient,Single inflow of 10K KZT; 0 further outgoing transfers observed.,0.370162297129,"Single inflow of 10K KZT; 0 further outgoing transfers observed. Priority drivers: 1 seeds within 2 hops, high case-money inflow (277 KZT).",15
100000005031696100,2,False,1,5000,1,2,115000,3,23,False,0,1,0.000536484716975,9.59030760714e-05,0.0434782608696,5000,0.0434782608696,peripheral,0.6,other,"Limited role evidence: 1 payers, 2 recipients, 5K KZT received in observed graph.",0.643425423018,"Limited role evidence: 1 payers, 2 recipients, 5K KZT received in observed graph. Priority drivers: high case-money inflow (5K KZT), 1 seeds within 2 hops.",48
100000005032294100,2,False,1,10000,1,0,0,0,0,False,0,1,0.000389896607848,0,0,3937.26071658,0.393726071658,peripheral,0.9,one_off_recipient,Single inflow of 10K KZT; 0 further outgoing transfers observed.,0.530271201588,"Single inflow of 10K KZT; 0 further outgoing transfers observed. Priority drivers: high case-money inflow (4K KZT), 1 seeds within 2 hops.",14
100000005034574100,1,False,1,258816,16,0,0,0,0,False,1,1,0.000422644578648,0,0,258816,1,peripheral,0.9,one_off_recipient,Single inflow of 259K KZT; 0 further outgoing transfers observed.,0.646880513749,"Single inflow of 259K KZT; 0 further outgoing transfers observed. Priority drivers: high case-money inflow (259K KZT), 1 seeds within 2 hops.",63
100000005037490100,3,False,1,15000,1,2,30000,3,2,False,0,0,0.000321394779637,1.94183914359e-05,0.466666666667,119.869236923,0.00399564123078,peripheral,0.6,other,"Limited role evidence: 1 payers, 2 recipients, 15K KZT received in observed graph.",0.383913558237,"Limited role evidence: 1 payers, 2 recipients, 15K KZT received in observed graph. Priority drivers: strong bridge position, high case-money inflow (120 KZT).",12
100000005041147100,4,False,1,10000,1,0,0,0,0,True,0,0,0.000530593190473,0,0,121.304165756,0.0121304165756,peripheral,0.9,cut_off_hop4,Outgoing transfers not observed: graph cut off at hop 4.,0.246948233527,"Outgoing transfers not observed: graph cut off at hop 4. Priority drivers: high weighted network importance, high case-money inflow (121 KZT).",0
100000005041905100,3,False,1,5000,1,1,1080351,5,216.0702,False,0,0,0.0002848119568,0,0,3.3225384095,3.07542494014e-06,peripheral,0.6,other,"Limited role evidence: 1 payers, 1 recipients, 5K KZT received in observed graph.",0.156810444509,"Limited role evidence: 1 payers, 1 recipients, 5K KZT received in observed graph. Priority drivers: 0 seeds within 2 hops, strong bridge position.",1
100000005042822100,4,False,1,1000000,1,0,0,0,0,True,0,0,0.000449859511027,0,0,344.270007209,0.000344270007209,peripheral,0.9,cut_off_hop4,Outgoing transfers not observed: graph cut off at hop 4.,0.266877196862,"Outgoing transfers not observed: graph cut off at hop 4. Priority drivers: high case-money inflow (344 KZT), high weighted network importance.",30
100000005048668100,3,False,2,16668,2,8,159400,11,9.5632349412,False,0,0,0.000286994177769,0.000654286968464,0.300501882058,78.84477778,0.000494634741406,peripheral,0.6,other,"Limited role evidence: 2 payers, 8 recipients, 17K KZT received in observed graph.",0.323553123172,"Limited role evidence: 2 payers, 8 recipients, 17K KZT received in observed graph. Priority drivers: strong bridge position, high case-money inflow (79 KZT).",3
100000005049404100,4,False,1,98000,2,0,0,0,0,True,0,0,0.000310923800466,0,0,54.7974364676,0.000559157514975,peripheral,0.9,cut_off_hop4,Outgoing transfers not observed: graph cut off at hop 4.,0.195529573273,"Outgoing transfers not observed: graph cut off at hop 4. Priority drivers: high weighted network importance, high case-money inflow (55 KZT).",5
100000005052998100,3,False,1,9500,1,1,28400,1,2.98947368421,False,0,0,0.000284568591048,4.33335300032e-06,0,8.04120451408,0.000283141004017,peripheral,0.6,other,"Limited role evidence: 1 payers, 1 recipients, 10K KZT received in observed graph.",0.227017888156,"Limited role evidence: 1 payers, 1 recipients, 10K KZT received in observed graph. Priority drivers: strong bridge position, 0 seeds within 2 hops.",0
100000005053653100,2,False,2,63073,2,1,25000,1,0.396366115454,False,0,1,0.000311871810372,1.92202445845e-05,0,1503.86072797,0.0238431773971,peripheral,0.6,other,"Limited role evidence: 2 payers, 1 recipients, 63K KZT received in observed graph.",0.548479529739,"Limited role evidence: 2 payers, 1 recipients, 63K KZT received in observed graph. Priority drivers: high case-money inflow (2K KZT), 1 seeds within 2 hops.",12
100000005055454100,3,False,1,6500,1,0,0,0,0,False,0,0,0.000502556268669,0,0,2209.94475138,0.339991500212,peripheral,0.9,one_off_recipient,Single inflow of 6K KZT; 0 further outgoing transfers observed.,0.43570536829,"Single inflow of 6K KZT; 0 further outgoing transfers observed. Priority drivers: high case-money inflow (2K KZT), high weighted network importance.",28
100000005056870100,1,False,1,20000,1,0,0,0,0,False,1,1,0.00030153962907,0,0,20000,1,peripheral,0.9,one_off_recipient,Single inflow of 20K KZT; 0 further outgoing transfers observed.,0.534140903207,"Single inflow of 20K KZT; 0 further outgoing transfers observed. Priority drivers: high case-money inflow (20K KZT), 1 seeds within 2 hops.",43
100000005059998100,2,False,1,18000,1,0,0,0,0,False,0,1,0.000294317561772,0,0,423.03172738,0.0235017626322,peripheral,0.9,one_off_recipient,Single inflow of 18K KZT; 0 further outgoing transfers observed.,0.417669794675,"Single inflow of 18K KZT; 0 further outgoing transfers observed. Priority drivers: 1 seeds within 2 hops, high case-money inflow (423 KZT).",0
100000005061890100,3,False,1,90000,1,0,0,0,0,False,0,0,0.00053145839953,0,0,636.172873336,0.00706858748151,peripheral,0.9,one_off_recipient,Single inflow of 90K KZT; 0 further outgoing transfers observed.,0.411174224102,"Single inflow of 90K KZT; 0 further outgoing transfers observed. Priority drivers: high case-money inflow (636 KZT), high weighted network importance.",2
100000005074393100,1,False,4,563026,5,6,685500,10,1.21752814257,False,1,2,0.00105267908967,0.000216970802269,0.0663749088257,201070.801653,0.293319914883,peripheral,0.6,other,"Limited role evidence: 4 payers, 6 recipients, 563K KZT received in observed graph.",0.814728821446,"Limited role evidence: 4 payers, 6 recipients, 563K KZT received in observed graph. Priority drivers: high case-money inflow (201K KZT), 2 seeds within 2 hops.",12
100000005075949100,4,False,1,2226000,7,0,0,0,0,True,0,0,0.000762759832308,0,0,7711.20342741,0.00346415248311,peripheral,0.9,cut_off_hop4,Outgoing transfers not observed: graph cut off at hop 4.,0.341078725394,"Outgoing transfers not observed: graph cut off at hop 4. Priority drivers: high case-money inflow (8K KZT), high weighted network importance.",44
100000005077484100,2,False,1,150000,1,2,13550,2,0.0903333333333,False,0,1,0.00053591533218,3.96293702774e-07,0.520295202952,50998.7250319,0.339991500212,peripheral,0.6,other,"Limited role evidence: 1 payers, 2 recipients, 150K KZT received in observed graph.",0.691416633267,"Limited role evidence: 1 payers, 2 recipients, 150K KZT received in observed graph. Priority drivers: high case-money inflow (51K KZT), 1 seeds within 2 hops.",28
100000005079473100,4,False,1,39312,1,0,0,0,0,True,0,0,0.000324204338092,0,0,17.7130417035,0.000450575948908,peripheral,0.9,cut_off_hop4,Outgoing transfers not observed: graph cut off at hop 4.,0.185081378904,"Outgoing transfers not observed: graph cut off at hop 4. Priority drivers: high weighted network importance, 0 seeds within 2 hops.",3
100000005079754100,1,False,1,70000,1,2,122000,2,1.74285714286,False,1,2,0.000297940402994,9.51104886658e-05,0.16393442623,70000,0.573770491803,peripheral,0.6,other,"Limited role evidence: 1 payers, 2 recipients, 70K KZT received in observed graph.",0.699881605558,"Limited role evidence: 1 payers, 2 recipients, 70K KZT received in observed graph. Priority drivers: high case-money inflow (70K KZT), 2 seeds within 2 hops.",2
100000005082652100,3,False,1,30000,1,0,0,0,0,False,0,0,0.000405551057898,0,0,16216.2017262,0.54054005754,peripheral,0.9,one_off_recipient,Single inflow of 30K KZT; 0 further outgoing transfers observed.,0.476613642541,"Single inflow of 30K KZT; 0 further outgoing transfers observed. Priority drivers: high case-money inflow (16K KZT), high weighted network importance.",6
100000005087431100,0,True,0,0,0,0,0,0,,False,0,0,0.00028403728618,0,,0,1,peripheral,0.9,isolated_seed,Known seed with 0 observed transfers in this graph.,0.0845709468331,"Known seed with 0 observed transfers in this graph. Priority drivers: 0 seeds within 2 hops, strong bridge position.",76
100000005087923100,4,False,1,20000,1,0,0,0,0,True,0,0,0.000457725370299,0,0,1565.04065041,0.0782520325203,peripheral,0.9,cut_off_hop4,Outgoing transfers not observed: graph cut off at hop 4.,0.296722270593,"Outgoing transfers not observed: graph cut off at hop 4. Priority drivers: high case-money inflow (2K KZT), high weighted network importance.",26
100000005089460100,3,False,1,12300,1,0,0,0,0,False,0,0,0.000285942975905,0,0,8.17344448738,0.0006645076819,peripheral,0.9,one_off_recipient,Single inflow of 12K KZT; 0 further outgoing transfers observed.,0.170147094729,"Single inflow of 12K KZT; 0 further outgoing transfers observed. Priority drivers: 0 seeds within 2 hops, strong bridge position.",1
100000005092518100,1,False,1,26144,1,0,0,0,0,False,1,1,0.000289483289846,0,0,26144,1,peripheral,0.9,one_off_recipient,Single inflow of 26K KZT; 0 further outgoing transfers observed.,0.512442933418,"Single inflow of 26K KZT; 0 further outgoing transfers observed. Priority drivers: high case-money inflow (26K KZT), 1 seeds within 2 hops.",1
100000005093521100,1,False,1,15200,1,0,0,0,0,False,1,2,0.000287056248688,0,0,15200,1,peripheral,0.9,one_off_recipient,Single inflow of 15K KZT; 0 further outgoing transfers observed.,0.518696647641,"Single inflow of 15K KZT; 0 further outgoing transfers observed. Priority drivers: high case-money inflow (15K KZT), 2 seeds within 2 hops.",2
100000005100475100,3,False,1,40000,1,0,0,0,0,False,0,0,0.000335875644613,0,0,1515.82989581,0.0378957473954,peripheral,0.9,one_off_recipient,Single inflow of 40K KZT; 0 further outgoing transfers observed.,0.399496017432,"Single inflow of 40K KZT; 0 further outgoing transfers observed. Priority drivers: high case-money inflow (2K KZT), high weighted network importance.",6
100000005105153100,2,False,1,30000,1,0,0,0,0,False,0,1,0.000399911720192,0,0,2899.53531103,0.0966511770343,peripheral,0.9,one_off_recipient,Single inflow of 30K KZT; 0 further outgoing transfers observed.,0.526159643619,"Single inflow of 30K KZT; 0 further outgoing transfers observed. Priority drivers: high case-money inflow (3K KZT), 1 seeds within 2 hops.",0
100000005124479100,1,False,2,137753,2,2,22000,2,0.159706140701,False,1,2,0.000301558948699,4.75552443329e-05,0,49237.3894404,0.357432429351,terminal,0.5,,Possible holding point: receives 138K KZT from 2 payers; observed onward flow is 16%.,0.755494745959,"Possible holding point: receives 138K KZT from 2 payers; observed onward flow is 16%. Priority drivers: high case-money inflow (49K KZT), 2 seeds within 2 hops.",0
100000005127767100,3,False,1,7000,1,0,0,0,0,False,0,0,0.000420006882684,0,0,1524.88107075,0.217840152964,peripheral,0.9,one_off_recipient,Single inflow of 7K KZT; 0 further outgoing transfers observed.,0.419224585504,"Single inflow of 7K KZT; 0 further outgoing transfers observed. Priority drivers: high case-money inflow (2K KZT), high weighted network importance.",36
100000005133757100,1,False,2,65000,2,0,0,0,0,False,1,2,0.000297770009304,0,0,25066.8490674,0.385643831805,terminal,0.5,,Money stops here in the observed graph: receives 65K KZT from 2 payers; no outgoing transfers were traced.,0.640578428256,"Money stops here in the observed graph: receives 65K KZT from 2 payers; no outgoing transfers were traced. Priority drivers: high case-money inflow (25K KZT), 2 seeds within 2 hops.",3
100000005140601100,2,False,3,52685,4,2,195300,5,3.70693745848,False,0,1,0.00283692994999,1.96165382873e-05,0.974398361495,12405.8729711,0.0635221350286,peripheral,0.6,other,"Limited role evidence: 3 payers, 2 recipients, 53K KZT received in observed graph.",0.680498546558,"Limited role evidence: 3 payers, 2 recipients, 53K KZT received in observed graph. Priority drivers: high case-money inflow (12K KZT), 1 seeds within 2 hops.",3
100000005142492100,3,False,1,10000,1,1,57000,1,5.7,False,0,0,0.00200813983995,0,1,1224.2979037,0.0214789105913,peripheral,0.6,other,"Limited role evidence: 1 payers, 1 recipients, 10K KZT received in observed graph.",0.454639265494,"Limited role evidence: 1 payers, 1 recipients, 10K KZT received in observed graph. Priority drivers: high case-money inflow (1K KZT), high weighted network importance.",6
100000005142589100,2,False,1,50000,2,0,0,0,0,False,0,1,0.000308673642144,0,0,4517.95844478,0.0903591688956,peripheral,0.9,one_off_recipient,Single inflow of 50K KZT; 0 further outgoing transfers observed.,0.498449815959,"Single inflow of 50K KZT; 0 further outgoing transfers observed. Priority drivers: high case-money inflow (5K KZT), 1 seeds within 2 hops.",0
100000005146665100,4,False,1,5500,1,0,0,0,0,True,0,0,0.000284916087987,0,0,0.215395125502,3.91627500912e-05,peripheral,0.9,cut_off_hop4,Outgoing transfers not observed: graph cut off at hop 4.,0.103672531107,"Outgoing transfers not observed: graph cut off at hop 4. Priority drivers: 0 seeds within 2 hops, strong bridge position.",56
100000005168487100,2,False,1,15000,1,1,103510,14,6.90066666667,False,0,1,0.00190513132187,0,0.173992850932,3303.67368359,0.0319164687816,peripheral,0.6,other,"Limited role evidence: 1 payers, 1 recipients, 15K KZT received in observed graph.",0.571214026747,"Limited role evidence: 1 payers, 1 recipients, 15K KZT received in observed graph. Priority drivers: high case-money inflow (3K KZT), 1 seeds within 2 hops.",11
100000005171642100,3,False,2,696800,5,1,683600,4,0.981056257176,False,0,0,0.00291619268352,3.96293702774e-07,0.962551199532,44504.1096948,0.0638692733852,transit,0.952640642939,,Pass-through hypothesis: forwards 98% of 697K KZT received; 96% forwarded within 2 days.,0.719333766371,"Pass-through hypothesis: forwards 98% of 697K KZT received; 96% forwarded within 2 days. Priority drivers: high case-money inflow (45K KZT), high weighted network importance.",26
100000005172860100,3,False,1,15209.2,1,0,0,0,0,False,0,0,0.000290218044386,0,0,11.9064134736,0.000782842849959,peripheral,0.9,one_off_recipient,Single inflow of 15K KZT; 0 further outgoing transfers observed.,0.203315965744,"Single inflow of 15K KZT; 0 further outgoing transfers observed. Priority drivers: 0 seeds within 2 hops, strong bridge position.",0
100000005175148100,2,False,2,79000,4,1,15000,1,0.189873417722,False,0,1,0.000716860249225,0,1,15079.4728186,0.190879402768,terminal,0.5,,Possible holding point: receives 79K KZT from 2 payers; observed onward flow is 19%.,0.663312925264,"Possible holding point: receives 79K KZT from 2 payers; observed onward flow is 19%. Priority drivers: high case-money inflow (15K KZT), 1 seeds within 2 hops.",15
100000005182219100,3,False,2,55000,2,0,0,0,0,False,0,0,0.000352093808499,0,0,548.696419692,0.00997629853986,terminal,0.5,,Money stops here in the observed graph: receives 55K KZT from 2 payers; no outgoing transfers were traced.,0.441012387652,"Money stops here in the observed graph: receives 55K KZT from 2 payers; no outgoing transfers were traced. Priority drivers: high case-money inflow (549 KZT), high weighted network importance.",5
100000005183943100,1,False,1,680900,9,0,0,0,0,False,1,1,0.000606450120235,0,0,680900,1,terminal,1,,Money stops here in the observed graph: receives 681K KZT from 1 payers; no outgoing transfers were traced.,0.740568754002,"Money stops here in the observed graph: receives 681K KZT from 1 payers; no outgoing transfers were traced. Priority drivers: high case-money inflow (681K KZT), 1 seeds within 2 hops.",41
100000005186109100,3,False,1,5000,1,0,0,0,0,False,0,0,0.000602072522953,0,0,138.601561,0.0277203122,peripheral,0.9,one_off_recipient,Single inflow of 5K KZT; 0 further outgoing transfers observed.,0.368469302671,"Single inflow of 5K KZT; 0 further outgoing transfers observed. Priority drivers: high weighted network importance, high case-money inflow (139 KZT).",15
100000005186131100,3,False,1,10000,1,1,10000,1,1,False,0,0,0.000284596554462,1.92202445845e-05,1,8.4644258043,0.00084644258043,transit,1,,Pass-through hypothesis: forwards 100% of 10K KZT received; 100% forwarded within 2 days.,0.336958875207,"Pass-through hypothesis: forwards 100% of 10K KZT received; 100% forwarded within 2 days. Priority drivers: strong bridge position, transit role signals.",0
100000005187208100,3,False,1,14160,1,0,0,0,0,False,0,0,0.000310254629762,0,0,85.6680303322,0.00605000214211,peripheral,0.9,one_off_recipient,Single inflow of 14K KZT; 0 further outgoing transfers observed.,0.290107844899,"Single inflow of 14K KZT; 0 further outgoing transfers observed. Priority drivers: high case-money inflow (86 KZT), high weighted network importance.",5
100000005189258100,4,False,1,50000,1,0,0,0,0,True,0,0,0.000314205909751,0,0,129.494461652,0.00258988923303,peripheral,0.9,cut_off_hop4,Outgoing transfers not observed: graph cut off at hop 4.,0.216522704553,"Outgoing transfers not observed: graph cut off at hop 4. Priority drivers: high case-money inflow (129 KZT), high weighted network importance.",5
100000005198498100,3,False,1,28800,1,0,0,0,0,False,0,0,0.000288499388952,0,0,19.1378212387,0.0006645076819,peripheral,0.9,one_off_recipient,Single inflow of 29K KZT; 0 further outgoing transfers observed.,0.205458121997,"Single inflow of 29K KZT; 0 further outgoing transfers observed. Priority drivers: 0 seeds within 2 hops, strong bridge position.",1
100000005198906100,3,False,1,227970,1,1,60000,1,0.263192525332,False,0,0,0.000291364403464,1.92202445845e-05,0,272.506076878,0.0011953593757,peripheral,0.6,other,"Limited role evidence: 1 payers, 1 recipients, 228K KZT received in observed graph.",0.364254091979,"Limited role evidence: 1 payers, 1 recipients, 228K KZT received in observed graph. Priority drivers: strong bridge position, high case-money inflow (273 KZT).",5
100000005203590100,2,False,1,90000,1,0,0,0,0,False,0,1,0.000300980259637,0,0,21600.5760154,0.240006400171,peripheral,0.9,one_off_recipient,Single inflow of 90K KZT; 0 further outgoing transfers observed.,0.536732221255,"Single inflow of 90K KZT; 0 further outgoing transfers observed. Priority drivers: high case-money inflow (22K KZT), 1 seeds within 2 hops.",6
100000005205745100,2,False,1,6000,1,0,0,0,0,False,0,1,0.000310546892372,0,0,2087.17854361,0.347863090602,peripheral,0.9,one_off_recipient,Single inflow of 6K KZT; 0 further outgoing transfers observed.,0.484767656665,"Single inflow of 6K KZT; 0 further outgoing transfers observed. Priority drivers: high case-money inflow (2K KZT), 1 seeds within 2 hops.",6
100000005209352100,4,False,1,5000,1,0,0,0,0,True,0,0,0.000417825148796,0,0,60.6520828781,0.0121304165756,peripheral,0.9,cut_off_hop4,Outgoing transfers not observed: graph cut off at hop 4.,0.221819358643,"Outgoing transfers not observed: graph cut off at hop 4. Priority drivers: high weighted network importance, high case-money inflow (61 KZT).",0
100000005222360100,3,False,1,5000,1,1,27000,1,5.4,False,0,0,0.000600668947796,0.00190871270793,0,441.413326245,0.0163486417128,peripheral,0.6,other,"Limited role evidence: 1 payers, 1 recipients, 5K KZT received in observed graph.",0.507502153673,"Limited role evidence: 1 payers, 1 recipients, 5K KZT received in observed graph. Priority drivers: strong bridge position, high weighted network importance.",14
100000005226217100,4,False,1,17500,1,0,0,0,0,True,0,0,0.000380822400241,0,0,66.4083063804,0.00379476036459,peripheral,0.9,cut_off_hop4,Outgoing transfers not observed: graph cut off at hop 4.,0.219570094577,"Outgoing transfers not observed: graph cut off at hop 4. Priority drivers: high weighted network importance, high case-money inflow (66 KZT).",8
100000005228059100,1,False,1,26000,1,0,0,0,0,False,1,1,0.000289453293498,0,0,26000,1,peripheral,0.9,one_off_recipient,Single inflow of 26K KZT; 0 further outgoing transfers observed.,0.511510058921,"Single inflow of 26K KZT; 0 further outgoing transfers observed. Priority drivers: high case-money inflow (26K KZT), 1 seeds within 2 hops.",1
100000005233755100,3,False,1,25000,1,1,5000,1,0.2,False,0,0,0.000290033784471,1.92202445845e-05,1,93.9957251853,0.00375982900741,peripheral,0.6,other,"Limited role evidence: 1 payers, 1 recipients, 25K KZT received in observed graph.",0.319476116109,"Limited role evidence: 1 payers, 1 recipients, 25K KZT received in observed graph. Priority drivers: strong bridge position, high case-money inflow (94 KZT).",16
100000005235389100,0,True,0,0,0,0,0,0,,False,0,0,0.00028403728618,0,,0,1,peripheral,0.9,isolated_seed,Known seed with 0 observed transfers in this graph.,0.0845709468331,"Known seed with 0 observed transfers in this graph. Priority drivers: 0 seeds within 2 hops, strong bridge position.",77
100000005237935150,2,False,1,34508,1,0,0,0,0,False,0,1,0.000296364299985,0,0,502.585830233,0.0145643279887,peripheral,0.9,one_off_recipient,Single inflow of 35K KZT; 0 further outgoing transfers observed.,0.426998539648,"Single inflow of 35K KZT; 0 further outgoing transfers observed. Priority drivers: 1 seeds within 2 hops, high case-money inflow (503 KZT).",13
100000005241556100,3,False,1,100000,1,0,0,0,0,False,0,0,0.000545788180008,0,0,6362.44106188,0.0636244106188,peripheral,0.9,one_off_recipient,Single inflow of 100K KZT; 0 further outgoing transfers observed.,0.468943341119,"Single inflow of 100K KZT; 0 further outgoing transfers observed. Priority drivers: high case-money inflow (6K KZT), high weighted network importance.",17
100000005242320100,2,False,2,365700,2,21,8936295,29,24.4361361772,False,0,1,0.000497182256857,2.97220277081e-05,0.192701785248,2866.26597012,0.000320744331976,distributor,1,,Fan-out hypothesis: sends 8.9M KZT to 21 recipients after receiving from 2 payers.,0.738896490088,"Fan-out hypothesis: sends 8.9M KZT to 21 recipients after receiving from 2 payers. Priority drivers: high case-money inflow (3K KZT), 1 seeds within 2 hops.",13
100000005264874100,3,False,1,30000,1,2,78000,3,2.6,False,0,0,0.000425698218641,7.92587405548e-07,0,7578.0346793,0.0971542907602,peripheral,0.6,other,"Limited role evidence: 1 payers, 2 recipients, 30K KZT received in observed graph.",0.515932575056,"Limited role evidence: 1 payers, 2 recipients, 30K KZT received in observed graph. Priority drivers: high case-money inflow (8K KZT), strong bridge position.",35
100000005264990100,0,True,1,17070,1,2,122000,2,7.14704159344,False,0,0,0.000361890405127,7.76537510586e-05,0,2736.90186482,1,peripheral,0.6,other,"Limited role evidence: 1 payers, 2 recipients, 17K KZT received in observed graph.",0.304459831115,"Limited role evidence: 1 payers, 2 recipients, 17K KZT received in observed graph. Priority drivers: high case-money inflow (3K KZT), strong bridge position.",19
100000005265073100,3,False,1,5000,1,1,9000,1,1.8,False,0,0,0.000297501624905,2.1003566247e-05,0,422.100856408,0.0469000951565,peripheral,0.6,other,"Limited role evidence: 1 payers, 1 recipients, 5K KZT received in observed graph.",0.403745779031,"Limited role evidence: 1 payers, 1 recipients, 5K KZT received in observed graph. Priority drivers: high case-money inflow (422 KZT), strong bridge position.",19
100000005268319100,3,False,1,19712.8,2,5,91000,10,4.6162899233,False,0,0,0.000292048230238,4.04738771572e-05,0.263736263736,15.4320245327,0.000169582687172,peripheral,0.6,other,"Limited role evidence: 1 payers, 5 recipients, 20K KZT received in observed graph.",0.296534313658,"Limited role evidence: 1 payers, 5 recipients, 20K KZT received in observed graph. Priority drivers: strong bridge position, 0 seeds within 2 hops.",0
100000005272139100,4,False,1,165000,1,0,0,0,0,True,0,0,0.000750571885771,0,0,3188.84265411,0.0193263191158,peripheral,0.9,cut_off_hop4,Outgoing transfers not observed: graph cut off at hop 4.,0.325793404001,"Outgoing transfers not observed: graph cut off at hop 4. Priority drivers: high case-money inflow (3K KZT), high weighted network importance.",4
100000005287097100,1,False,2,127173,5,9,697300,42,5.48308210076,False,1,2,0.000301056722831,0.000783220817836,0.244227735551,111178.999136,0.159442132706,peripheral,0.6,other,"Limited role evidence: 2 payers, 9 recipients, 127K KZT received in observed graph.",0.724965564262,"Limited role evidence: 2 payers, 9 recipients, 127K KZT received in observed graph. Priority drivers: high case-money inflow (111K KZT), 2 seeds within 2 hops.",4
100000005293969100,4,False,1,5466.97,1,0,0,0,0,True,0,0,0.000527355831469,0,0,4.27620078318,0.000782188448661,peripheral,0.9,cut_off_hop4,Outgoing transfers not observed: graph cut off at hop 4.,0.194658890409,"Outgoing transfers not observed: graph cut off at hop 4. Priority drivers: high weighted network importance, 0 seeds within 2 hops.",0
100000005308954100,3,False,1,69020,1,1,30000,1,0.434656621269,False,0,0,0.000357369029703,1.98146851387e-05,0,2256.15147709,0.0326883726035,peripheral,0.6,other,"Limited role evidence: 1 payers, 1 recipients, 69K KZT received in observed graph.",0.488844663728,"Limited role evidence: 1 payers, 1 recipients, 69K KZT received in observed graph. Priority drivers: high case-money inflow (2K KZT), strong bridge position.",4
100000005314565100,3,False,1,218500,3,0,0,0,0,False,0,0,0.000372831941262,0,0,171.051162716,0.000782842849959,peripheral,0.9,one_off_recipient,Single inflow of 218K KZT; 0 further outgoing transfers observed.,0.342832529449,"Single inflow of 218K KZT; 0 further outgoing transfers observed. Priority drivers: high weighted network importance, high case-money inflow (171 KZT).",0
100000005316708100,1,False,1,90000,1,2,257500,4,2.86111111111,False,1,1,0.000296079541269,1.18888110832e-06,0,90000,0.349514563107,peripheral,0.6,other,"Limited role evidence: 1 payers, 2 recipients, 90K KZT received in observed graph.",0.631954521792,"Limited role evidence: 1 payers, 2 recipients, 90K KZT received in observed graph. Priority drivers: high case-money inflow (90K KZT), 1 seeds within 2 hops.",6
100000005317181100,3,False,1,141250,1,1,14500,1,0.102654867257,False,0,0,0.000320583349633,1.92202445845e-05,0,1713.42134132,0.0121304165757,peripheral,0.6,other,"Limited role evidence: 1 payers, 1 recipients, 141K KZT received in observed graph.",0.464106214096,"Limited role evidence: 1 payers, 1 recipients, 141K KZT received in observed graph. Priority drivers: high case-money inflow (2K KZT), strong bridge position.",0
100000005326681100,2,False,1,31228,1,0,0,0,0,False,0,1,0.000293895504124,0,0,865.649909383,0.0277203122,peripheral,0.9,one_off_recipient,Single inflow of 31K KZT; 0 further outgoing transfers observed.,0.436327284621,"Single inflow of 31K KZT; 0 further outgoing transfers observed. Priority drivers: high case-money inflow (866 KZT), 1 seeds within 2 hops.",15
100000005328215100,2,False,1,27000,1,0,0,0,0,False,0,1,0.000296808651768,0,0,629.492019016,0.0233145192228,peripheral,0.9,one_off_recipient,Single inflow of 27K KZT; 0 further outgoing transfers observed.,0.433632313851,"Single inflow of 27K KZT; 0 further outgoing transfers observed. Priority drivers: 1 seeds within 2 hops, high case-money inflow (629 KZT).",7
100000005339662100,1,False,4,202939,9,4,295160,15,1.45442719241,False,1,2,0.00165502089166,0.000139624694758,0.766906084835,56412.6165686,0.191125547393,peripheral,0.6,other,"Limited role evidence: 4 payers, 4 recipients, 203K KZT received in observed graph.",0.79247803714,"Limited role evidence: 4 payers, 4 recipients, 203K KZT received in observed graph. Priority drivers: high case-money inflow (56K KZT), 2 seeds within 2 hops.",15
100000005342513100,3,False,1,235000,2,1,30000,1,0.127659574468,False,0,0,0.00113669978825,0,1,320.497087857,0.00136381739514,peripheral,0.6,other,"Limited role evidence: 1 payers, 1 recipients, 235K KZT received in observed graph.",0.411796140433,"Limited role evidence: 1 payers, 1 recipients, 235K KZT received in observed graph. Priority drivers: high weighted network importance, high case-money inflow (320 KZT).",1
100000005357034100,3,False,1,9754,1,0,0,0,0,False,0,0,0.000284582796462,0,0,8.25620092951,0.00084644258043,peripheral,0.9,one_off_recipient,Single inflow of 10K KZT; 0 further outgoing transfers observed.,0.163927931414,"Single inflow of 10K KZT; 0 further outgoing transfers observed. Priority drivers: 0 seeds within 2 hops, strong bridge position.",0
100000005357705100,3,False,1,52595,1,4,387080,5,7.35963494629,False,0,0,0.0002946538944,7.68809783382e-05,0.272463056732,349.835826703,0.00090378171619,peripheral,0.6,other,"Limited role evidence: 1 payers, 4 recipients, 53K KZT received in observed graph.",0.401810928222,"Limited role evidence: 1 payers, 4 recipients, 53K KZT received in observed graph. Priority drivers: strong bridge position, high case-money inflow (350 KZT).",3
100000005360814100,4,False,1,144000,3,0,0,0,0,True,0,0,0.000431169344467,0,0,64.8829366428,0.000450575948908,peripheral,0.9,cut_off_hop4,Outgoing transfers not observed: graph cut off at hop 4.,0.224842563032,"Outgoing transfers not observed: graph cut off at hop 4. Priority drivers: high weighted network importance, high case-money inflow (65 KZT).",3
100000005362848100,3,False,1,29000,1,0,0,0,0,False,0,0,0.000294767083376,0,0,223.767561877,0.00771612282334,peripheral,0.9,one_off_recipient,Single inflow of 29K KZT; 0 further outgoing transfers observed.,0.299229284428,"Single inflow of 29K KZT; 0 further outgoing transfers observed. Priority drivers: high case-money inflow (224 KZT), 0 seeds within 2 hops.",7
100000005363908100,1,False,1,19500,1,1,19500,1,1,False,1,1,0.000336639722174,0,1,19500,1,transit,1,,Pass-through hypothesis: forwards 100% of 20K KZT received; 100% forwarded within 2 days.,0.664155967402,"Pass-through hypothesis: forwards 100% of 20K KZT received; 100% forwarded within 2 days. Priority drivers: high case-money inflow (20K KZT), 1 seeds within 2 hops.",46
100000005367180100,4,False,1,7700,1,0,0,0,0,True,0,0,0.000777499564258,0,0,64.8508033218,0.00842218224959,peripheral,0.9,cut_off_hop4,Outgoing transfers not observed: graph cut off at hop 4.,0.24549709542,"Outgoing transfers not observed: graph cut off at hop 4. Priority drivers: high weighted network importance, high case-money inflow (65 KZT).",3
100000005367284100,3,False,1,13700,1,2,48300,5,3.52554744526,False,0,0,0.000287581930918,3.84404891691e-05,0.28364389234,166.186707087,0.00344071857324,peripheral,0.6,other,"Limited role evidence: 1 payers, 2 recipients, 14K KZT received in observed graph.",0.336993426114,"Limited role evidence: 1 payers, 2 recipients, 14K KZT received in observed graph. Priority drivers: strong bridge position, high case-money inflow (166 KZT).",0
100000005367445100,3,False,1,5000,1,1,5000,1,1,False,0,0,0.00193792702085,0,1,312.418308056,0.0624836616112,transit,1,,Pass-through hypothesis: forwards 100% of 5K KZT received; 100% forwarded within 2 days.,0.518005629494,"Pass-through hypothesis: forwards 100% of 5K KZT received; 100% forwarded within 2 days. Priority drivers: high weighted network importance, high case-money inflow (312 KZT).",9
100000005370558100,4,False,1,5000,1,0,0,0,0,True,0,0,0.000297676901337,0,0,0.847913435774,0.000169582687155,peripheral,0.9,cut_off_hop4,Outgoing transfers not observed: graph cut off at hop 4.,0.143240230155,"Outgoing transfers not observed: graph cut off at hop 4. Priority drivers: 0 seeds within 2 hops, strong bridge position.",0
100000005370580100,0,True,1,24075,1,0,0,0,0,False,0,0,0.000343996063179,0,0,192.390125262,1,peripheral,0.9,one_off_recipient,Single inflow of 24K KZT; 0 further outgoing transfers observed.,0.203460618876,"Single inflow of 24K KZT; 0 further outgoing transfers observed. Priority drivers: high case-money inflow (192 KZT), high weighted network importance.",12
100000005375968100,3,False,1,170082,1,2,86000,4,0.505638456744,False,0,0,0.000293549432977,3.84404891691e-05,0.348837209302,143.964646965,0.00084644258043,peripheral,0.6,other,"Limited role evidence: 1 payers, 2 recipients, 170K KZT received in observed graph.",0.359451515863,"Limited role evidence: 1 payers, 2 recipients, 170K KZT received in observed graph. Priority drivers: strong bridge position, high case-money inflow (144 KZT).",0
100000005382566100,0,True,7,393066,11,1,50000,1,0.127205100416,False,6,7,0.00209776099756,4.63663632246e-05,1,339962.369934,1,consolidator,0.7,,"Signs of consolidation: seed receives from 7 payers, 393K KZT observed in and 50K KZT observed out.",0.594250729024,"Signs of consolidation: seed receives from 7 payers, 393K KZT observed in and 50K KZT observed out. Priority drivers: high case-money inflow (340K KZT), 7 seeds within 2 hops.",19
100000005386383100,0,True,2,37500,2,1,29000,1,0.773333333333,False,0,0,0.000521220350201,2.85232392572e-05,0,504.810097883,1,peripheral,0.6,other,"Limited role evidence: 2 payers, 1 recipients, 38K KZT received in observed graph.",0.286921790566,"Limited role evidence: 2 payers, 1 recipients, 38K KZT received in observed graph. Priority drivers: high case-money inflow (505 KZT), strong bridge position.",19
100000005392290100,0,True,0,0,0,1,81465,1,,False,0,0,0.00028403728618,0,,0,1,peripheral,0.6,other,"Limited role evidence: 0 payers, 1 recipients, 0 KZT received in observed graph.",0.0845709468331,"Limited role evidence: 0 payers, 1 recipients, 0 KZT received in observed graph. Priority drivers: 0 seeds within 2 hops, strong bridge position.",67
100000005394708100,1,False,1,26000,1,1,65000,1,2.5,False,1,1,0.000343256380789,1.98146851387e-07,1,26000,0.4,peripheral,0.6,other,"Limited role evidence: 1 payers, 1 recipients, 26K KZT received in observed graph.",0.633198354455,"Limited role evidence: 1 payers, 1 recipients, 26K KZT received in observed graph. Priority drivers: high case-money inflow (26K KZT), 1 seeds within 2 hops.",19
100000005395727100,0,True,1,17000,1,0,0,0,0,False,0,0,0.000369107381944,0,0,308.19443104,1,peripheral,0.9,one_off_recipient,Single inflow of 17K KZT; 0 further outgoing transfers observed.,0.218635377365,"Single inflow of 17K KZT; 0 further outgoing transfers observed. Priority drivers: high case-money inflow (308 KZT), high weighted network importance.",15
100000005402643100,2,False,1,127800,1,1,90000,1,0.704225352113,False,0,1,0.00029598287691,3.96293702774e-07,0,14577.9400757,0.114068388699,peripheral,0.6,other,"Limited role evidence: 1 payers, 1 recipients, 128K KZT received in observed graph.",0.569590134104,"Limited role evidence: 1 payers, 1 recipients, 128K KZT received in observed graph. Priority drivers: high case-money inflow (15K KZT), 1 seeds within 2 hops.",8
100000005409156100,3,False,2,260080,2,0,0,0,0,False,0,0,0.000421425921364,0,0,655.180331425,0.0025191492288,terminal,0.5,,Money stops here in the observed graph: receives 260K KZT from 2 payers; no outgoing transfers were traced.,0.458978859452,"Money stops here in the observed graph: receives 260K KZT from 2 payers; no outgoing transfers were traced. Priority drivers: high case-money inflow (655 KZT), high weighted network importance.",5
100000005409680100,0,True,2,55060,2,0,0,0,0,False,0,0,0.000629323308456,0,0,3606.05633589,1,terminal,0.5,,Money stops here in the observed graph: receives 55K KZT from 2 payers; no outgoing transfers were traced.,0.316185027019,"Money stops here in the observed graph: receives 55K KZT from 2 payers; no outgoing transfers were traced. Priority drivers: high case-money inflow (4K KZT), high weighted network importance.",18
100000005413948100,2,False,2,28215,2,1,5000,1,0.177210703526,False,0,1,0.00194575264314,2.17961536526e-05,0,1762.97676293,0.062483670492,terminal,0.5,,Possible holding point: receives 28K KZT from 2 payers; observed onward flow is 18%.,0.696481796279,"Possible holding point: receives 28K KZT from 2 payers; observed onward flow is 18%. Priority drivers: high case-money inflow (2K KZT), 1 seeds within 2 hops.",9
100000005417257100,0,True,0,0,0,2,106000,2,,False,0,0,0.00028403728618,0,,0,1,peripheral,0.6,other,"Limited role evidence: 0 payers, 2 recipients, 0 KZT received in observed graph.",0.0845709468331,"Limited role evidence: 0 payers, 2 recipients, 0 KZT received in observed graph. Priority drivers: 0 seeds within 2 hops, strong bridge position.",19
100000005432267100,1,False,2,350001,2,0,0,0,0,False,1,2,0.000340351223207,0,0,250004.279853,0.714295901592,terminal,0.583335,,Money stops here in the observed graph: receives 350K KZT from 2 payers; no outgoing transfers were traced.,0.733658572541,"Money stops here in the observed graph: receives 350K KZT from 2 payers; no outgoing transfers were traced. Priority drivers: high case-money inflow (250K KZT), 2 seeds within 2 hops.",2
100000005454368100,0,True,2,48600,2,0,0,0,0,False,0,0,0.000391885891135,0,0,1608.18715871,1,terminal,0.5,,Money stops here in the observed graph: receives 49K KZT from 2 payers; no outgoing transfers were traced.,0.287162264881,"Money stops here in the observed graph: receives 49K KZT from 2 payers; no outgoing transfers were traced. Priority drivers: high case-money inflow (2K KZT), high weighted network importance.",12
100000005456919100,1,False,2,479950,10,1,5000,1,0.0104177518492,False,1,1,0.0014326810002,0,1,326558.198584,0.680400455431,terminal,0.799916666667,,Possible holding point: receives 480K KZT from 2 payers; observed onward flow is 1%.,0.749206480829,"Possible holding point: receives 480K KZT from 2 payers; observed onward flow is 1%. Priority drivers: high case-money inflow (327K KZT), 1 seeds within 2 hops.",40
100000005473151100,1,False,3,1220000,4,4,225000,6,0.184426229508,False,1,1,0.000465606013344,0.000241597625227,0.911111111111,61167.8928026,0.0501376170513,terminal,1,,Possible holding point: receives 1.2M KZT from 3 payers; observed onward flow is 18%.,0.780164093776,"Possible holding point: receives 1.2M KZT from 3 payers; observed onward flow is 18%. Priority drivers: high case-money inflow (61K KZT), 1 seeds within 2 hops.",7
100000005474472100,2,False,1,100000,1,0,0,0,0,False,0,1,0.000541706683561,0,0,23500,0.235,peripheral,0.9,one_off_recipient,Single inflow of 100K KZT; 0 further outgoing transfers observed.,0.604866610464,"Single inflow of 100K KZT; 0 further outgoing transfers observed. Priority drivers: high case-money inflow (24K KZT), 1 seeds within 2 hops.",22
100000005475379100,3,False,1,108370,1,3,81000,3,0.747439328227,False,0,0,0.000419113858921,6.53884609577e-05,0,546.415200531,0.00504212605454,peripheral,0.6,other,"Limited role evidence: 1 payers, 3 recipients, 108K KZT received in observed graph.",0.477511966131,"Limited role evidence: 1 payers, 3 recipients, 108K KZT received in observed graph. Priority drivers: high case-money inflow (546 KZT), strong bridge position.",11
100000005480435100,0,True,0,0,0,0,0,0,,False,0,0,0.00028403728618,0,,0,1,peripheral,0.9,isolated_seed,Known seed with 0 observed transfers in this graph.,0.0845709468331,"Known seed with 0 observed transfers in this graph. Priority drivers: 0 seeds within 2 hops, strong bridge position.",78
100000005481280100,2,False,1,32700,1,3,50000,3,1.52905198777,False,0,1,0.000294360192763,4.36601344966e-05,0.34,906.454208941,0.0181290841788,peripheral,0.6,other,"Limited role evidence: 1 payers, 3 recipients, 33K KZT received in observed graph.",0.521184312967,"Limited role evidence: 1 payers, 3 recipients, 33K KZT received in observed graph. Priority drivers: high case-money inflow (906 KZT), 1 seeds within 2 hops.",15
100000005485830100,0,True,0,0,0,5,275885,9,,False,0,0,0.00028403728618,0,,0,1,peripheral,0.6,other,"Limited role evidence: 0 payers, 5 recipients, 0 KZT received in observed graph.",0.0845709468331,"Limited role evidence: 0 payers, 5 recipients, 0 KZT received in observed graph. Priority drivers: 0 seeds within 2 hops, strong bridge position.",43
100000005493505100,0,True,3,62020,3,0,0,0,0,False,1,2,0.000613665810758,0,0,23099.7499687,1,terminal,0.75,,Money stops here in the observed graph: receives 62K KZT from 3 payers; no outgoing transfers were traced.,0.43024448222,"Money stops here in the observed graph: receives 62K KZT from 3 payers; no outgoing transfers were traced. Priority drivers: high case-money inflow (23K KZT), 2 seeds within 2 hops.",12
100000005495211100,4,False,1,14500,1,0,0,0,0,True,0,0,0.000556533133554,0,0,175.891040347,0.0121304165756,peripheral,0.9,cut_off_hop4,Outgoing transfers not observed: graph cut off at hop 4.,0.261507985866,"Outgoing transfers not observed: graph cut off at hop 4. Priority drivers: high weighted network importance, high case-money inflow (176 KZT).",0
100000005495722100,0,True,0,0,0,0,0,0,,False,0,0,0.00028403728618,0,,0,1,peripheral,0.9,isolated_seed,Known seed with 0 observed transfers in this graph.,0.0845709468331,"Known seed with 0 observed transfers in this graph. Priority drivers: 0 seeds within 2 hops, strong bridge position.",79
100000005496254100,1,False,1,12700,1,0,0,0,0,False,1,1,0.000286401875383,0,0,12700,1,peripheral,0.9,one_off_recipient,Single inflow of 13K KZT; 0 further outgoing transfers observed.,0.465695555832,"Single inflow of 13K KZT; 0 further outgoing transfers observed. Priority drivers: high case-money inflow (13K KZT), 1 seeds within 2 hops.",0
100000005497148100,4,False,1,24000,2,0,0,0,0,True,0,0,0.000487124126084,0,0,28.6886249649,0.00119535937354,peripheral,0.9,cut_off_hop4,Outgoing transfers not observed: graph cut off at hop 4.,0.214345997393,"Outgoing transfers not observed: graph cut off at hop 4. Priority drivers: high weighted network importance, 0 seeds within 2 hops.",5
100000005498992100,0,True,0,0,0,16,2262868,19,,False,0,0,0.00028403728618,0,,0,1,distributor,0.8,,Fan-out hypothesis: sends 2.3M KZT to 16 recipients after receiving from 0 payers.,0.159101400003,"Fan-out hypothesis: sends 2.3M KZT to 16 recipients after receiving from 0 payers. Priority drivers: distributor role signals, 0 seeds within 2 hops.",8
100000005505655100,1,False,2,33070,2,1,20000,1,0.604777744179,False,1,1,0.000319699947267,0.000269083424184,1,13452.6479631,0.406793104419,peripheral,0.6,other,"Limited role evidence: 2 payers, 1 recipients, 33K KZT received in observed graph.",0.633129252641,"Limited role evidence: 2 payers, 1 recipients, 33K KZT received in observed graph. Priority drivers: high case-money inflow (13K KZT), 1 seeds within 2 hops.",24
100000005507142100,2,False,3,51000,3,3,100000,4,1.96078431373,False,0,1,0.00055553306807,4.5573775819e-06,0,25260.1156061,0.252601156061,peripheral,0.6,other,"Limited role evidence: 3 payers, 3 recipients, 51K KZT received in observed graph.",0.676836150384,"Limited role evidence: 3 payers, 3 recipients, 51K KZT received in observed graph. Priority drivers: high case-money inflow (25K KZT), 1 seeds within 2 hops.",35
100000005514161100,1,False,4,401500,7,1,50000,1,0.124533001245,False,1,4,0.000801182087412,4.0421957683e-05,0,116168.878167,0.289337180988,terminal,1,,Possible holding point: receives 402K KZT from 4 payers; observed onward flow is 12%.,0.862556490733,"Possible holding point: receives 402K KZT from 4 payers; observed onward flow is 12%. Priority drivers: high case-money inflow (116K KZT), 4 seeds within 2 hops.",6
100000005519347100,0,True,2,73100,2,1,99000,1,1.35430916553,False,1,3,0.000553150809072,1.51912586063e-06,0,73097.8840587,1,peripheral,0.6,other,"Limited role evidence: 2 payers, 1 recipients, 73K KZT received in observed graph.",0.455101786973,"Limited role evidence: 2 payers, 1 recipients, 73K KZT received in observed graph. Priority drivers: high case-money inflow (73K KZT), 3 seeds within 2 hops.",4
100000005519998100,2,False,3,182000,5,3,188000,8,1.03296703297,False,0,1,0.000647801663625,5.98403491189e-05,0.329787234043,11839.4385234,0.0629757368263,transit,0.917582417582,,Pass-through hypothesis: forwards 103% of 182K KZT received; 33% forwarded within 2 days.,0.779348692363,"Pass-through hypothesis: forwards 103% of 182K KZT received; 33% forwarded within 2 days. Priority drivers: high case-money inflow (12K KZT), 1 seeds within 2 hops.",32
100000005523088100,0,True,1,700000,2,0,0,0,0,False,1,2,0.00170429688424,0,0,700000,1,terminal,1,,Money stops here in the observed graph: receives 700K KZT from 1 payers; no outgoing transfers were traced.,0.478753956079,"Money stops here in the observed graph: receives 700K KZT from 1 payers; no outgoing transfers were traced. Priority drivers: high case-money inflow (700K KZT), 2 seeds within 2 hops.",19
100000005527892100,1,False,3,220001,3,8,552419,8,2.51098404098,False,1,1,0.000310718681245,0.00049557133751,0.623294998905,70294.6668279,0.127248821688,peripheral,0.6,other,"Limited role evidence: 3 payers, 8 recipients, 220K KZT received in observed graph.",0.683020762792,"Limited role evidence: 3 payers, 8 recipients, 220K KZT received in observed graph. Priority drivers: high case-money inflow (70K KZT), 1 seeds within 2 hops.",17
100000005530114100,3,False,2,136970,2,1,25000,1,0.182521720085,False,0,0,0.000491960173444,4.45830415621e-06,1,197.027985505,0.00143847547277,terminal,0.5,,Possible holding point: receives 137K KZT from 2 payers; observed onward flow is 18%.,0.490627490545,"Possible holding point: receives 137K KZT from 2 payers; observed onward flow is 18%. Priority drivers: strong bridge position, high weighted network importance.",16
100000005532138100,3,False,1,25046,1,0,0,0,0,False,0,0,0.00029220151277,0,0,65.2879256411,0.00260672065963,peripheral,0.9,one_off_recipient,Single inflow of 25K KZT; 0 further outgoing transfers observed.,0.25044340331,"Single inflow of 25K KZT; 0 further outgoing transfers observed. Priority drivers: high case-money inflow (65 KZT), 0 seeds within 2 hops.",6
100000005539201100,1,False,1,45504,1,1,25000,1,0.549402250352,False,1,1,0.000288897605904,4.19741080188e-05,0,45504,1,peripheral,0.6,other,"Limited role evidence: 1 payers, 1 recipients, 46K KZT received in observed graph.",0.609911042931,"Limited role evidence: 1 payers, 1 recipients, 46K KZT received in observed graph. Priority drivers: high case-money inflow (46K KZT), 1 seeds within 2 hops.",4
100000005539910100,2,False,1,102000,1,2,22000,2,0.21568627451,False,0,1,0.000495770343202,4.79515380357e-05,0,58524.5901639,0.573770491803,peripheral,0.6,other,"Limited role evidence: 1 payers, 2 recipients, 102K KZT received in observed graph.",0.711559812227,"Limited role evidence: 1 payers, 2 recipients, 102K KZT received in observed graph. Priority drivers: high case-money inflow (59K KZT), 1 seeds within 2 hops.",2
100000005543136100,0,True,0,0,0,1,10000,1,,False,0,0,0.00028403728618,0,,0,1,peripheral,0.6,other,"Limited role evidence: 0 payers, 1 recipients, 0 KZT received in observed graph.",0.0845709468331,"Limited role evidence: 0 payers, 1 recipients, 0 KZT received in observed graph. Priority drivers: 0 seeds within 2 hops, strong bridge position.",12
100000005546031100,1,False,3,66800,6,1,8000,1,0.119760479042,False,1,1,0.000708042166539,5.94440554161e-07,1,50939.4105605,0.762566026354,terminal,0.75,,Possible holding point: receives 67K KZT from 3 payers; observed onward flow is 12%.,0.76727660535,"Possible holding point: receives 67K KZT from 3 payers; observed onward flow is 12%. Priority drivers: high case-money inflow (51K KZT), 1 seeds within 2 hops.",46
100000005547096100,2,False,1,8000,1,2,226300,3,28.2875,False,0,1,0.000885873128189,3.96293702774e-07,0,6100.52821084,0.0269577030969,peripheral,0.6,other,"Limited role evidence: 1 payers, 2 recipients, 8K KZT received in observed graph.",0.636826199723,"Limited role evidence: 1 payers, 2 recipients, 8K KZT received in observed graph. Priority drivers: high case-money inflow (6K KZT), 1 seeds within 2 hops.",46
100000005550592100,0,True,0,0,0,0,0,0,,False,0,0,0.00028403728618,0,,0,1,peripheral,0.9,isolated_seed,Known seed with 0 observed transfers in this graph.,0.0845709468331,"Known seed with 0 observed transfers in this graph. Priority drivers: 0 seeds within 2 hops, strong bridge position.",80
100000005553088100,4,False,1,17500,1,0,0,0,0,True,0,0,0.000292695034704,0,0,4.51565163986,0.000258037236564,peripheral,0.9,cut_off_hop4,Outgoing transfers not observed: graph cut off at hop 4.,0.139128672186,"Outgoing transfers not observed: graph cut off at hop 4. Priority drivers: 0 seeds within 2 hops, strong bridge position.",3
100000005560900100,0,True,0,0,0,0,0,0,,False,0,0,0.00028403728618,0,,0,1,peripheral,0.9,isolated_seed,Known seed with 0 observed transfers in this graph.,0.0845709468331,"Known seed with 0 observed transfers in this graph. Priority drivers: 0 seeds within 2 hops, strong bridge position.",81
100000005561741100,2,False,1,25000,1,0,0,0,0,False,0,1,0.000328011187473,0,0,1253.44042628,0.0501376170513,peripheral,0.9,one_off_recipient,Single inflow of 25K KZT; 0 further outgoing transfers observed.,0.487186220177,"Single inflow of 25K KZT; 0 further outgoing transfers observed. Priority drivers: high case-money inflow (1K KZT), 1 seeds within 2 hops.",7
100000005567828100,4,False,1,94000,1,0,0,0,0,True,0,0,0.000318956975256,0,0,221.893939721,0.00236057382682,peripheral,0.9,cut_off_hop4,Outgoing transfers not observed: graph cut off at hop 4.,0.23267870881,"Outgoing transfers not observed: graph cut off at hop 4. Priority drivers: high case-money inflow (222 KZT), high weighted network importance.",7
100000005568407100,0,True,0,0,0,0,0,0,,False,0,0,0.00028403728618,0,,0,1,peripheral,0.9,isolated_seed,Known seed with 0 observed transfers in this graph.,0.0845709468331,"Known seed with 0 observed transfers in this graph. Priority drivers: 0 seeds within 2 hops, strong bridge position.",82
100000005572303100,2,False,1,75000,1,1,20000,1,0.266666666667,False,0,1,0.000311561115369,3.84404891691e-05,0,11958.1599529,0.159442132706,peripheral,0.6,other,"Limited role evidence: 1 payers, 1 recipients, 75K KZT received in observed graph.",0.608494455731,"Limited role evidence: 1 payers, 1 recipients, 75K KZT received in observed graph. Priority drivers: high case-money inflow (12K KZT), 1 seeds within 2 hops.",4
100000005578559100,2,False,2,131000,2,21,893163.67,23,6.81804328244,False,0,1,0.00038878154301,0.000966751411244,0.455006191642,6891.76088526,0.00771612316616,distributor,1,,Fan-out hypothesis: sends 893K KZT to 21 recipients after receiving from 2 payers.,0.762252903428,"Fan-out hypothesis: sends 893K KZT to 21 recipients after receiving from 2 payers. Priority drivers: high case-money inflow (7K KZT), 1 seeds within 2 hops.",7
100000005584222100,1,False,2,192717,6,2,108587,3,0.563453146323,False,1,1,0.000868751150685,3.86386360205e-05,0.861861917172,190617.26215,0.98910455305,peripheral,0.6,other,"Limited role evidence: 2 payers, 2 recipients, 193K KZT received in observed graph.",0.755992279024,"Limited role evidence: 2 payers, 2 recipients, 193K KZT received in observed graph. Priority drivers: high case-money inflow (191K KZT), 1 seeds within 2 hops.",0
100000005588444100,1,False,1,12300,1,0,0,0,0,False,1,1,0.000284737994826,0,0,12300,1,peripheral,0.9,one_off_recipient,Single inflow of 12K KZT; 0 further outgoing transfers observed.,0.456988727191,"Single inflow of 12K KZT; 0 further outgoing transfers observed. Priority drivers: high case-money inflow (12K KZT), 1 seeds within 2 hops.",6
100000005589319100,4,False,1,26000,1,0,0,0,0,True,0,0,0.00030826371591,0,0,5.96691561572,0.000229496754451,peripheral,0.9,cut_off_hop4,Outgoing transfers not observed: graph cut off at hop 4.,0.16108922887,"Outgoing transfers not observed: graph cut off at hop 4. Priority drivers: high weighted network importance, 0 seeds within 2 hops.",2
100000005602999100,2,False,1,5000,1,2,16000,3,3.2,False,0,1,0.000303122024079,4.20071324941e-05,0.6875,959.914994475,0.0599946871547,peripheral,0.6,other,"Limited role evidence: 1 payers, 2 recipients, 5K KZT received in observed graph.",0.539427192025,"Limited role evidence: 1 payers, 2 recipients, 5K KZT received in observed graph. Priority drivers: high case-money inflow (960 KZT), 1 seeds within 2 hops.",11
100000005608515100,2,False,1,64000,4,0,0,0,0,False,0,1,0.000291571079697,0,0,5220.32821223,0.0815676283162,peripheral,0.9,one_off_recipient,Single inflow of 64K KZT; 0 further outgoing transfers observed.,0.468183221158,"Single inflow of 64K KZT; 0 further outgoing transfers observed. Priority drivers: high case-money inflow (5K KZT), 1 seeds within 2 hops.",6
100000005610717100,3,False,4,484500,6,1,265200,7,0.547368421053,False,0,0,0.000342536529621,1.92202445845e-05,0.837858220211,2753.13427315,0.00568242368038,peripheral,0.6,other,"Limited role evidence: 4 payers, 1 recipients, 484K KZT received in observed graph.",0.484145740334,"Limited role evidence: 4 payers, 1 recipients, 484K KZT received in observed graph. Priority drivers: high case-money inflow (3K KZT), strong bridge position.",0
100000005612411100,1,False,3,115500,4,8,506997,8,4.38958441558,False,1,2,0.000325399524417,0.000155347131487,0.514395548692,68843.6462846,0.135787088059,peripheral,0.6,other,"Limited role evidence: 3 payers, 8 recipients, 116K KZT received in observed graph.",0.732774069314,"Limited role evidence: 3 payers, 8 recipients, 116K KZT received in observed graph. Priority drivers: high case-money inflow (69K KZT), 2 seeds within 2 hops.",2
100000005614315100,2,False,1,455000,1,0,0,0,0,False,0,1,0.000571622430351,0,0,449367.212952,0.987620248247,terminal,0.758333333333,,Money stops here in the observed graph: receives 455K KZT from 1 payers; no outgoing transfers were traced.,0.735869830608,"Money stops here in the observed graph: receives 455K KZT from 1 payers; no outgoing transfers were traced. Priority drivers: high case-money inflow (449K KZT), 1 seeds within 2 hops.",4
100000005616568100,4,False,1,530000,1,0,0,0,0,True,0,0,0.000429443945075,0,0,296.353482937,0.000559157514975,peripheral,0.9,cut_off_hop4,Outgoing transfers not observed: graph cut off at hop 4.,0.261121015705,"Outgoing transfers not observed: graph cut off at hop 4. Priority drivers: high case-money inflow (296 KZT), high weighted network importance.",5
100000005619339100,2,False,1,5000,1,1,5442.6,1,1.08852,False,0,1,0.000319060749027,0,0,426.615513499,0.0783845062101,transit,0.7787,,Pass-through hypothesis: forwards 109% of 5K KZT received; 0% forwarded within 2 days.,0.556702645678,"Pass-through hypothesis: forwards 109% of 5K KZT received; 0% forwarded within 2 days. Priority drivers: 1 seeds within 2 hops, high case-money inflow (427 KZT).",4
100000005620225100,1,False,2,49845.66,2,0,0,0,0,False,1,1,0.000294622094764,0,0,43927.636512,0.881273043873,terminal,0.5,,Money stops here in the observed graph: receives 50K KZT from 2 payers; no outgoing transfers were traced.,0.610035426197,"Money stops here in the observed graph: receives 50K KZT from 2 payers; no outgoing transfers were traced. Priority drivers: high case-money inflow (44K KZT), 1 seeds within 2 hops.",0
100000005621418100,4,False,1,30000,1,0,0,0,0,True,0,0,0.00030610072888,0,0,9.6815431952,0.000322718106507,peripheral,0.9,cut_off_hop4,Outgoing transfers not observed: graph cut off at hop 4.,0.163991505084,"Outgoing transfers not observed: graph cut off at hop 4. Priority drivers: high weighted network importance, 0 seeds within 2 hops.",25
100000005628518100,3,False,1,77000,3,0,0,0,0,False,0,0,0.000529840459517,0,0,492.335664336,0.0063939696667,peripheral,0.9,one_off_recipient,Single inflow of 77K KZT; 0 further outgoing transfers observed.,0.40260559909,"Single inflow of 77K KZT; 0 further outgoing transfers observed. Priority drivers: high case-money inflow (492 KZT), high weighted network importance.",18
100000005634552100,1,False,1,25850,1,3,1196000,4,46.2669245648,False,1,1,0.000286798345974,2.91771238667e-05,0,25850,0.0216137123746,peripheral,0.6,other,"Limited role evidence: 1 payers, 3 recipients, 26K KZT received in observed graph.",0.573425284815,"Limited role evidence: 1 payers, 3 recipients, 26K KZT received in observed graph. Priority drivers: high case-money inflow (26K KZT), 1 seeds within 2 hops.",0
100000005636951100,4,False,1,40000,1,0,0,0,0,True,0,0,0.000631413454418,0,0,3130.08130081,0.0782520325203,peripheral,0.9,cut_off_hop4,Outgoing transfers not observed: graph cut off at hop 4.,0.322649271437,"Outgoing transfers not observed: graph cut off at hop 4. Priority drivers: high case-money inflow (3K KZT), high weighted network importance.",26
100000005660203100,2,False,1,572899,12,2,41000,5,0.071565843194,False,0,1,0.000941349604508,1.94183914359e-05,1,522586.01561,0.912178264598,terminal,0.954831666667,,Possible holding point: receives 573K KZT from 1 payers; observed onward flow is 7%.,0.82103781712,"Possible holding point: receives 573K KZT from 1 payers; observed onward flow is 7%. Priority drivers: high case-money inflow (523K KZT), 1 seeds within 2 hops.",4
100000005661528100,3,False,1,25000,1,0,0,0,0,False,0,0,0.000289516863844,0,0,41.780667097,0.00167122668388,peripheral,0.9,one_off_recipient,Single inflow of 25K KZT; 0 further outgoing transfers observed.,0.228330822634,"Single inflow of 25K KZT; 0 further outgoing transfers observed. Priority drivers: high case-money inflow (42 KZT), 0 seeds within 2 hops.",3
100000005661829100,3,False,1,37790,1,2,40362,4,1.06806033342,False,0,0,0.000290454085813,2.22920989406e-06,0.837173579109,280.332878487,0.00694546549941,transit,0.829849166446,,Pass-through hypothesis: forwards 107% of 38K KZT received; 84% forwarded within 2 days.,0.459683697961,"Pass-through hypothesis: forwards 107% of 38K KZT received; 84% forwarded within 2 days. Priority drivers: transit role signals, strong bridge position.",18
100000005664632100,2,False,1,198620,18,0,0,0,0,False,0,1,0.000363081912828,0,0,15816.9684807,0.0796343192062,peripheral,0.9,one_off_recipient,Single inflow of 199K KZT; 0 further outgoing transfers observed.,0.562852707179,"Single inflow of 199K KZT; 0 further outgoing transfers observed. Priority drivers: high case-money inflow (16K KZT), 1 seeds within 2 hops.",64
100000005664922100,2,False,2,22000,2,3,537000,4,24.4090909091,False,0,1,0.000800959640012,3.96293702774e-06,0,17159.7744361,0.031954887218,peripheral,0.6,other,"Limited role evidence: 2 payers, 3 recipients, 22K KZT received in observed graph.",0.67175716701,"Limited role evidence: 2 payers, 3 recipients, 22K KZT received in observed graph. Priority drivers: high case-money inflow (17K KZT), 1 seeds within 2 hops.",22
100000005665181100,2,False,4,45498,5,11,181915,11,3.99830761792,False,0,1,0.000396255238829,0.000268321024753,0.0769590193222,1100.5861426,0.00605000215818,distributor,0.55,,Fan-out hypothesis: sends 182K KZT to 11 recipients after receiving from 4 payers.,0.72079181466,"Fan-out hypothesis: sends 182K KZT to 11 recipients after receiving from 4 payers. Priority drivers: high case-money inflow (1K KZT), 1 seeds within 2 hops.",5
100000005667841100,3,False,2,186000,2,0,0,0,0,False,0,0,0.000310614720657,0,0,270.61574296,0.00145492334925,terminal,0.5,,Money stops here in the observed graph: receives 186K KZT from 2 payers; no outgoing transfers were traced.,0.3939540519,"Money stops here in the observed graph: receives 186K KZT from 2 payers; no outgoing transfers were traced. Priority drivers: high case-money inflow (271 KZT), terminal role signals.",9
100000005668605100,0,True,3,94500,3,0,0,0,0,False,1,4,0.000832752746574,0,0,63068.2322161,1,terminal,0.75,,Money stops here in the observed graph: receives 94K KZT from 3 payers; no outgoing transfers were traced.,0.46098096936,"Money stops here in the observed graph: receives 94K KZT from 3 payers; no outgoing transfers were traced. Priority drivers: high case-money inflow (63K KZT), 4 seeds within 2 hops.",19
100000005669845100,1,False,1,20000,1,0,0,0,0,False,1,1,0.000315727075186,0,0,20000,1,peripheral,0.9,one_off_recipient,Single inflow of 20K KZT; 0 further outgoing transfers observed.,0.550379829641,"Single inflow of 20K KZT; 0 further outgoing transfers observed. Priority drivers: high case-money inflow (20K KZT), 1 seeds within 2 hops.",28
100000005674387100,3,False,1,26200,1,0,0,0,0,False,0,0,0.00028809656023,0,0,17.4101012658,0.0006645076819,peripheral,0.9,one_off_recipient,Single inflow of 26K KZT; 0 further outgoing transfers observed.,0.201208360398,"Single inflow of 26K KZT; 0 further outgoing transfers observed. Priority drivers: 0 seeds within 2 hops, strong bridge position.",1
100000005685783100,4,False,1,26150,1,0,0,0,0,True,0,0,0.000528912777834,0,0,17.3768758817,0.0006645076819,peripheral,0.9,cut_off_hop4,Outgoing transfers not observed: graph cut off at hop 4.,0.211008379747,"Outgoing transfers not observed: graph cut off at hop 4. Priority drivers: high weighted network importance, 0 seeds within 2 hops.",1
100000005704413100,3,False,3,97834.67,4,32,1363593,35,13.9377278014,False,0,0,0.000595947979354,0.00256275626054,0.445224491472,3218.86239568,0.00236057415642,coordinator,0.502354505913,,Bridge hypothesis: top 1% betweenness; links 3 payers and 32 recipients.,0.743374287675,"Bridge hypothesis: top 1% betweenness; links 3 payers and 32 recipients. Priority drivers: coordinator role signals, high case-money inflow (3K KZT).",7
100000005709551100,3,False,1,24560,1,0,0,0,0,False,0,0,0.000293061112312,0,0,265.39214688,0.0108058691727,peripheral,0.9,one_off_recipient,Single inflow of 25K KZT; 0 further outgoing transfers observed.,0.301164135237,"Single inflow of 25K KZT; 0 further outgoing transfers observed. Priority drivers: high case-money inflow (265 KZT), 0 seeds within 2 hops.",12
100000005711521100,4,False,1,238000,1,0,0,0,0,True,0,0,0.000530678255119,0,0,180.241897749,0.000757318898105,peripheral,0.9,cut_off_hop4,Outgoing transfers not observed: graph cut off at hop 4.,0.257493170437,"Outgoing transfers not observed: graph cut off at hop 4. Priority drivers: high weighted network importance, high case-money inflow (180 KZT).",12
100000005723580100,4,False,1,35000,1,0,0,0,0,True,0,0,0.000342447677043,0,0,70.0149214241,0.0020004263264,peripheral,0.9,cut_off_hop4,Outgoing transfers not observed: graph cut off at hop 4.,0.213330200718,"Outgoing transfers not observed: graph cut off at hop 4. Priority drivers: high weighted network importance, high case-money inflow (70 KZT).",9
100000005730108100,2,False,1,8000,1,0,0,0,0,False,0,1,0.000356640172062,0,0,892.138680127,0.111517335016,peripheral,0.9,one_off_recipient,Single inflow of 8K KZT; 0 further outgoing transfers observed.,0.488706460098,"Single inflow of 8K KZT; 0 further outgoing transfers observed. Priority drivers: high case-money inflow (892 KZT), 1 seeds within 2 hops.",0
100000005744674100,0,True,0,0,0,1,50066,2,,False,0,0,0.00028403728618,0,,0,1,peripheral,0.6,other,"Limited role evidence: 0 payers, 1 recipients, 0 KZT received in observed graph.",0.0845709468331,"Limited role evidence: 0 payers, 1 recipients, 0 KZT received in observed graph. Priority drivers: 0 seeds within 2 hops, strong bridge position.",19
100000005745873100,4,False,1,223000,1,0,0,0,0,True,0,0,0.00031458847239,0,0,1.02770622632,4.6085481001e-06,peripheral,0.9,cut_off_hop4,Outgoing transfers not observed: graph cut off at hop 4.,0.160557144897,"Outgoing transfers not observed: graph cut off at hop 4. Priority drivers: high weighted network importance, 0 seeds within 2 hops.",38
100000005754335100,3,False,1,44037,1,0,0,0,0,False,0,0,0.000402219032666,0,0,903.349720366,0.0205134255368,peripheral,0.9,one_off_recipient,Single inflow of 44K KZT; 0 further outgoing transfers observed.,0.403849431753,"Single inflow of 44K KZT; 0 further outgoing transfers observed. Priority drivers: high case-money inflow (903 KZT), high weighted network importance.",39
100000005756189100,3,False,1,65000,1,1,49050,1,0.754615384615,False,0,0,0.000286126432223,1.92202445845e-05,1,77.6983594204,0.0011953593757,peripheral,0.6,other,"Limited role evidence: 1 payers, 1 recipients, 65K KZT received in observed graph.",0.291558983006,"Limited role evidence: 1 payers, 1 recipients, 65K KZT received in observed graph. Priority drivers: strong bridge position, high case-money inflow (78 KZT).",5
100000005756535100,3,False,1,20000,1,0,0,0,0,False,0,0,0.00053836202779,0,0,343.700207274,0.0171850103637,peripheral,0.9,one_off_recipient,Single inflow of 20K KZT; 0 further outgoing transfers observed.,0.394797094038,"Single inflow of 20K KZT; 0 further outgoing transfers observed. Priority drivers: high weighted network importance, high case-money inflow (344 KZT).",1
100000005767403100,4,False,1,1100000,2,0,0,0,0,True,0,0,0.00107290632452,0,0,11799.8034879,0.0107270940799,peripheral,0.9,cut_off_hop4,Outgoing transfers not observed: graph cut off at hop 4.,0.352687830249,"Outgoing transfers not observed: graph cut off at hop 4. Priority drivers: high case-money inflow (12K KZT), high weighted network importance.",32
100000005778283100,1,False,3,615760,3,0,0,0,0,False,2,3,0.000434976526909,0,0,346463.814578,0.562660475799,terminal,1,,Money stops here in the observed graph: receives 616K KZT from 3 payers; no outgoing transfers were traced.,0.763671794021,"Money stops here in the observed graph: receives 616K KZT from 3 payers; no outgoing transfers were traced. Priority drivers: high case-money inflow (346K KZT), 3 seeds within 2 hops.",6
100000005782781100,2,False,6,171888,10,10,1263597,10,7.35128106674,False,0,1,0.000484580946114,0.000568324329146,1,3293.84444239,0.00260672068895,consolidator,0.6,,"Signs of consolidation: receives from 6 payers (1 seeds within 2 hops), 172K KZT in, forwards 735%.",0.798061463761,"Signs of consolidation: receives from 6 payers (1 seeds within 2 hops), 172K KZT in, forwards 735%. Priority drivers: high case-money inflow (3K KZT), consolidator role signals.",6
100000005782886100,4,False,1,14000,1,0,0,0,0,True,0,0,0.000361465377428,0,0,53.1266451043,0.00379476036459,peripheral,0.9,cut_off_hop4,Outgoing transfers not observed: graph cut off at hop 4.,0.212217661502,"Outgoing transfers not observed: graph cut off at hop 4. Priority drivers: high weighted network importance, high case-money inflow (53 KZT).",8
100000005783452100,4,False,2,286500,2,0,0,0,0,True,0,0,0.000312694201422,0,0,58.1011573664,0.00020279636079,peripheral,0.9,cut_off_hop4,Outgoing transfers not observed: graph cut off at hop 4.,0.198286735676,"Outgoing transfers not observed: graph cut off at hop 4. Priority drivers: high weighted network importance, high case-money inflow (58 KZT).",13
100000005799271100,2,False,1,45000,2,0,0,0,0,False,0,1,0.000533439997985,0,0,40037.5077034,0.889722393409,peripheral,0.9,one_off_recipient,Single inflow of 45K KZT; 0 further outgoing transfers observed.,0.622902184078,"Single inflow of 45K KZT; 0 further outgoing transfers observed. Priority drivers: high case-money inflow (40K KZT), 1 seeds within 2 hops.",11
100000005807278100,1,False,1,8385,1,0,0,0,0,False,1,1,0.000291375143436,0,0,8385,1,peripheral,0.9,one_off_recipient,Single inflow of 8K KZT; 0 further outgoing transfers observed.,0.480897955047,"Single inflow of 8K KZT; 0 further outgoing transfers observed. Priority drivers: high case-money inflow (8K KZT), 1 seeds within 2 hops.",43
100000005809252100,2,False,1,25000,1,0,0,0,0,False,0,1,0.000563641879837,0,0,2189.00460256,0.0875601841023,peripheral,0.9,one_off_recipient,Single inflow of 25K KZT; 0 further outgoing transfers observed.,0.544264319048,"Single inflow of 25K KZT; 0 further outgoing transfers observed. Priority drivers: high case-money inflow (2K KZT), 1 seeds within 2 hops.",5
100000005815602100,3,False,1,20000,1,1,165000,1,8.25,False,0,0,0.000548864234419,1.94183914359e-05,0,3188.84265411,0.0193263191158,peripheral,0.6,other,"Limited role evidence: 1 payers, 1 recipients, 20K KZT received in observed graph.",0.526332398155,"Limited role evidence: 1 payers, 1 recipients, 20K KZT received in observed graph. Priority drivers: high case-money inflow (3K KZT), high weighted network importance.",4
100000005820746100,3,False,1,1989000,2,1,60000,1,0.0301659125189,False,0,0,0.000980945452837,0,0,60426.9061589,0.0303805460829,terminal,1,,Possible holding point: receives 2.0M KZT from 1 payers; observed onward flow is 3%.,0.623095669159,"Possible holding point: receives 2.0M KZT from 1 payers; observed onward flow is 3%. Priority drivers: high case-money inflow (60K KZT), high weighted network importance.",22
100000005830339100,3,False,5,476341,12,1,339251,1,0.712201972956,False,0,0,0.00036147824445,3.79781465159e-06,0,2360.1775856,0.00495480671535,consolidator,0.5,,"Signs of consolidation: receives from 5 payers (0 seeds within 2 hops), 476K KZT in, forwards 71%.",0.647281304274,"Signs of consolidation: receives from 5 payers (0 seeds within 2 hops), 476K KZT in, forwards 71%. Priority drivers: consolidator role signals, high case-money inflow (2K KZT).",2
100000005834479100,2,False,1,7500,1,2,14470,2,1.92933333333,False,0,1,0.000285211682246,1.98117521304e-06,0,106.02881223,0.00732749220661,peripheral,0.6,other,"Limited role evidence: 1 payers, 2 recipients, 8K KZT received in observed graph.",0.385053738178,"Limited role evidence: 1 payers, 2 recipients, 8K KZT received in observed graph. Priority drivers: 1 seeds within 2 hops, strong bridge position.",3
100000005844459100,1,False,2,243400,2,0,0,0,0,False,1,1,0.000336131185308,0,0,151132.980908,0.620924325835,terminal,0.5,,Money stops here in the observed graph: receives 243K KZT from 2 payers; no outgoing transfers were traced.,0.682177720654,"Money stops here in the observed graph: receives 243K KZT from 2 payers; no outgoing transfers were traced. Priority drivers: high case-money inflow (151K KZT), 1 seeds within 2 hops.",0
100000005847078100,3,False,1,16300,1,0,0,0,0,False,0,0,0.000286562712402,0,0,10.831475215,0.0006645076819,peripheral,0.9,one_off_recipient,Single inflow of 16K KZT; 0 further outgoing transfers observed.,0.178404761576,"Single inflow of 16K KZT; 0 further outgoing transfers observed. Priority drivers: 0 seeds within 2 hops, strong bridge position.",1
100000005849100100,2,False,1,33300,1,0,0,0,0,False,0,1,0.000487785443559,0,0,33300,1,peripheral,0.9,one_off_recipient,Single inflow of 33K KZT; 0 further outgoing transfers observed.,0.607146970346,"Single inflow of 33K KZT; 0 further outgoing transfers observed. Priority drivers: high case-money inflow (33K KZT), 1 seeds within 2 hops.",2
100000005849862100,4,False,1,13000,2,0,0,0,0,True,0,0,0.000545141225663,0,0,33.887368573,0.00260672065946,peripheral,0.9,cut_off_hop4,Outgoing transfers not observed: graph cut off at hop 4.,0.225326275735,"Outgoing transfers not observed: graph cut off at hop 4. Priority drivers: high weighted network importance, 0 seeds within 2 hops.",6
100000005852946100,1,False,1,23746,1,0,0,0,0,False,1,2,0.000288753620635,0,0,23746,1,peripheral,0.9,one_off_recipient,Single inflow of 24K KZT; 0 further outgoing transfers observed.,0.546959289818,"Single inflow of 24K KZT; 0 further outgoing transfers observed. Priority drivers: high case-money inflow (24K KZT), 2 seeds within 2 hops.",2
100000005857058100,3,False,3,80222,3,0,0,0,0,False,0,0,0.000387640509673,0,0,5458.7243955,0.068045229432,terminal,0.75,,Money stops here in the observed graph: receives 80K KZT from 3 payers; no outgoing transfers were traced.,0.5022365954,"Money stops here in the observed graph: receives 80K KZT from 3 payers; no outgoing transfers were traced. Priority drivers: high case-money inflow (5K KZT), high weighted network importance.",0
100000005873152100,3,False,1,10000,1,1,10000,1,1,False,0,0,0.000463874630491,3.96293702774e-07,0,3932.57831193,0.393257831193,transit,1,,Pass-through hypothesis: forwards 100% of 10K KZT received; 0% forwarded within 2 days.,0.605039365,"Pass-through hypothesis: forwards 100% of 10K KZT received; 0% forwarded within 2 days. Priority drivers: high case-money inflow (4K KZT), transit role signals.",11
100000005877725100,1,False,1,70000,1,0,0,0,0,False,1,1,0.000298618844345,0,0,70000,1,peripheral,0.9,one_off_recipient,Single inflow of 70K KZT; 0 further outgoing transfers observed.,0.571490434005,"Single inflow of 70K KZT; 0 further outgoing transfers observed. Priority drivers: high case-money inflow (70K KZT), 1 seeds within 2 hops.",1
100000005878334100,4,False,1,76400,2,0,0,0,0,True,0,0,0.000396673548013,0,0,243.283124277,0.00318433408739,peripheral,0.9,cut_off_hop4,Outgoing transfers not observed: graph cut off at hop 4.,0.253381612468,"Outgoing transfers not observed: graph cut off at hop 4. Priority drivers: high case-money inflow (243 KZT), high weighted network importance.",3
100000005882013100,2,False,2,135000,3,1,10000,1,0.0740740740741,False,0,1,0.00052299864322,0,1,35687.2563102,0.264350046742,terminal,0.5,,Possible holding point: receives 135K KZT from 2 payers; observed onward flow is 7%.,0.674991131934,"Possible holding point: receives 135K KZT from 2 payers; observed onward flow is 7%. Priority drivers: high case-money inflow (36K KZT), 1 seeds within 2 hops.",12
100000005888829100,4,False,1,197000,1,0,0,0,0,True,0,0,0.000309774935299,0,0,130.486757666,0.000662369328252,peripheral,0.9,cut_off_hop4,Outgoing transfers not observed: graph cut off at hop 4.,0.212894859286,"Outgoing transfers not observed: graph cut off at hop 4. Priority drivers: high case-money inflow (130 KZT), high weighted network importance.",8
100000005893892100,3,False,1,102780,1,0,0,0,0,False,0,0,0.000287340708185,0,0,122.859036634,0.0011953593757,peripheral,0.9,one_off_recipient,Single inflow of 103K KZT; 0 further outgoing transfers observed.,0.246228192619,"Single inflow of 103K KZT; 0 further outgoing transfers observed. Priority drivers: high case-money inflow (123 KZT), 0 seeds within 2 hops.",5
100000005895525100,1,False,1,120000,3,0,0,0,0,False,1,1,0.000389051343519,0,0,120000,1,peripheral,0.9,one_off_recipient,Single inflow of 120K KZT; 0 further outgoing transfers observed.,0.631125300017,"Single inflow of 120K KZT; 0 further outgoing transfers observed. Priority drivers: high case-money inflow (120K KZT), 1 seeds within 2 hops.",43
100000005897462100,1,False,1,98400,1,0,0,0,0,False,1,2,0.00029887827234,0,0,98400,1,peripheral,0.9,one_off_recipient,Single inflow of 98K KZT; 0 further outgoing transfers observed.,0.623109489522,"Single inflow of 98K KZT; 0 further outgoing transfers observed. Priority drivers: high case-money inflow (98K KZT), 2 seeds within 2 hops.",11
100000005901606100,1,False,1,35660,1,0,0,0,0,False,1,1,0.000291465548525,0,0,35660,1,peripheral,0.9,one_off_recipient,Single inflow of 36K KZT; 0 further outgoing transfers observed.,0.530236650681,"Single inflow of 36K KZT; 0 further outgoing transfers observed. Priority drivers: high case-money inflow (36K KZT), 1 seeds within 2 hops.",1
100000005904580100,2,False,2,72000,2,0,0,0,0,False,0,1,0.000519256372795,0,0,11675.1611777,0.162155016357,terminal,0.5,,Money stops here in the observed graph: receives 72K KZT from 2 payers; no outgoing transfers were traced.,0.635119384902,"Money stops here in the observed graph: receives 72K KZT from 2 payers; no outgoing transfers were traced. Priority drivers: high case-money inflow (12K KZT), 1 seeds within 2 hops.",10
100000005910114100,3,False,3,326144,3,19,1469993,56,4.50719007555,False,0,0,0.000359526631684,0.00584220605657,0.422157112313,2783.08701247,0.00189326548662,coordinator,0.504376505266,,Bridge hypothesis: top 1% betweenness; links 3 payers and 19 recipients.,0.705644696896,"Bridge hypothesis: top 1% betweenness; links 3 payers and 19 recipients. Priority drivers: coordinator role signals, high case-money inflow (3K KZT).",0
100000005910895100,4,False,1,5100,1,0,0,0,0,True,0,0,0.000593908249191,0,0,299.598424113,0.0587447890418,peripheral,0.9,cut_off_hop4,Outgoing transfers not observed: graph cut off at hop 4.,0.277954217744,"Outgoing transfers not observed: graph cut off at hop 4. Priority drivers: high weighted network importance, high case-money inflow (300 KZT).",11
100000005911352100,2,False,2,15000,2,3,24000,3,1.6,False,0,1,0.000548448792231,9.74882508824e-05,0,5228.16367113,0.217840152964,peripheral,0.6,other,"Limited role evidence: 2 payers, 3 recipients, 15K KZT received in observed graph.",0.647709735524,"Limited role evidence: 2 payers, 3 recipients, 15K KZT received in observed graph. Priority drivers: high case-money inflow (5K KZT), 1 seeds within 2 hops.",36
100000005931985100,2,False,1,76000,1,0,0,0,0,False,0,1,0.000311186151637,0,0,1106.88892714,0.0145643279887,peripheral,0.9,one_off_recipient,Single inflow of 76K KZT; 0 further outgoing transfers observed.,0.472122024591,"Single inflow of 76K KZT; 0 further outgoing transfers observed. Priority drivers: high case-money inflow (1K KZT), 1 seeds within 2 hops.",13
100000005932987100,2,False,1,25000,3,0,0,0,0,False,0,1,0.000409218297269,0,0,10332.4199458,0.413296797834,peripheral,0.9,one_off_recipient,Single inflow of 25K KZT; 0 further outgoing transfers observed.,0.559259412819,"Single inflow of 25K KZT; 0 further outgoing transfers observed. Priority drivers: high case-money inflow (10K KZT), 1 seeds within 2 hops.",32
100000005933757100,2,False,4,1246000,6,34,3002628,46,2.40981380417,False,0,1,0.000995050868306,0.00389278782432,0.611323813673,3319.91432404,0.00110566954149,coordinator,0.503477838887,,Bridge hypothesis: top 1% betweenness; links 4 payers and 34 recipients.,0.851311322102,"Bridge hypothesis: top 1% betweenness; links 4 payers and 34 recipients. Priority drivers: coordinator role signals, high case-money inflow (3K KZT).",14
100000005939154100,2,False,1,22000,2,0,0,0,0,False,0,1,0.000292110942742,0,0,3507.72691953,0.159442132706,peripheral,0.9,one_off_recipient,Single inflow of 22K KZT; 0 further outgoing transfers observed.,0.463346094135,"Single inflow of 22K KZT; 0 further outgoing transfers observed. Priority drivers: high case-money inflow (4K KZT), 1 seeds within 2 hops.",4
100000005940652100,1,False,1,8395,1,0,0,0,0,False,1,3,0.000286531725644,0,0,8395,1,peripheral,0.9,one_off_recipient,Single inflow of 8K KZT; 0 further outgoing transfers observed.,0.504415605954,"Single inflow of 8K KZT; 0 further outgoing transfers observed. Priority drivers: high case-money inflow (8K KZT), 3 seeds within 2 hops.",9
100000005941908100,3,False,1,10000,1,0,0,0,0,False,0,0,0.000687433741924,0,0,3937.26053209,0.393726053209,peripheral,0.9,one_off_recipient,Single inflow of 10K KZT; 0 further outgoing transfers observed.,0.468045017529,"Single inflow of 10K KZT; 0 further outgoing transfers observed. Priority drivers: high case-money inflow (4K KZT), high weighted network importance.",14
100000005942793100,2,False,4,55000,4,0,0,0,0,False,0,1,0.000330386932269,0,0,1506.95252518,0.0273991368214,terminal,1,,Money stops here in the observed graph: receives 55K KZT from 4 payers; no outgoing transfers were traced.,0.554615770877,"Money stops here in the observed graph: receives 55K KZT from 4 payers; no outgoing transfers were traced. Priority drivers: high case-money inflow (2K KZT), 1 seeds within 2 hops.",0
100000005958064100,1,False,1,5746,1,2,163986.84,3,28.5393038636,False,1,1,0.000284651021173,2.51282105341e-05,0,5746,0.0350393970638,peripheral,0.6,other,"Limited role evidence: 1 payers, 2 recipients, 6K KZT received in observed graph.",0.511510058921,"Limited role evidence: 1 payers, 2 recipients, 6K KZT received in observed graph. Priority drivers: high case-money inflow (6K KZT), 1 seeds within 2 hops.",14
100000005961971100,1,False,1,47353,1,0,0,0,0,False,1,1,0.000293901293663,0,0,47353,1,peripheral,0.9,one_off_recipient,Single inflow of 47K KZT; 0 further outgoing transfers observed.,0.549308751514,"Single inflow of 47K KZT; 0 further outgoing transfers observed. Priority drivers: high case-money inflow (47K KZT), 1 seeds within 2 hops.",1
100000005974542100,3,False,1,94500,3,0,0,0,0,False,0,0,0.000482488719682,0,0,7209.05628173,0.0762863098596,peripheral,0.9,one_off_recipient,Single inflow of 94K KZT; 0 further outgoing transfers observed.,0.460512919736,"Single inflow of 94K KZT; 0 further outgoing transfers observed. Priority drivers: high case-money inflow (7K KZT), high weighted network importance.",21
100000005979037100,4,False,1,60300,1,0,0,0,0,True,0,0,0.000323053730758,0,0,54.4980374608,0.000903781715768,peripheral,0.9,cut_off_hop4,Outgoing transfers not observed: graph cut off at hop 4.,0.202736892537,"Outgoing transfers not observed: graph cut off at hop 4. Priority drivers: high weighted network importance, high case-money inflow (54 KZT).",3
100000005995391100,3,False,1,17200,1,0,0,0,0,False,0,0,0.000286702153113,0,0,11.4295321287,0.0006645076819,peripheral,0.9,one_off_recipient,Single inflow of 17K KZT; 0 further outgoing transfers observed.,0.18078877418,"Single inflow of 17K KZT; 0 further outgoing transfers observed. Priority drivers: 0 seeds within 2 hops, strong bridge position.",1
100000005996909100,3,False,1,5500,1,0,0,0,0,False,0,0,0.000314435367492,0,0,1049.78255398,0.19086955527,peripheral,0.9,one_off_recipient,Single inflow of 6K KZT; 0 further outgoing transfers observed.,0.378696371233,"Single inflow of 6K KZT; 0 further outgoing transfers observed. Priority drivers: high case-money inflow (1K KZT), high weighted network importance.",15
100000006008169100,1,False,1,70000,1,0,0,0,0,False,1,1,0.000295578360632,0,0,70000,1,peripheral,0.9,one_off_recipient,Single inflow of 70K KZT; 0 further outgoing transfers observed.,0.564580252544,"Single inflow of 70K KZT; 0 further outgoing transfers observed. Priority drivers: high case-money inflow (70K KZT), 1 seeds within 2 hops.",10
100000006020215100,3,False,1,30000,1,2,33800,2,1.12666666667,False,0,0,0.000295059875104,6.05552019904e-05,0,324.17607518,0.00959100814141,transit,0.683333333333,,Pass-through hypothesis: forwards 113% of 30K KZT received; 0% forwarded within 2 days.,0.502941433909,"Pass-through hypothesis: forwards 113% of 30K KZT received; 0% forwarded within 2 days. Priority drivers: strong bridge position, high case-money inflow (324 KZT).",12
100000006030946100,1,False,1,73289,1,0,0,0,0,False,1,1,0.000299303969271,0,0,73289,1,peripheral,0.9,one_off_recipient,Single inflow of 73K KZT; 0 further outgoing transfers observed.,0.574807321107,"Single inflow of 73K KZT; 0 further outgoing transfers observed. Priority drivers: high case-money inflow (73K KZT), 1 seeds within 2 hops.",1
100000006048193100,3,False,1,41559,1,0,0,0,0,False,0,0,0.000294789978931,0,0,504.12798247,0.0121304165757,peripheral,0.9,one_off_recipient,Single inflow of 42K KZT; 0 further outgoing transfers observed.,0.328182944751,"Single inflow of 42K KZT; 0 further outgoing transfers observed. Priority drivers: high case-money inflow (504 KZT), 0 seeds within 2 hops.",0
100000006069103100,1,False,3,228818,3,3,270000,4,1.1799770997,False,1,1,0.00114266510186,5.80570274564e-05,0.166666666667,123961.896442,0.459118134972,transit,0.550057250741,,Pass-through hypothesis: forwards 118% of 229K KZT received; 17% forwarded within 2 days.,0.860543324534,"Pass-through hypothesis: forwards 118% of 229K KZT received; 17% forwarded within 2 days. Priority drivers: high case-money inflow (124K KZT), 1 seeds within 2 hops.",53
100000006100920100,3,False,1,100000,1,0,0,0,0,False,0,0,0.000324675572259,0,0,78.2842849959,0.000782842849959,peripheral,0.9,one_off_recipient,Single inflow of 100K KZT; 0 further outgoing transfers observed.,0.29971299713,"Single inflow of 100K KZT; 0 further outgoing transfers observed. Priority drivers: high weighted network importance, high case-money inflow (78 KZT).",0
100000006111439100,3,False,3,20570,3,4,24000,4,1.16674769081,False,0,0,0.00036337121526,1.75556361302e-05,0,49.7175881635,0.00207156617348,transit,0.58313077297,,Pass-through hypothesis: forwards 117% of 21K KZT received; 0% forwarded within 2 days.,0.47060178467,"Pass-through hypothesis: forwards 117% of 21K KZT received; 0% forwarded within 2 days. Priority drivers: transit role signals, strong bridge position.",5
100000006111442100,3,False,1,64000,1,0,0,0,0,False,0,0,0.000294000227847,0,0,200.759317353,0.00313686433365,peripheral,0.9,one_off_recipient,Single inflow of 64K KZT; 0 further outgoing transfers observed.,0.293770241073,"Single inflow of 64K KZT; 0 further outgoing transfers observed. Priority drivers: high case-money inflow (201 KZT), 0 seeds within 2 hops.",9
100000006122699100,2,False,2,45865,2,0,0,0,0,False,0,1,0.000402355420877,0,0,5973.03417331,0.130230767978,terminal,0.5,,Money stops here in the observed graph: receives 46K KZT from 2 payers; no outgoing transfers were traced.,0.603816262882,"Money stops here in the observed graph: receives 46K KZT from 2 payers; no outgoing transfers were traced. Priority drivers: high case-money inflow (6K KZT), 1 seeds within 2 hops.",4
100000006126743100,3,False,1,55000,1,0,0,0,0,False,0,0,0.000285805025139,0,0,65.7447656634,0.0011953593757,peripheral,0.9,one_off_recipient,Single inflow of 55K KZT; 0 further outgoing transfers observed.,0.216721717779,"Single inflow of 55K KZT; 0 further outgoing transfers observed. Priority drivers: high case-money inflow (66 KZT), 0 seeds within 2 hops.",5
100000006161893100,2,False,1,14000,1,0,0,0,0,False,0,1,0.000528711969824,0,0,14000,1,peripheral,0.9,one_off_recipient,Single inflow of 14K KZT; 0 further outgoing transfers observed.,0.581855706198,"Single inflow of 14K KZT; 0 further outgoing transfers observed. Priority drivers: high case-money inflow (14K KZT), 1 seeds within 2 hops.",4
100000006165886100,3,False,2,184481,2,1,75000,1,0.406545931559,False,0,0,0.000296934466782,6.92098645202e-07,1,478.091467113,0.0025915485449,peripheral,0.6,other,"Limited role evidence: 2 payers, 1 recipients, 184K KZT received in observed graph.",0.390236374274,"Limited role evidence: 2 payers, 1 recipients, 184K KZT received in observed graph. Priority drivers: high case-money inflow (478 KZT), strong bridge position.",0
100000006169033100,3,False,1,49000,1,3,1140271,10,23.2708367347,False,0,0,0.000415538196274,3.92330765746e-05,0,1005.15785131,0.000881507861995,peripheral,0.6,other,"Limited role evidence: 1 payers, 3 recipients, 49K KZT received in observed graph.",0.489432029152,"Limited role evidence: 1 payers, 3 recipients, 49K KZT received in observed graph. Priority drivers: high case-money inflow (1K KZT), strong bridge position.",39
100000006171671100,4,False,1,10000,1,0,0,0,0,True,0,0,0.000525944357629,0,0,8.46442580416,0.000846442580416,peripheral,0.9,cut_off_hop4,Outgoing transfers not observed: graph cut off at hop 4.,0.198867190919,"Outgoing transfers not observed: graph cut off at hop 4. Priority drivers: high weighted network importance, 0 seeds within 2 hops.",0
100000006177176100,1,False,1,8911,1,0,0,0,0,False,1,1,0.00028498907743,0,0,8911,1,peripheral,0.9,one_off_recipient,Single inflow of 9K KZT; 0 further outgoing transfers observed.,0.448351000364,"Single inflow of 9K KZT; 0 further outgoing transfers observed. Priority drivers: high case-money inflow (9K KZT), 1 seeds within 2 hops.",4
100000006209210100,3,False,1,229111,1,0,0,0,0,False,0,0,0.000358720433925,0,0,597.228377048,0.00260672065963,peripheral,0.9,one_off_recipient,Single inflow of 229K KZT; 0 further outgoing transfers observed.,0.382980683739,"Single inflow of 229K KZT; 0 further outgoing transfers observed. Priority drivers: high case-money inflow (597 KZT), high weighted network importance.",6
100000006225798100,3,False,3,722000,4,2,26300,2,0.0364265927978,False,0,0,0.000357885851196,3.84404891691e-05,0,1353.78198232,0.00187504429684,terminal,1,,Possible holding point: receives 722K KZT from 3 payers; observed onward flow is 4%.,0.546150798587,"Possible holding point: receives 722K KZT from 3 payers; observed onward flow is 4%. Priority drivers: high case-money inflow (1K KZT), strong bridge position.",16
100000006232642100,4,False,1,456000,4,0,0,0,0,True,0,0,0.000425286695304,0,0,401.967585069,0.000881507861993,peripheral,0.9,cut_off_hop4,Outgoing transfers not observed: graph cut off at hop 4.,0.267747879726,"Outgoing transfers not observed: graph cut off at hop 4. Priority drivers: high case-money inflow (402 KZT), high weighted network importance.",39
100000006232815100,0,True,1,160000,2,5,296500,5,1.853125,False,0,1,0.000552707201913,2.77405591942e-06,0,54398.640034,1,peripheral,0.6,other,"Limited role evidence: 1 payers, 5 recipients, 160K KZT received in observed graph.",0.421898365051,"Limited role evidence: 1 payers, 5 recipients, 160K KZT received in observed graph. Priority drivers: high case-money inflow (54K KZT), 1 seeds within 2 hops.",28
100000006240939100,2,False,1,160000,1,5,778015,5,4.86259375,False,0,1,0.000316996453189,4.16108387913e-06,0.212033187021,13658.5365854,0.0175556211453,peripheral,0.6,other,"Limited role evidence: 1 payers, 5 recipients, 160K KZT received in observed graph.",0.60286265784,"Limited role evidence: 1 payers, 5 recipients, 160K KZT received in observed graph. Priority drivers: high case-money inflow (14K KZT), 1 seeds within 2 hops.",26
100000006248077100,2,False,1,50000,1,0,0,0,0,False,0,2,0.000292262396863,0,0,10752.5220174,0.215050440347,peripheral,0.9,one_off_recipient,Single inflow of 50K KZT; 0 further outgoing transfers observed.,0.53486647226,"Single inflow of 50K KZT; 0 further outgoing transfers observed. Priority drivers: high case-money inflow (11K KZT), 2 seeds within 2 hops.",4
100000006249740100,0,True,0,0,0,3,93007,5,,False,0,0,0.00028403728618,0,,0,1,peripheral,0.6,other,"Limited role evidence: 0 payers, 3 recipients, 0 KZT received in observed graph.",0.0845709468331,"Limited role evidence: 0 payers, 3 recipients, 0 KZT received in observed graph. Priority drivers: 0 seeds within 2 hops, strong bridge position.",52
100000006257675100,4,False,1,70000,2,0,0,0,0,True,0,0,0.000380339059448,0,0,1028.18937257,0.0146884196082,peripheral,0.9,cut_off_hop4,Outgoing transfers not observed: graph cut off at hop 4.,0.282162518254,"Outgoing transfers not observed: graph cut off at hop 4. Priority drivers: high case-money inflow (1K KZT), high weighted network importance.",20
100000006274203100,3,False,2,3417512,41,3,72000,3,0.0210679582105,False,0,0,0.000628041328624,3.73427653255e-05,0.0694444444444,7154.78614758,0.0020935657717,terminal,1,,Possible holding point: receives 3.4M KZT from 2 payers; observed onward flow is 2%.,0.620884411091,"Possible holding point: receives 3.4M KZT from 2 payers; observed onward flow is 2%. Priority drivers: high case-money inflow (7K KZT), high weighted network importance.",18
100000006288612100,4,False,1,30805,3,0,0,0,0,True,0,0,0.000296011836385,0,0,21.8903639413,0.000710610743102,peripheral,0.9,cut_off_hop4,Outgoing transfers not observed: graph cut off at hop 4.,0.164136618894,"Outgoing transfers not observed: graph cut off at hop 4. Priority drivers: 0 seeds within 2 hops, strong bridge position.",10
100000006308406100,4,False,1,183000,2,0,0,0,0,True,0,0,0.000535797636296,0,0,2687.98078829,0.0146884196082,peripheral,0.9,cut_off_hop4,Outgoing transfers not observed: graph cut off at hop 4.,0.313555472633,"Outgoing transfers not observed: graph cut off at hop 4. Priority drivers: high case-money inflow (3K KZT), high weighted network importance.",20
100000006326645100,1,False,1,25264,1,0,0,0,0,False,1,1,0.00028929997883,0,0,25264,1,peripheral,0.9,one_off_recipient,Single inflow of 25K KZT; 0 further outgoing transfers observed.,0.509160597224,"Single inflow of 25K KZT; 0 further outgoing transfers observed. Priority drivers: high case-money inflow (25K KZT), 1 seeds within 2 hops.",1
100000006351075100,4,False,1,40000,2,0,0,0,0,True,0,0,0.000289517319581,0,0,0.184341924004,4.6085481001e-06,peripheral,0.9,cut_off_hop4,Outgoing transfers not observed: graph cut off at hop 4.,0.122343841416,"Outgoing transfers not observed: graph cut off at hop 4. Priority drivers: 0 seeds within 2 hops, strong bridge position.",38
100000006369769100,1,False,1,40000,1,0,0,0,0,False,1,1,0.000292369605131,0,0,40000,1,peripheral,0.9,one_off_recipient,Single inflow of 40K KZT; 0 further outgoing transfers observed.,0.538321562991,"Single inflow of 40K KZT; 0 further outgoing transfers observed. Priority drivers: high case-money inflow (40K KZT), 1 seeds within 2 hops.",1
100000006381453100,4,False,1,45000,1,0,0,0,0,True,0,0,0.00057276600227,0,0,26.3753902607,0.000586119783571,peripheral,0.9,cut_off_hop4,Outgoing transfers not observed: graph cut off at hop 4.,0.224552335411,"Outgoing transfers not observed: graph cut off at hop 4. Priority drivers: high weighted network importance, 0 seeds within 2 hops.",8
100000006385877100,2,False,1,53706.62,5,1,36602.93,5,0.681534790311,False,0,1,0.00219487143301,0,0.303334459837,30093.9241085,0.560339192981,peripheral,0.6,other,"Limited role evidence: 1 payers, 1 recipients, 54K KZT received in observed graph.",0.638380990551,"Limited role evidence: 1 payers, 1 recipients, 54K KZT received in observed graph. Priority drivers: high case-money inflow (30K KZT), 1 seeds within 2 hops.",8
100000006412162100,4,False,1,15000,2,0,0,0,0,True,0,0,0.00029201159818,0,0,0.725774123192,4.83849415461e-05,peripheral,0.9,cut_off_hop4,Outgoing transfers not observed: graph cut off at hop 4.,0.132308323083,"Outgoing transfers not observed: graph cut off at hop 4. Priority drivers: 0 seeds within 2 hops, strong bridge position.",7
100000006416061100,4,False,1,30000,1,0,0,0,0,True,0,0,0.000432320612853,0,0,320.31805152,0.010677268384,peripheral,0.9,cut_off_hop4,Outgoing transfers not observed: graph cut off at hop 4.,0.263926549378,"Outgoing transfers not observed: graph cut off at hop 4. Priority drivers: high case-money inflow (320 KZT), high weighted network importance.",0
100000006424479100,2,False,1,500000,2,2,220000,3,0.44,False,0,1,0.00093668296594,7.31161881618e-05,0,146659.957441,0.293319914882,peripheral,0.6,other,"Limited role evidence: 1 payers, 2 recipients, 500K KZT received in observed graph.",0.759101860682,"Limited role evidence: 1 payers, 2 recipients, 500K KZT received in observed graph. Priority drivers: high case-money inflow (147K KZT), 1 seeds within 2 hops.",12
100000006443391100,1,False,3,86775.93,7,2,60041.71,6,0.691916640939,False,1,1,0.00251321298493,1.18888110832e-06,0.894488514734,48623.9545864,0.560339192981,peripheral,0.6,other,"Limited role evidence: 3 payers, 2 recipients, 87K KZT received in observed graph.",0.717364364655,"Limited role evidence: 3 payers, 2 recipients, 87K KZT received in observed graph. Priority drivers: high case-money inflow (49K KZT), 1 seeds within 2 hops.",8
100000006444163100,3,False,1,6026,1,0,0,0,0,False,0,0,0.000318427004134,0,0,128.948166292,0.0213986336363,peripheral,0.9,one_off_recipient,Single inflow of 6K KZT; 0 further outgoing transfers observed.,0.31304964735,"Single inflow of 6K KZT; 0 further outgoing transfers observed. Priority drivers: high case-money inflow (129 KZT), high weighted network importance.",0
100000006445501100,1,False,1,91000,1,0,0,0,0,False,1,2,0.000297762181918,0,0,91000,1,peripheral,0.9,one_off_recipient,Single inflow of 91K KZT; 0 further outgoing transfers observed.,0.617650446167,"Single inflow of 91K KZT; 0 further outgoing transfers observed. Priority drivers: high case-money inflow (91K KZT), 2 seeds within 2 hops.",11
100000006446271100,1,False,2,80000,2,0,0,0,0,False,1,2,0.000312160852763,0,0,54469.3230779,0.680866538474,terminal,0.5,,Money stops here in the observed graph: receives 80K KZT from 2 payers; no outgoing transfers were traced.,0.68991712389,"Money stops here in the observed graph: receives 80K KZT from 2 payers; no outgoing transfers were traced. Priority drivers: high case-money inflow (54K KZT), 2 seeds within 2 hops.",2
100000006471232100,3,False,1,41800,1,0,0,0,0,False,0,0,0.000290513532565,0,0,27.7764211034,0.0006645076819,peripheral,0.9,one_off_recipient,Single inflow of 42K KZT; 0 further outgoing transfers observed.,0.222802677465,"Single inflow of 42K KZT; 0 further outgoing transfers observed. Priority drivers: 0 seeds within 2 hops, strong bridge position.",1
100000006476758100,3,False,1,5200,1,0,0,0,0,False,0,0,0.000514353303774,0,0,1559.9999971,0.299999999442,peripheral,0.9,one_off_recipient,Single inflow of 5K KZT; 0 further outgoing transfers observed.,0.429555306789,"Single inflow of 5K KZT; 0 further outgoing transfers observed. Priority drivers: high case-money inflow (2K KZT), high weighted network importance.",11
100000006490557100,2,False,1,5000,1,0,0,0,0,False,0,1,0.000284625863798,0,0,407.838141581,0.0815676283162,peripheral,0.9,one_off_recipient,Single inflow of 5K KZT; 0 further outgoing transfers observed.,0.369229422631,"Single inflow of 5K KZT; 0 further outgoing transfers observed. Priority drivers: 1 seeds within 2 hops, high case-money inflow (408 KZT).",6
100000006490615100,4,False,1,41600,6,0,0,0,0,True,0,0,0.000392492907516,0,0,117.553388456,0.00282580260711,peripheral,0.9,cut_off_hop4,Outgoing transfers not observed: graph cut off at hop 4.,0.233452649133,"Outgoing transfers not observed: graph cut off at hop 4. Priority drivers: high weighted network importance, high case-money inflow (118 KZT).",12
100000006491272100,3,False,1,26200,1,0,0,0,0,False,0,0,0.00028809656023,0,0,17.4101012658,0.0006645076819,peripheral,0.9,one_off_recipient,Single inflow of 26K KZT; 0 further outgoing transfers observed.,0.201208360398,"Single inflow of 26K KZT; 0 further outgoing transfers observed. Priority drivers: 0 seeds within 2 hops, strong bridge position.",1
100000006491963100,4,False,1,16000,3,0,0,0,0,True,0,0,0.00029254321898,0,0,0.774159064738,4.83849415461e-05,peripheral,0.9,cut_off_hop4,Outgoing transfers not observed: graph cut off at hop 4.,0.134001317541,"Outgoing transfers not observed: graph cut off at hop 4. Priority drivers: 0 seeds within 2 hops, strong bridge position.",7
100000006492770100,3,False,1,269000,1,1,20000,1,0.0743494423792,False,0,0,0.000299081602972,1.92202445845e-05,1,227.693054136,0.00084644258043,peripheral,0.6,other,"Limited role evidence: 1 payers, 1 recipients, 269K KZT received in observed graph.",0.379456491194,"Limited role evidence: 1 payers, 1 recipients, 269K KZT received in observed graph. Priority drivers: strong bridge position, high case-money inflow (228 KZT).",0
100000006512787100,4,False,1,20000,2,0,0,0,0,True,0,0,0.000526916505722,0,0,16.9288516083,0.000846442580416,peripheral,0.9,cut_off_hop4,Outgoing transfers not observed: graph cut off at hop 4.,0.208783301316,"Outgoing transfers not observed: graph cut off at hop 4. Priority drivers: high weighted network importance, 0 seeds within 2 hops.",0
100000006518161100,1,False,3,594200,13,2,595899,13,1.00285930663,False,1,2,0.00080435439195,5.7858880605e-05,0.714716755692,543566.115696,0.912178264598,transit,0.992851733423,,Pass-through hypothesis: forwards 100% of 594K KZT received; 71% forwarded within 2 days.,0.914857350821,"Pass-through hypothesis: forwards 100% of 594K KZT received; 71% forwarded within 2 days. Priority drivers: high case-money inflow (544K KZT), 2 seeds within 2 hops.",4
100000006522972100,3,False,1,9515,1,0,0,0,0,False,0,0,0.000301654378283,0,0,57.5657703821,0.00605000214211,peripheral,0.9,one_off_recipient,Single inflow of 10K KZT; 0 further outgoing transfers observed.,0.269653707773,"Single inflow of 10K KZT; 0 further outgoing transfers observed. Priority drivers: high case-money inflow (58 KZT), high weighted network importance.",5
100000006523053100,2,False,1,5000,1,0,0,0,0,False,0,1,0.000535437265523,0,0,3439.36774902,0.687873549804,peripheral,0.9,one_off_recipient,Single inflow of 5K KZT; 0 further outgoing transfers observed.,0.548617733368,"Single inflow of 5K KZT; 0 further outgoing transfers observed. Priority drivers: high case-money inflow (3K KZT), 1 seeds within 2 hops.",2
100000006527156100,4,False,1,48500,1,0,0,0,0,True,0,0,0.000294467674089,0,0,168.011395431,0.00346415248311,peripheral,0.9,cut_off_hop4,Outgoing transfers not observed: graph cut off at hop 4.,0.201285754431,"Outgoing transfers not observed: graph cut off at hop 4. Priority drivers: high case-money inflow (168 KZT), 0 seeds within 2 hops.",44
100000006530134100,3,False,2,144663,2,0,0,0,0,False,0,0,0.000297452731409,0,0,163.261898784,0.00112856707509,terminal,0.5,,Money stops here in the observed graph: receives 145K KZT from 2 payers; no outgoing transfers were traced.,0.354773323014,"Money stops here in the observed graph: receives 145K KZT from 2 payers; no outgoing transfers were traced. Priority drivers: high case-money inflow (163 KZT), terminal role signals.",5
100000006532229100,3,False,1,105000,1,0,0,0,0,False,0,0,0.000299003760195,0,0,54.7991733755,0.000521896889291,peripheral,0.9,one_off_recipient,Single inflow of 105K KZT; 0 further outgoing transfers observed.,0.263365442643,"Single inflow of 105K KZT; 0 further outgoing transfers observed. Priority drivers: high case-money inflow (55 KZT), high weighted network importance.",9
100000006534886100,2,False,1,71700,5,1,167500,8,2.33612273361,False,0,1,0.00112395202734,0,0.483582089552,36012.1559258,0.214997945826,peripheral,0.6,other,"Limited role evidence: 1 payers, 1 recipients, 72K KZT received in observed graph.",0.640177637731,"Limited role evidence: 1 payers, 1 recipients, 72K KZT received in observed graph. Priority drivers: high case-money inflow (36K KZT), 1 seeds within 2 hops.",4
100000006557763100,2,False,1,10000,1,0,0,0,0,False,0,1,0.000345222919026,0,0,10000,1,peripheral,0.9,one_off_recipient,Single inflow of 10K KZT; 0 further outgoing transfers observed.,0.542744079126,"Single inflow of 10K KZT; 0 further outgoing transfers observed. Priority drivers: high case-money inflow (10K KZT), 1 seeds within 2 hops.",2
100000006562026100,1,False,2,75000,6,0,0,0,0,False,2,2,0.000681219639266,0,0,75000,1,terminal,0.5,,Money stops here in the observed graph: receives 75K KZT from 2 payers; no outgoing transfers were traced.,0.760055465723,"Money stops here in the observed graph: receives 75K KZT from 2 payers; no outgoing transfers were traced. Priority drivers: high case-money inflow (75K KZT), 2 seeds within 2 hops.",52
100000006564102100,2,False,1,233235,1,0,0,0,0,False,0,1,0.000425476967674,0,0,34746.7522695,0.148977435931,peripheral,0.9,one_off_recipient,Single inflow of 233K KZT; 0 further outgoing transfers observed.,0.601895232435,"Single inflow of 233K KZT; 0 further outgoing transfers observed. Priority drivers: high case-money inflow (35K KZT), 1 seeds within 2 hops.",2
100000006567935100,2,False,1,200000,1,0,0,0,0,False,0,1,0.000308795319165,0,0,330.003714297,0.00165001857149,peripheral,0.9,one_off_recipient,Single inflow of 200K KZT; 0 further outgoing transfers observed.,0.433217702964,"Single inflow of 200K KZT; 0 further outgoing transfers observed. Priority drivers: 1 seeds within 2 hops, high case-money inflow (330 KZT).",29
100000006573438100,3,False,1,5000,1,0,0,0,0,False,0,0,0.000297455746393,0,0,102.567127684,0.0205134255368,peripheral,0.9,one_off_recipient,Single inflow of 5K KZT; 0 further outgoing transfers observed.,0.275320056571,"Single inflow of 5K KZT; 0 further outgoing transfers observed. Priority drivers: high case-money inflow (103 KZT), 0 seeds within 2 hops.",39
100000006579678100,1,False,2,192930,2,6,1668800,15,8.6497693464,False,1,1,0.00062161019757,0.000448943555196,0.120805369128,47169.8604145,0.0282657361065,peripheral,0.6,other,"Limited role evidence: 2 payers, 6 recipients, 193K KZT received in observed graph.",0.73346508746,"Limited role evidence: 2 payers, 6 recipients, 193K KZT received in observed graph. Priority drivers: high case-money inflow (47K KZT), 1 seeds within 2 hops.",4
100000006595426100,2,False,1,84800,3,0,0,0,0,False,0,1,0.00033246880675,0,0,1992.94947121,0.0235017626322,peripheral,0.9,one_off_recipient,Single inflow of 85K KZT; 0 further outgoing transfers observed.,0.499486343178,"Single inflow of 85K KZT; 0 further outgoing transfers observed. Priority drivers: high case-money inflow (2K KZT), 1 seeds within 2 hops.",0
100000006612238100,2,False,1,160000,1,1,25000,1,0.15625,False,0,1,0.000337968991024,0,1,2749.60165819,0.0171850103637,peripheral,0.6,other,"Limited role evidence: 1 payers, 1 recipients, 160K KZT received in observed graph.",0.509022393595,"Limited role evidence: 1 payers, 1 recipients, 160K KZT received in observed graph. Priority drivers: high case-money inflow (3K KZT), 1 seeds within 2 hops.",1
100000006638021100,4,False,2,388500,2,0,0,0,0,True,0,0,0.000541254580438,0,0,117.488860217,0.000302416628616,peripheral,0.9,cut_off_hop4,Outgoing transfers not observed: graph cut off at hop 4.,0.248351000364,"Outgoing transfers not observed: graph cut off at hop 4. Priority drivers: high weighted network importance, high case-money inflow (117 KZT).",45
100000006641671100,3,False,2,22000,2,1,25000,3,1.13636363636,False,0,0,0.000437447132329,5.44903841314e-06,0.8,152.416975385,0.0060966790154,transit,0.659090909091,,Pass-through hypothesis: forwards 114% of 22K KZT received; 80% forwarded within 2 days.,0.517660120421,"Pass-through hypothesis: forwards 114% of 22K KZT received; 80% forwarded within 2 days. Priority drivers: transit role signals, strong bridge position.",3
100000006656003100,1,False,1,20000,1,1,9000,1,0.45,False,1,1,0.000288203445655,0,1,20000,1,peripheral,0.6,other,"Limited role evidence: 1 payers, 1 recipients, 20K KZT received in observed graph.",0.494096401638,"Limited role evidence: 1 payers, 1 recipients, 20K KZT received in observed graph. Priority drivers: high case-money inflow (20K KZT), 1 seeds within 2 hops.",1
100000006658598100,1,False,1,9000,1,0,0,0,0,False,1,1,0.000284998583593,0,0,9000,1,peripheral,0.9,one_off_recipient,Single inflow of 9K KZT; 0 further outgoing transfers observed.,0.448696509437,"Single inflow of 9K KZT; 0 further outgoing transfers observed. Priority drivers: high case-money inflow (9K KZT), 1 seeds within 2 hops.",4
100000006664478100,3,False,1,55000,3,2,60000,2,1.09090909091,False,0,0,0.000613016767026,1.18888110832e-06,0.666666666667,4695.12195122,0.0782520325203,transit,0.772727272727,,Pass-through hypothesis: forwards 109% of 55K KZT received; 67% forwarded within 2 days.,0.632714641753,"Pass-through hypothesis: forwards 109% of 55K KZT received; 67% forwarded within 2 days. Priority drivers: high case-money inflow (5K KZT), high weighted network importance.",26
100000006679055100,2,False,1,25000,1,0,0,0,0,False,0,1,0.000299197926895,0,0,3724.43589829,0.148977435931,peripheral,0.9,one_off_recipient,Single inflow of 25K KZT; 0 further outgoing transfers observed.,0.482694602227,"Single inflow of 25K KZT; 0 further outgoing transfers observed. Priority drivers: high case-money inflow (4K KZT), 1 seeds within 2 hops.",2
100000006684930100,2,False,1,10000,1,0,0,0,0,False,0,1,0.000297090199775,0,0,2933.19914882,0.293319914882,peripheral,0.9,one_off_recipient,Single inflow of 10K KZT; 0 further outgoing transfers observed.,0.471983820962,"Single inflow of 10K KZT; 0 further outgoing transfers observed. Priority drivers: high case-money inflow (3K KZT), 1 seeds within 2 hops.",12
100000006687202100,1,False,1,50000,1,0,0,0,0,False,1,1,0.000293346692493,0,0,50000,1,peripheral,0.9,one_off_recipient,Single inflow of 50K KZT; 0 further outgoing transfers observed.,0.549965218753,"Single inflow of 50K KZT; 0 further outgoing transfers observed. Priority drivers: high case-money inflow (50K KZT), 1 seeds within 2 hops.",0
100000006689603100,4,False,1,400000,2,0,0,0,0,True,0,0,0.000310676813409,0,0,17.1192411661,4.27981029153e-05,peripheral,0.9,cut_off_hop4,Outgoing transfers not observed: graph cut off at hop 4.,0.17584246629,"Outgoing transfers not observed: graph cut off at hop 4. Priority drivers: high weighted network importance, 0 seeds within 2 hops.",3
100000006693788100,4,False,1,10764,1,0,0,0,0,True,0,0,0.000528945086285,0,0,52.204975283,0.00484996054282,peripheral,0.9,cut_off_hop4,Outgoing transfers not observed: graph cut off at hop 4.,0.228712264651,"Outgoing transfers not observed: graph cut off at hop 4. Priority drivers: high weighted network importance, high case-money inflow (52 KZT).",0
100000006701983100,3,False,1,27000,1,0,0,0,0,False,0,0,0.000288220507529,0,0,17.9417074113,0.0006645076819,peripheral,0.9,one_off_recipient,Single inflow of 27K KZT; 0 further outgoing transfers observed.,0.202866803949,"Single inflow of 27K KZT; 0 further outgoing transfers observed. Priority drivers: 0 seeds within 2 hops, strong bridge position.",1
100000006704530100,3,False,1,450500,1,3,428000,5,0.950055493896,False,0,0,0.00039600431241,5.8849614862e-05,0,145.384509985,0.000322718113174,transit,0.875138734739,,Pass-through hypothesis: forwards 95% of 450K KZT received; 0% forwarded within 2 days.,0.529856590701,"Pass-through hypothesis: forwards 95% of 450K KZT received; 0% forwarded within 2 days. Priority drivers: strong bridge position, transit role signals.",25
100000006706519100,4,False,1,36000,3,0,0,0,0,True,0,0,0.00038848627054,0,0,30.471932895,0.000846442580416,peripheral,0.9,cut_off_hop4,Outgoing transfers not observed: graph cut off at hop 4.,0.206461480345,"Outgoing transfers not observed: graph cut off at hop 4. Priority drivers: high weighted network importance, 0 seeds within 2 hops.",0
100000006707582100,1,False,2,39520,2,14,961138,15,24.3202935223,False,1,1,0.00053486033855,0.000363467374394,0.947978334017,22408.4703768,0.0233145192228,distributor,0.7,,Fan-out hypothesis: sends 961K KZT to 14 recipients after receiving from 2 payers.,0.819538307743,"Fan-out hypothesis: sends 961K KZT to 14 recipients after receiving from 2 payers. Priority drivers: high case-money inflow (22K KZT), 1 seeds within 2 hops.",7
100000006710485100,3,False,1,20000,1,0,0,0,0,False,0,0,0.000287135968661,0,0,13.290153638,0.0006645076819,peripheral,0.9,one_off_recipient,Single inflow of 20K KZT; 0 further outgoing transfers observed.,0.188148117436,"Single inflow of 20K KZT; 0 further outgoing transfers observed. Priority drivers: 0 seeds within 2 hops, strong bridge position.",1
100000006714366100,3,False,1,10500,1,1,5000,1,0.47619047619,False,0,0,0.000287895192303,1.92202445845e-05,1,113.461626313,0.0108058691727,peripheral,0.6,other,"Limited role evidence: 1 payers, 1 recipients, 10K KZT received in observed graph.",0.315813719935,"Limited role evidence: 1 payers, 1 recipients, 10K KZT received in observed graph. Priority drivers: strong bridge position, high case-money inflow (113 KZT).",12
100000006734214100,3,False,5,610000,10,3,36000,4,0.0590163934426,False,0,0,0.000602458068143,5.94440554161e-05,0.722222222222,1324.16000068,0.00217075409948,consolidator,0.5,,"Signs of consolidation: receives from 5 payers (0 seeds within 2 hops), 610K KZT in, forwards 6%.",0.691230058368,"Signs of consolidation: receives from 5 payers (0 seeds within 2 hops), 610K KZT in, forwards 6%. Priority drivers: consolidator role signals, high case-money inflow (1K KZT).",5
100000006734554100,1,False,1,16500,1,1,25000,1,1.51515151515,False,1,1,0.00031018136211,5.94440554161e-07,0,16500,0.66,peripheral,0.6,other,"Limited role evidence: 1 payers, 1 recipients, 16K KZT received in observed graph.",0.596747147247,"Limited role evidence: 1 payers, 1 recipients, 16K KZT received in observed graph. Priority drivers: high case-money inflow (16K KZT), 1 seeds within 2 hops.",28
100000006735545100,4,False,1,5000,1,0,0,0,0,True,0,0,0.000291689263948,0,0,2.4731737064,0.00049463474128,peripheral,0.9,cut_off_hop4,Outgoing transfers not observed: graph cut off at hop 4.,0.134436658973,"Outgoing transfers not observed: graph cut off at hop 4. Priority drivers: 0 seeds within 2 hops, strong bridge position.",3
100000006745291100,1,False,1,82534,1,0,0,0,0,False,1,2,0.000296485314145,0,0,82534,1,peripheral,0.9,one_off_recipient,Single inflow of 83K KZT; 0 further outgoing transfers observed.,0.612951522774,"Single inflow of 83K KZT; 0 further outgoing transfers observed. Priority drivers: high case-money inflow (83K KZT), 2 seeds within 2 hops.",11
100000006746688100,3,False,1,41000,1,0,0,0,0,False,0,0,0.000290389585266,0,0,27.2448149579,0.0006645076819,peripheral,0.9,one_off_recipient,Single inflow of 41K KZT; 0 further outgoing transfers observed.,0.221558844802,"Single inflow of 41K KZT; 0 further outgoing transfers observed. Priority drivers: 0 seeds within 2 hops, strong bridge position.",1
100000006755850100,2,False,1,443475.8,3,0,0,0,0,False,0,2,0.000645010713876,0,0,165233.381979,0.372587144505,terminal,0.739126333333,,Money stops here in the observed graph: receives 443K KZT from 1 payers; no outgoing transfers were traced.,0.772562894168,"Money stops here in the observed graph: receives 443K KZT from 1 payers; no outgoing transfers were traced. Priority drivers: high case-money inflow (165K KZT), 2 seeds within 2 hops.",5
100000006756956100,4,False,1,121200,9,0,0,0,0,True,0,0,0.000309233619511,0,0,229.463776954,0.00189326548642,peripheral,0.9,cut_off_hop4,Outgoing transfers not observed: graph cut off at hop 4.,0.227164384003,"Outgoing transfers not observed: graph cut off at hop 4. Priority drivers: high case-money inflow (229 KZT), high weighted network importance.",0
100000006787636100,2,False,1,20000,1,0,0,0,0,False,0,1,0.000355982866759,0,0,9154.86828284,0.457743414142,peripheral,0.9,one_off_recipient,Single inflow of 20K KZT; 0 further outgoing transfers observed.,0.543573300902,"Single inflow of 20K KZT; 0 further outgoing transfers observed. Priority drivers: high case-money inflow (9K KZT), 1 seeds within 2 hops.",53
100000006788200100,1,False,4,272155.8,4,3,64500,4,0.236996602681,False,1,1,0.000335268548681,9.68938103283e-05,0,94672.9577137,0.347863090604,peripheral,0.6,other,"Limited role evidence: 4 payers, 3 recipients, 272K KZT received in observed graph.",0.698430467451,"Limited role evidence: 4 payers, 3 recipients, 272K KZT received in observed graph. Priority drivers: high case-money inflow (95K KZT), 1 seeds within 2 hops.",6
100000006789108100,1,False,1,37500,1,0,0,0,0,False,1,2,0.000289693149808,0,0,37500,1,peripheral,0.9,one_off_recipient,Single inflow of 38K KZT; 0 further outgoing transfers observed.,0.568449954162,"Single inflow of 38K KZT; 0 further outgoing transfers observed. Priority drivers: high case-money inflow (38K KZT), 2 seeds within 2 hops.",11
100000006831291100,0,True,0,0,0,1,15000,3,,False,0,0,0.00028403728618,0,,0,1,peripheral,0.6,other,"Limited role evidence: 0 payers, 1 recipients, 0 KZT received in observed graph.",0.0845709468331,"Limited role evidence: 0 payers, 1 recipients, 0 KZT received in observed graph. Priority drivers: 0 seeds within 2 hops, strong bridge position.",52
100000006844004100,3,False,1,20600,1,0,0,0,0,False,0,0,0.000542188879883,0,0,618.370239167,0.0300179727751,peripheral,0.9,one_off_recipient,Single inflow of 21K KZT; 0 further outgoing transfers observed.,0.413316380355,"Single inflow of 21K KZT; 0 further outgoing transfers observed. Priority drivers: high case-money inflow (618 KZT), high weighted network importance.",0
100000006844768100,2,False,1,282000,5,2,188000,5,0.666666666667,False,0,1,0.00137325696589,3.88367828719e-05,0.867021276596,27255.6319237,0.0966511770343,peripheral,0.6,other,"Limited role evidence: 1 payers, 2 recipients, 282K KZT received in observed graph.",0.713529213944,"Limited role evidence: 1 payers, 2 recipients, 282K KZT received in observed graph. Priority drivers: high case-money inflow (27K KZT), 1 seeds within 2 hops.",0
100000006852430100,2,False,1,37000,1,0,0,0,0,False,0,2,0.000533021475599,0,0,37000,1,peripheral,0.9,one_off_recipient,Single inflow of 37K KZT; 0 further outgoing transfers observed.,0.662497523852,"Single inflow of 37K KZT; 0 further outgoing transfers observed. Priority drivers: high case-money inflow (37K KZT), 2 seeds within 2 hops.",11
100000006866783100,0,True,13,838812,31,67,3948037,90,4.70670066713,False,0,1,0.00086479718929,0.00604522526401,1,38421.9251713,1,consolidator,1,,"Signs of consolidation: seed receives from 13 payers, 839K KZT observed in and 3.9M KZT observed out.",0.541774811007,"Signs of consolidation: seed receives from 13 payers, 839K KZT observed in and 3.9M KZT observed out. Priority drivers: high case-money inflow (38K KZT), consolidator role signals.",0
100000006866831100,4,False,1,16500,1,0,0,0,0,True,0,0,0.00036559311585,0,0,176.174928336,0.010677268384,peripheral,0.9,cut_off_hop4,Outgoing transfers not observed: graph cut off at hop 4.,0.239886028074,"Outgoing transfers not observed: graph cut off at hop 4. Priority drivers: high case-money inflow (176 KZT), high weighted network importance.",0
100000006882208100,3,False,1,18000,1,0,0,0,0,False,0,0,0.000635321407258,0,0,16419.2087628,0.912178264598,peripheral,0.9,one_off_recipient,Single inflow of 18K KZT; 0 further outgoing transfers observed.,0.505429099235,"Single inflow of 18K KZT; 0 further outgoing transfers observed. Priority drivers: high case-money inflow (16K KZT), high weighted network importance.",4
100000006888238100,2,False,1,18000,1,1,30000,1,1.66666666667,False,0,1,0.00060500163172,3.96293702774e-07,0,2343.31797235,0.0781105990783,peripheral,0.6,other,"Limited role evidence: 1 payers, 1 recipients, 18K KZT received in observed graph.",0.606905113995,"Limited role evidence: 1 payers, 1 recipients, 18K KZT received in observed graph. Priority drivers: high case-money inflow (2K KZT), 1 seeds within 2 hops.",57
100000006889963100,1,False,4,1431000,6,1,443475.8,3,0.309906219427,False,2,4,0.000424674620495,2.51646501262e-05,1,533172.203788,0.372587144506,peripheral,0.6,other,"Limited role evidence: 4 payers, 1 recipients, 1.4M KZT received in observed graph.",0.782239451608,"Limited role evidence: 4 payers, 1 recipients, 1.4M KZT received in observed graph. Priority drivers: high case-money inflow (533K KZT), 4 seeds within 2 hops.",5
100000006894637100,3,False,1,52831,1,0,0,0,0,False,0,0,0.000288686815842,0,0,256.228265441,0.00484996054288,peripheral,0.9,one_off_recipient,Single inflow of 53K KZT; 0 further outgoing transfers observed.,0.281608321701,"Single inflow of 53K KZT; 0 further outgoing transfers observed. Priority drivers: high case-money inflow (256 KZT), 0 seeds within 2 hops.",0
100000006901046100,2,False,1,75800,3,1,5500,1,0.0725593667546,False,0,1,0.00318556130485,0,1,51740.2408205,0.68258892903,peripheral,0.6,other,"Limited role evidence: 1 payers, 1 recipients, 76K KZT received in observed graph.",0.659940756711,"Limited role evidence: 1 payers, 1 recipients, 76K KZT received in observed graph. Priority drivers: high case-money inflow (52K KZT), high weighted network importance.",4
100000006903193100,4,False,1,9000,1,0,0,0,0,True,0,0,0.000299959285871,0,0,109.173749181,0.0121304165756,peripheral,0.9,cut_off_hop4,Outgoing transfers not observed: graph cut off at hop 4.,0.19910904727,"Outgoing transfers not observed: graph cut off at hop 4. Priority drivers: high case-money inflow (109 KZT), high weighted network importance.",0
100000006912294100,2,False,1,6335.09,1,2,30000,2,4.73552861917,False,0,1,0.000509434198055,5.94440554161e-07,0,3549.79921806,0.118326640602,peripheral,0.6,other,"Limited role evidence: 1 payers, 2 recipients, 6K KZT received in observed graph.",0.601929783343,"Limited role evidence: 1 payers, 2 recipients, 6K KZT received in observed graph. Priority drivers: high case-money inflow (4K KZT), 1 seeds within 2 hops.",8
100000006918814100,4,False,1,20000,2,0,0,0,0,True,0,0,0.000302673001357,0,0,4.58993508902,0.000229496754451,peripheral,0.9,cut_off_hop4,Outgoing transfers not observed: graph cut off at hop 4.,0.15480096374,"Outgoing transfers not observed: graph cut off at hop 4. Priority drivers: high weighted network importance, 0 seeds within 2 hops.",2
100000006919124100,3,False,1,25000,1,0,0,0,0,False,0,0,0.000285435456885,0,0,21.1610645107,0.00084644258043,peripheral,0.9,one_off_recipient,Single inflow of 25K KZT; 0 further outgoing transfers observed.,0.187906261085,"Single inflow of 25K KZT; 0 further outgoing transfers observed. Priority drivers: 0 seeds within 2 hops, strong bridge position.",0
100000006952718100,1,False,1,71489,1,0,0,0,0,False,1,1,0.000291673085159,0,0,71489,1,peripheral,0.9,one_off_recipient,Single inflow of 71K KZT; 0 further outgoing transfers observed.,0.553523962206,"Single inflow of 71K KZT; 0 further outgoing transfers observed. Priority drivers: high case-money inflow (71K KZT), 1 seeds within 2 hops.",4
100000006965162100,3,False,1,10000,1,0,0,0,0,False,0,0,0.00030752951089,0,0,110.404512759,0.0110404512759,peripheral,0.9,one_off_recipient,Single inflow of 10K KZT; 0 further outgoing transfers observed.,0.294979522829,"Single inflow of 10K KZT; 0 further outgoing transfers observed. Priority drivers: high case-money inflow (110 KZT), high weighted network importance.",27
100000006967370100,3,False,1,33225,1,1,13526.27,1,0.407111211437,False,0,0,0.000292006632409,1.92202445845e-05,1,124.920318771,0.00375982900741,peripheral,0.6,other,"Limited role evidence: 1 payers, 1 recipients, 33K KZT received in observed graph.",0.338479115128,"Limited role evidence: 1 payers, 1 recipients, 33K KZT received in observed graph. Priority drivers: strong bridge position, high case-money inflow (125 KZT).",16
100000006972210100,1,False,3,488775,4,0,0,0,0,False,3,4,0.000344381165123,0,0,488775,1,terminal,0.814625,,Money stops here in the observed graph: receives 489K KZT from 3 payers; no outgoing transfers were traced.,0.749367718396,"Money stops here in the observed graph: receives 489K KZT from 3 payers; no outgoing transfers were traced. Priority drivers: high case-money inflow (489K KZT), 4 seeds within 2 hops.",8
100000006977207100,2,False,1,414000,1,15,4157018,15,10.0411062802,False,0,1,0.000345885361987,3.27734892194e-05,0,8965.43690719,0.00215669908266,distributor,0.75,,Fan-out hypothesis: sends 4.2M KZT to 15 recipients after receiving from 1 payers.,0.742420682634,"Fan-out hypothesis: sends 4.2M KZT to 15 recipients after receiving from 1 payers. Priority drivers: high case-money inflow (9K KZT), 1 seeds within 2 hops.",3
100000006989106100,2,False,1,64000,2,0,0,0,0,False,0,1,0.000492730779656,0,0,64000,1,peripheral,0.9,one_off_recipient,Single inflow of 64K KZT; 0 further outgoing transfers observed.,0.629950569169,"Single inflow of 64K KZT; 0 further outgoing transfers observed. Priority drivers: high case-money inflow (64K KZT), 1 seeds within 2 hops.",6
100000006989232100,3,False,1,22194,1,0,0,0,0,False,0,0,0.000285990526916,0,0,107.640024289,0.00484996054288,peripheral,0.9,one_off_recipient,Single inflow of 22K KZT; 0 further outgoing transfers observed.,0.230887589775,"Single inflow of 22K KZT; 0 further outgoing transfers observed. Priority drivers: high case-money inflow (108 KZT), 0 seeds within 2 hops.",0
100000006994985100,2,False,1,48500,2,1,10200,2,0.210309278351,False,0,1,0.000498323269571,1.96165382873e-05,1,16871.3598942,0.347863090602,peripheral,0.6,other,"Limited role evidence: 1 payers, 1 recipients, 48K KZT received in observed graph.",0.655483689668,"Limited role evidence: 1 payers, 1 recipients, 48K KZT received in observed graph. Priority drivers: high case-money inflow (17K KZT), 1 seeds within 2 hops.",6
100000007005380100,3,False,1,9400,1,0,0,0,0,False,0,0,0.000301441454942,0,0,56.8700201358,0.00605000214211,peripheral,0.9,one_off_recipient,Single inflow of 9K KZT; 0 further outgoing transfers observed.,0.268686282368,"Single inflow of 9K KZT; 0 further outgoing transfers observed. Priority drivers: high case-money inflow (57 KZT), high weighted network importance.",5
100000007018630100,0,True,0,0,0,1,200000,5,,False,0,0,0.00028403728618,0,,0,1,peripheral,0.6,other,"Limited role evidence: 0 payers, 1 recipients, 0 KZT received in observed graph.",0.0845709468331,"Limited role evidence: 0 payers, 1 recipients, 0 KZT received in observed graph. Priority drivers: 0 seeds within 2 hops, strong bridge position.",60
100000007020162100,3,False,1,86395,1,0,0,0,0,False,0,0,0.000308373403371,0,0,95.5236501799,0.00110566178807,peripheral,0.9,one_off_recipient,Single inflow of 86K KZT; 0 further outgoing transfers observed.,0.290107844899,"Single inflow of 86K KZT; 0 further outgoing transfers observed. Priority drivers: high case-money inflow (96 KZT), high weighted network importance.",14
100000007022818100,3,False,1,17200,1,0,0,0,0,False,0,0,0.000286702153113,0,0,11.4295321287,0.0006645076819,peripheral,0.9,one_off_recipient,Single inflow of 17K KZT; 0 further outgoing transfers observed.,0.18078877418,"Single inflow of 17K KZT; 0 further outgoing transfers observed. Priority drivers: 0 seeds within 2 hops, strong bridge position.",1
100000007034089100,4,False,2,198000,2,0,0,0,0,True,0,0,0.000319357299611,0,0,33.2493712721,0.000167926117536,peripheral,0.9,cut_off_hop4,Outgoing transfers not observed: graph cut off at hop 4.,0.192482183249,"Outgoing transfers not observed: graph cut off at hop 4. Priority drivers: high weighted network importance, 0 seeds within 2 hops.",8
100000007042175100,4,False,1,60000,1,0,0,0,0,True,0,0,0.000530840875788,0,0,118.983591407,0.00198305985678,peripheral,0.9,cut_off_hop4,Outgoing transfers not observed: graph cut off at hop 4.,0.246754748446,"Outgoing transfers not observed: graph cut off at hop 4. Priority drivers: high weighted network importance, high case-money inflow (119 KZT).",0
100000007055802100,1,False,6,2024999,34,1,605000,7,0.298765579637,False,1,1,0.00117094735573,4.35923073052e-06,1,254676.853516,0.125766409522,consolidator,0.6,,"Signs of consolidation: receives from 6 payers (1 seeds within 2 hops), 2.0M KZT in, forwards 30%.",0.913565146887,"Signs of consolidation: receives from 6 payers (1 seeds within 2 hops), 2.0M KZT in, forwards 30%. Priority drivers: high case-money inflow (255K KZT), consolidator role signals.",0
100000007071852100,4,False,1,195000,1,0,0,0,0,True,0,0,0.000440933045933,0,0,304.235528263,0.00156018219622,peripheral,0.9,cut_off_hop4,Outgoing transfers not observed: graph cut off at hop 4.,0.263249351595,"Outgoing transfers not observed: graph cut off at hop 4. Priority drivers: high case-money inflow (304 KZT), high weighted network importance.",3
100000007129492100,1,False,2,50990,2,1,37000,1,0.725632476956,False,2,4,0.000292922575594,2.51646501262e-05,1,50990,1,peripheral,0.6,other,"Limited role evidence: 2 payers, 1 recipients, 51K KZT received in observed graph.",0.679208646019,"Limited role evidence: 2 payers, 1 recipients, 51K KZT received in observed graph. Priority drivers: high case-money inflow (51K KZT), 4 seeds within 2 hops.",11
100000007131370100,3,False,1,30000,1,1,30000,1,1,False,0,0,0.000892360019628,0,0,673.564114806,0.0224521371602,transit,1,,Pass-through hypothesis: forwards 100% of 30K KZT received; 0% forwarded within 2 days.,0.536524915811,"Pass-through hypothesis: forwards 100% of 30K KZT received; 0% forwarded within 2 days. Priority drivers: high case-money inflow (674 KZT), high weighted network importance.",15
100000007138613100,3,False,3,1002000,3,2,179000,2,0.178642714571,False,0,0,0.000352148107166,3.88367828719e-05,0,2148.36679598,0.0021440786387,terminal,1,,Possible holding point: receives 1.0M KZT from 3 payers; observed onward flow is 18%.,0.55458121997,"Possible holding point: receives 1.0M KZT from 3 payers; observed onward flow is 18%. Priority drivers: high case-money inflow (2K KZT), strong bridge position.",0
100000007140834100,3,False,1,10200,2,0,0,0,0,False,0,0,0.000707612065619,0,0,3548.20352206,0.347863090398,peripheral,0.9,one_off_recipient,Single inflow of 10K KZT; 0 further outgoing transfers observed.,0.467423101197,"Single inflow of 10K KZT; 0 further outgoing transfers observed. Priority drivers: high case-money inflow (4K KZT), high weighted network importance.",6
100000007153161100,4,False,1,44997,1,0,0,0,0,True,0,0,0.000527807839547,0,0,38.087376791,0.000846442580416,peripheral,0.9,cut_off_hop4,Outgoing transfers not observed: graph cut off at hop 4.,0.223052826034,"Outgoing transfers not observed: graph cut off at hop 4. Priority drivers: high weighted network importance, 0 seeds within 2 hops.",0
100000007170072100,3,False,1,100000,1,2,99500,9,0.995,False,0,0,0.000305955596836,3.84404891691e-05,1,167.122668388,0.00167122668388,transit,0.9875,,Pass-through hypothesis: forwards 100% of 100K KZT received; 100% forwarded within 2 days.,0.491194125424,"Pass-through hypothesis: forwards 100% of 100K KZT received; 100% forwarded within 2 days. Priority drivers: strong bridge position, transit role signals.",3
100000007173936100,2,False,1,10000,1,0,0,0,0,False,0,1,0.000285275187829,0,0,16.5001857149,0.00165001857149,peripheral,0.9,one_off_recipient,Single inflow of 10K KZT; 0 further outgoing transfers observed.,0.276218380161,"Single inflow of 10K KZT; 0 further outgoing transfers observed. Priority drivers: 1 seeds within 2 hops, strong bridge position.",29
100000007175718100,1,False,1,20000,1,0,0,0,0,False,1,1,0.00030153962907,0,0,20000,1,peripheral,0.9,one_off_recipient,Single inflow of 20K KZT; 0 further outgoing transfers observed.,0.534140903207,"Single inflow of 20K KZT; 0 further outgoing transfers observed. Priority drivers: high case-money inflow (20K KZT), 1 seeds within 2 hops.",43
100000007181706100,1,False,2,176272,2,0,0,0,0,False,1,2,0.000317264103631,0,0,163782.580532,0.929146889649,terminal,0.5,,Money stops here in the observed graph: receives 176K KZT from 2 payers; no outgoing transfers were traced.,0.715761202556,"Money stops here in the observed graph: receives 176K KZT from 2 payers; no outgoing transfers were traced. Priority drivers: high case-money inflow (164K KZT), 2 seeds within 2 hops.",2
100000007197866100,3,False,1,20000,1,1,15000,1,0.75,False,0,0,0.000288074403099,1.92202445845e-05,1,133.030070046,0.00665150350229,peripheral,0.6,other,"Limited role evidence: 1 payers, 1 recipients, 20K KZT received in observed graph.",0.322862105026,"Limited role evidence: 1 payers, 1 recipients, 20K KZT received in observed graph. Priority drivers: strong bridge position, high case-money inflow (133 KZT).",3
100000007229557100,3,False,3,878000,3,0,0,0,0,False,0,0,0.00039194961128,0,0,2933.708069,0.00334135315376,terminal,1,,Money stops here in the observed graph: receives 878K KZT from 3 payers; no outgoing transfers were traced.,0.491664017764,"Money stops here in the observed graph: receives 878K KZT from 3 payers; no outgoing transfers were traced. Priority drivers: high case-money inflow (3K KZT), high weighted network importance.",17
100000007242833100,2,False,1,107500,3,1,45000,2,0.418604651163,False,0,2,0.000510678845438,1.98146851387e-05,1,71582.2970803,0.665881833305,peripheral,0.6,other,"Limited role evidence: 1 payers, 1 recipients, 108K KZT received in observed graph.",0.75129335563,"Limited role evidence: 1 payers, 1 recipients, 108K KZT received in observed graph. Priority drivers: high case-money inflow (72K KZT), 2 seeds within 2 hops.",10
100000007267915100,3,False,2,21000,3,1,10000,1,0.47619047619,False,0,0,0.000289819871385,1.67298989296e-06,1,34.8755246401,0.00166073926857,peripheral,0.6,other,"Limited role evidence: 2 payers, 1 recipients, 21K KZT received in observed graph.",0.28803479046,"Limited role evidence: 2 payers, 1 recipients, 21K KZT received in observed graph. Priority drivers: strong bridge position, 0 seeds within 2 hops.",16
100000007274584100,1,False,1,38000,1,0,0,0,0,False,1,2,0.00029158469245,0,0,38000,1,peripheral,0.9,one_off_recipient,Single inflow of 38K KZT; 0 further outgoing transfers observed.,0.576327561028,"Single inflow of 38K KZT; 0 further outgoing transfers observed. Priority drivers: high case-money inflow (38K KZT), 2 seeds within 2 hops.",2
100000007281639100,1,False,2,216770,4,0,0,0,0,False,1,2,0.000321763834835,0,0,148934.046182,0.687060230577,terminal,0.5,,Money stops here in the observed graph: receives 217K KZT from 2 payers; no outgoing transfers were traced.,0.718248867882,"Money stops here in the observed graph: receives 217K KZT from 2 payers; no outgoing transfers were traced. Priority drivers: high case-money inflow (149K KZT), 2 seeds within 2 hops.",4
100000007283257100,1,False,1,192000,7,0,0,0,0,False,1,1,0.000386861687121,0,0,192000,1,peripheral,0.9,one_off_recipient,Single inflow of 192K KZT; 0 further outgoing transfers observed.,0.636998954259,"Single inflow of 192K KZT; 0 further outgoing transfers observed. Priority drivers: high case-money inflow (192K KZT), 1 seeds within 2 hops.",63
100000007289427100,2,False,1,12300,1,0,0,0,0,False,0,1,0.00037151571466,0,0,12300,1,peripheral,0.9,one_off_recipient,Single inflow of 12K KZT; 0 further outgoing transfers observed.,0.556495340234,"Single inflow of 12K KZT; 0 further outgoing transfers observed. Priority drivers: high case-money inflow (12K KZT), 1 seeds within 2 hops.",2
100000007303047100,3,False,1,52250,1,0,0,0,0,False,0,0,0.000292132594161,0,0,34.7205263793,0.0006645076819,peripheral,0.9,one_off_recipient,Single inflow of 52K KZT; 0 further outgoing transfers observed.,0.23441178232,"Single inflow of 52K KZT; 0 further outgoing transfers observed. Priority drivers: 0 seeds within 2 hops, strong bridge position.",1
100000007311010100,1,False,2,64480,2,1,20000,1,0.31017369727,False,1,2,0.000307642843096,2.39757690178e-05,0,41944.9225035,0.650510584731,peripheral,0.6,other,"Limited role evidence: 2 payers, 1 recipients, 64K KZT received in observed graph.",0.689378129736,"Limited role evidence: 2 payers, 1 recipients, 64K KZT received in observed graph. Priority drivers: high case-money inflow (42K KZT), 2 seeds within 2 hops.",2
100000007322059100,2,False,2,29000,2,1,22500,2,0.775862068966,False,0,1,0.000674824258041,4.00256639802e-05,0.688888888889,4318.20417299,0.148903592172,peripheral,0.6,other,"Limited role evidence: 2 payers, 1 recipients, 29K KZT received in observed graph.",0.646154944696,"Limited role evidence: 2 payers, 1 recipients, 29K KZT received in observed graph. Priority drivers: high case-money inflow (4K KZT), 1 seeds within 2 hops.",31
100000007330432100,4,False,1,584900,1,0,0,0,0,True,0,0,0.000534951263157,0,0,632.151732048,0.00108078600111,peripheral,0.9,cut_off_hop4,Outgoing transfers not observed: graph cut off at hop 4.,0.288305669574,"Outgoing transfers not observed: graph cut off at hop 4. Priority drivers: high case-money inflow (632 KZT), high weighted network importance.",50
100000007333038100,3,False,1,17500,1,2,34994,2,1.99965714286,False,0,0,0.000298064146481,1.5851748111e-06,0,23.0588115926,0.000658936148844,peripheral,0.6,other,"Limited role evidence: 1 payers, 2 recipients, 18K KZT received in observed graph.",0.302822578788,"Limited role evidence: 1 payers, 2 recipients, 18K KZT received in observed graph. Priority drivers: strong bridge position, 0 seeds within 2 hops.",13
100000007334196100,1,False,1,150002,1,0,0,0,0,False,1,2,0.000306661042339,0,0,150002,1,peripheral,0.9,one_off_recipient,Single inflow of 150K KZT; 0 further outgoing transfers observed.,0.641421470394,"Single inflow of 150K KZT; 0 further outgoing transfers observed. Priority drivers: high case-money inflow (150K KZT), 2 seeds within 2 hops.",11
100000007337374100,2,False,1,20000,2,0,0,0,0,False,0,1,0.000290778749285,0,0,343.700207274,0.0171850103637,peripheral,0.9,one_off_recipient,Single inflow of 20K KZT; 0 further outgoing transfers observed.,0.398252184769,"Single inflow of 20K KZT; 0 further outgoing transfers observed. Priority drivers: 1 seeds within 2 hops, high case-money inflow (344 KZT).",1
100000007347733100,1,False,1,23007,1,0,0,0,0,False,1,1,0.000343759876633,0,0,23007,1,peripheral,0.9,one_off_recipient,Single inflow of 23K KZT; 0 further outgoing transfers observed.,0.569831990455,"Single inflow of 23K KZT; 0 further outgoing transfers observed. Priority drivers: high case-money inflow (23K KZT), 1 seeds within 2 hops.",52
100000007357489100,4,False,2,164500,2,0,0,0,0,True,0,0,0.000311249652118,0,0,49.7046391922,0.00030215586135,peripheral,0.9,cut_off_hop4,Outgoing transfers not observed: graph cut off at hop 4.,0.193256123572,"Outgoing transfers not observed: graph cut off at hop 4. Priority drivers: high weighted network importance, high case-money inflow (50 KZT).",8
100000007381662100,4,False,1,11000,1,0,0,0,0,True,0,0,0.000295228187382,0,0,2.2307288838,0.000202793534891,peripheral,0.9,cut_off_hop4,Outgoing transfers not observed: graph cut off at hop 4.,0.141934205859,"Outgoing transfers not observed: graph cut off at hop 4. Priority drivers: 0 seeds within 2 hops, strong bridge position.",0
100000007382152100,2,False,1,5860,1,0,0,0,0,False,0,1,0.000284942694842,0,0,228.474150068,0.0389887628103,peripheral,0.9,one_off_recipient,Single inflow of 6K KZT; 0 further outgoing transfers observed.,0.350848339944,"Single inflow of 6K KZT; 0 further outgoing transfers observed. Priority drivers: 1 seeds within 2 hops, high case-money inflow (228 KZT).",0
100000007382543100,2,False,3,218000,3,5,427000,8,1.95871559633,False,0,1,0.00118013881641,0.000244477080689,0.234192037471,4714.36890018,0.0110406765812,peripheral,0.6,other,"Limited role evidence: 3 payers, 5 recipients, 218K KZT received in observed graph.",0.667472854504,"Limited role evidence: 3 payers, 5 recipients, 218K KZT received in observed graph. Priority drivers: high case-money inflow (5K KZT), 1 seeds within 2 hops.",27
100000007390016100,3,False,1,511000,13,1,346500,14,0.678082191781,False,0,0,0.00193798552752,0,0.715728715729,3106.85790932,0.00607995676971,peripheral,0.6,other,"Limited role evidence: 1 payers, 1 recipients, 511K KZT received in observed graph.",0.474402384473,"Limited role evidence: 1 payers, 1 recipients, 511K KZT received in observed graph. Priority drivers: high case-money inflow (3K KZT), high weighted network importance.",68
100000007392365100,3,False,1,9613,1,6,1765600,9,183.667949652,False,0,0,0.000284574910779,0.000115321467507,0,8.13685252567,4.60854810018e-06,peripheral,0.6,other,"Limited role evidence: 1 payers, 6 recipients, 10K KZT received in observed graph.",0.251652685066,"Limited role evidence: 1 payers, 6 recipients, 10K KZT received in observed graph. Priority drivers: strong bridge position, 0 seeds within 2 hops.",38
100000007442518100,1,False,5,510000,8,9,4419999,12,8.66666470588,False,1,1,0.000643708711332,0.000252240941816,0.89932124419,7293.08046677,0.00165001857846,consolidator,0.5,,"Signs of consolidation: receives from 5 payers (1 seeds within 2 hops), 510K KZT in, forwards 867%.",0.83489273095,"Signs of consolidation: receives from 5 payers (1 seeds within 2 hops), 510K KZT in, forwards 867%. Priority drivers: high case-money inflow (7K KZT), consolidator role signals.",29
100000007472293100,3,False,1,5000,1,3,345900,3,69.18,False,0,0,0.000284795767558,4.80340992238e-05,0,26.3498454351,7.61776393037e-05,peripheral,0.6,other,"Limited role evidence: 1 payers, 3 recipients, 5K KZT received in observed graph.",0.272486882172,"Limited role evidence: 1 payers, 3 recipients, 5K KZT received in observed graph. Priority drivers: strong bridge position, 0 seeds within 2 hops.",45
100000007484343100,3,False,2,26757,2,0,0,0,0,False,0,0,0.000287573343929,0,0,136.131190595,0.00508768511399,terminal,0.5,,Money stops here in the observed graph: receives 27K KZT from 2 payers; no outgoing transfers were traced.,0.313312234246,"Money stops here in the observed graph: receives 27K KZT from 2 payers; no outgoing transfers were traced. Priority drivers: high case-money inflow (136 KZT), terminal role signals.",0
100000007487729100,3,False,1,25000,1,0,0,0,0,False,0,0,0.000292524364033,0,0,367.575831771,0.0147030332708,peripheral,0.9,one_off_recipient,Single inflow of 25K KZT; 0 further outgoing transfers observed.,0.311944018317,"Single inflow of 25K KZT; 0 further outgoing transfers observed. Priority drivers: high case-money inflow (368 KZT), 0 seeds within 2 hops.",0
100000007507343100,1,False,1,370000,1,0,0,0,0,False,1,1,0.000641012936334,0,0,370000,1,terminal,0.616666666667,,Money stops here in the observed graph: receives 370K KZT from 1 payers; no outgoing transfers were traced.,0.738910310451,"Money stops here in the observed graph: receives 370K KZT from 1 payers; no outgoing transfers were traced. Priority drivers: high case-money inflow (370K KZT), 1 seeds within 2 hops.",51
100000007510567100,4,False,1,52000,1,0,0,0,0,True,0,0,0.000303354560988,0,0,122.749838995,0.00236057382682,peripheral,0.9,cut_off_hop4,Outgoing transfers not observed: graph cut off at hop 4.,0.205687540021,"Outgoing transfers not observed: graph cut off at hop 4. Priority drivers: high case-money inflow (123 KZT), high weighted network importance.",7
100000007510875100,3,False,1,5000,1,0,0,0,0,False,0,0,0.000356207130559,0,0,591.197885156,0.118239577031,peripheral,0.9,one_off_recipient,Single inflow of 5K KZT; 0 further outgoing transfers observed.,0.381805952891,"Single inflow of 5K KZT; 0 further outgoing transfers observed. Priority drivers: high case-money inflow (591 KZT), high weighted network importance.",8
100000007511163100,1,False,2,63666,2,3,82052,3,1.28878836428,False,1,1,0.000337664849245,0.000136457131655,0.597182274655,16267.7302576,0.198261227728,peripheral,0.6,other,"Limited role evidence: 2 payers, 3 recipients, 64K KZT received in observed graph.",0.645152968384,"Limited role evidence: 2 payers, 3 recipients, 64K KZT received in observed graph. Priority drivers: high case-money inflow (16K KZT), 1 seeds within 2 hops.",4
100000007511780100,4,False,1,155000,2,0,0,0,0,True,0,0,0.000556405406357,0,0,201.001214373,0.00129678202822,peripheral,0.9,cut_off_hop4,Outgoing transfers not observed: graph cut off at hop 4.,0.265329316215,"Outgoing transfers not observed: graph cut off at hop 4. Priority drivers: high weighted network importance, high case-money inflow (201 KZT).",0
100000007534354100,2,False,1,50000,1,3,147810,3,2.9562,False,0,1,0.000301898381876,2.37776221665e-06,0,728.216399433,0.0049267059024,peripheral,0.6,other,"Limited role evidence: 1 payers, 3 recipients, 50K KZT received in observed graph.",0.513375807915,"Limited role evidence: 1 payers, 3 recipients, 50K KZT received in observed graph. Priority drivers: 1 seeds within 2 hops, high case-money inflow (728 KZT).",7
100000007536804100,1,False,1,100000,1,2,55000,2,0.55,False,1,1,0.000289734104441,7.92587405548e-07,0.818181818182,100000,1,peripheral,0.6,other,"Limited role evidence: 1 payers, 2 recipients, 100K KZT received in observed graph.",0.613607990012,"Limited role evidence: 1 payers, 2 recipients, 100K KZT received in observed graph. Priority drivers: high case-money inflow (100K KZT), 1 seeds within 2 hops.",6
100000007539296100,4,False,1,46000,2,0,0,0,0,True,0,0,0.000553962288562,0,0,109.535288783,0.00238120193005,peripheral,0.9,cut_off_hop4,Outgoing transfers not observed: graph cut off at hop 4.,0.248737970526,"Outgoing transfers not observed: graph cut off at hop 4. Priority drivers: high weighted network importance, high case-money inflow (110 KZT).",5
100000007544358100,1,False,2,322500,2,1,350000,3,1.08527131783,False,1,1,0.000338662456334,1.96165382873e-05,0.285714285714,300361.617356,0.858176049588,transit,0.786821705426,,Pass-through hypothesis: forwards 109% of 322K KZT received; 29% forwarded within 2 days.,0.805780136453,"Pass-through hypothesis: forwards 109% of 322K KZT received; 29% forwarded within 2 days. Priority drivers: high case-money inflow (300K KZT), 1 seeds within 2 hops.",4
100000007591246100,3,False,1,12190,1,1,120000,1,9.84413453651,False,0,0,0.000296271670256,1.02375873217e-06,0,195.916247421,0.00163263539517,peripheral,0.6,other,"Limited role evidence: 1 payers, 1 recipients, 12K KZT received in observed graph.",0.358311335922,"Limited role evidence: 1 payers, 1 recipients, 12K KZT received in observed graph. Priority drivers: strong bridge position, high case-money inflow (196 KZT).",12
100000007593823100,3,False,3,25000,3,13,162900,21,6.516,False,0,0,0.000289020984542,0.000681320318204,0.400859422959,183.797937425,0.00112828690868,distributor,0.65,,Fan-out hypothesis: sends 163K KZT to 13 recipients after receiving from 3 payers.,0.490406364738,"Fan-out hypothesis: sends 163K KZT to 13 recipients after receiving from 3 payers. Priority drivers: strong bridge position, distributor role signals.",0
100000007594394100,2,False,6,395385,6,1,3376312,40,8.53930219912,False,0,1,0.000403152758841,3.61994959623e-05,0.452716455114,7105.53734197,0.00210452628251,consolidator,0.6,,"Signs of consolidation: receives from 6 payers (1 seeds within 2 hops), 395K KZT in, forwards 854%.",0.791289485929,"Signs of consolidation: receives from 6 payers (1 seeds within 2 hops), 395K KZT in, forwards 854%. Priority drivers: high case-money inflow (7K KZT), consolidator role signals.",18
100000007597382100,3,False,1,15700,1,0,0,0,0,False,0,0,0.000284541895301,0,0,18.7671421985,0.0011953593757,peripheral,0.9,one_off_recipient,Single inflow of 16K KZT; 0 further outgoing transfers observed.,0.180926977809,"Single inflow of 16K KZT; 0 further outgoing transfers observed. Priority drivers: 0 seeds within 2 hops, strong bridge position.",5
100000007617808100,2,False,1,450000,1,0,0,0,0,False,0,2,0.000358063282328,0,0,96772.6981562,0.215050440347,terminal,0.75,,Money stops here in the observed graph: receives 450K KZT from 1 payers; no outgoing transfers were traced.,0.72481354027,"Money stops here in the observed graph: receives 450K KZT from 1 payers; no outgoing transfers were traced. Priority drivers: high case-money inflow (97K KZT), 2 seeds within 2 hops.",4
100000007618425100,3,False,1,39348,1,0,0,0,0,False,0,0,0.00029347529477,0,0,147.941751784,0.00375982900741,peripheral,0.9,one_off_recipient,Single inflow of 39K KZT; 0 further outgoing transfers observed.,0.280433590853,"Single inflow of 39K KZT; 0 further outgoing transfers observed. Priority drivers: high case-money inflow (148 KZT), 0 seeds within 2 hops.",16
100000007629096100,2,False,4,1075170,5,1,765205,5,0.711706055787,False,0,1,0.0025321466103,1.52573075568e-05,0.934612293438,23851.1353319,0.022183594531,peripheral,0.6,other,"Limited role evidence: 4 payers, 1 recipients, 1.1M KZT received in observed graph.",0.696564718456,"Limited role evidence: 4 payers, 1 recipients, 1.1M KZT received in observed graph. Priority drivers: high case-money inflow (24K KZT), 1 seeds within 2 hops.",0
100000007629121100,2,False,1,29000,1,0,0,0,0,False,0,1,0.000393717954506,0,0,29000,1,peripheral,0.9,one_off_recipient,Single inflow of 29K KZT; 0 further outgoing transfers observed.,0.592290080204,"Single inflow of 29K KZT; 0 further outgoing transfers observed. Priority drivers: high case-money inflow (29K KZT), 1 seeds within 2 hops.",2
100000007631637100,1,False,1,15341,1,0,0,0,0,False,1,1,0.000287232938806,0,0,15341,1,peripheral,0.9,one_off_recipient,Single inflow of 15K KZT; 0 further outgoing transfers observed.,0.477581067946,"Single inflow of 15K KZT; 0 further outgoing transfers observed. Priority drivers: high case-money inflow (15K KZT), 1 seeds within 2 hops.",1
100000007639767100,1,False,4,90913,4,10,822244,13,9.04429509531,False,1,1,0.000299782629428,0.00251122119965,0.0951663982954,23508.7321088,0.0285909439397,coordinator,0.501905172724,,Bridge hypothesis: top 1% betweenness; links 4 payers and 10 recipients.,0.821113829116,"Bridge hypothesis: top 1% betweenness; links 4 payers and 10 recipients. Priority drivers: high case-money inflow (24K KZT), coordinator role signals.",0
100000007641183100,1,False,1,28000,1,0,0,0,0,False,1,1,0.000287027989245,0,0,28000,1,peripheral,0.9,one_off_recipient,Single inflow of 28K KZT; 0 further outgoing transfers observed.,0.499486343178,"Single inflow of 28K KZT; 0 further outgoing transfers observed. Priority drivers: high case-money inflow (28K KZT), 1 seeds within 2 hops.",4
100000007641801100,1,False,1,200000,1,0,0,0,0,False,1,1,0.000295430922702,0,0,200000,1,peripheral,0.9,one_off_recipient,Single inflow of 200K KZT; 0 further outgoing transfers observed.,0.583272293397,"Single inflow of 200K KZT; 0 further outgoing transfers observed. Priority drivers: high case-money inflow (200K KZT), 1 seeds within 2 hops.",6
100000007647294100,3,False,1,385000,1,0,0,0,0,False,0,0,0.000574781215341,0,0,1234.28770542,0.00320594209201,terminal,0.641666666667,,Money stops here in the observed graph: receives 385K KZT from 1 payers; no outgoing transfers were traced.,0.49954162463,"Money stops here in the observed graph: receives 385K KZT from 1 payers; no outgoing transfers were traced. Priority drivers: high case-money inflow (1K KZT), high weighted network importance.",33
100000007648946100,1,False,1,19550,1,1,25000,1,1.27877237852,False,1,1,0.000287677264048,2.9130943748e-06,0,19550,0.782,peripheral,0.6,other,"Limited role evidence: 1 payers, 1 recipients, 20K KZT received in observed graph.",0.55283294406,"Limited role evidence: 1 payers, 1 recipients, 20K KZT received in observed graph. Priority drivers: high case-money inflow (20K KZT), 1 seeds within 2 hops.",12
100000007653003100,3,False,1,100000,1,0,0,0,0,False,0,0,0.000299662346152,0,0,245.882692186,0.00245882692186,peripheral,0.9,one_off_recipient,Single inflow of 100K KZT; 0 further outgoing transfers observed.,0.314915396345,"Single inflow of 100K KZT; 0 further outgoing transfers observed. Priority drivers: high case-money inflow (246 KZT), high weighted network importance.",16
100000007653094100,4,False,1,16000,1,0,0,0,0,True,0,0,0.000571630264339,0,0,2671.63799623,0.166977374764,peripheral,0.9,cut_off_hop4,Outgoing transfers not observed: graph cut off at hop 4.,0.317763773143,"Outgoing transfers not observed: graph cut off at hop 4. Priority drivers: high case-money inflow (3K KZT), high weighted network importance.",12
100000007689942100,3,False,1,5000,1,2,25000,2,5,False,0,0,0.000885029163651,1.98146851387e-05,0,105.783770507,0.00423135082029,peripheral,0.6,other,"Limited role evidence: 1 payers, 2 recipients, 5K KZT received in observed graph.",0.44057704622,"Limited role evidence: 1 payers, 2 recipients, 5K KZT received in observed graph. Priority drivers: high weighted network importance, strong bridge position.",18
100000007731977100,4,False,1,50000,1,0,0,0,0,True,0,0,0.000334905018917,0,0,10.1396767446,0.000202793534891,peripheral,0.9,cut_off_hop4,Outgoing transfers not observed: graph cut off at hop 4.,0.179180083936,"Outgoing transfers not observed: graph cut off at hop 4. Priority drivers: high weighted network importance, 0 seeds within 2 hops.",0
100000007737775100,3,False,1,6000,1,0,0,0,0,False,0,0,0.000301415445872,0,0,668.085643104,0.111347607184,peripheral,0.9,one_off_recipient,Single inflow of 6K KZT; 0 further outgoing transfers observed.,0.350364627242,"Single inflow of 6K KZT; 0 further outgoing transfers observed. Priority drivers: high case-money inflow (668 KZT), high weighted network importance.",11
100000007745062100,4,False,1,100000,1,0,0,0,0,True,0,0,0.000621253712978,0,0,5554.39579285,0.0555439579285,peripheral,0.9,cut_off_hop4,Outgoing transfers not observed: graph cut off at hop 4.,0.330243560863,"Outgoing transfers not observed: graph cut off at hop 4. Priority drivers: high case-money inflow (6K KZT), high weighted network importance.",10
100000007747786100,0,True,0,0,0,31,4238009.4,35,,False,0,0,0.00028403728618,0,,0,1,distributor,1,,Fan-out hypothesis: sends 4.2M KZT to 31 recipients after receiving from 0 payers.,0.159101400003,"Fan-out hypothesis: sends 4.2M KZT to 31 recipients after receiving from 0 payers. Priority drivers: distributor role signals, 0 seeds within 2 hops.",6
100000007749092100,2,False,1,7650,1,1,70375,5,9.19934640523,False,0,1,0.00189613143387,0,0,845.40755545,0.0120128959922,peripheral,0.6,other,"Limited role evidence: 1 payers, 1 recipients, 8K KZT received in observed graph.",0.539565395654,"Limited role evidence: 1 payers, 1 recipients, 8K KZT received in observed graph. Priority drivers: high case-money inflow (845 KZT), 1 seeds within 2 hops.",4
100000007749747100,4,False,1,50000,1,0,0,0,0,True,0,0,0.000441082927314,0,0,45.6184348783,0.000912368697566,peripheral,0.9,cut_off_hop4,Outgoing transfers not observed: graph cut off at hop 4.,0.218989639335,"Outgoing transfers not observed: graph cut off at hop 4. Priority drivers: high weighted network importance, high case-money inflow (46 KZT).",9
100000007754369100,3,False,1,82424,1,0,0,0,0,False,0,0,0.000291291224831,0,0,399.753147786,0.00484996054288,peripheral,0.9,one_off_recipient,Single inflow of 82K KZT; 0 further outgoing transfers observed.,0.308765334844,"Single inflow of 82K KZT; 0 further outgoing transfers observed. Priority drivers: high case-money inflow (400 KZT), 0 seeds within 2 hops.",0
100000007777377100,2,False,1,456290,7,2,10000,2,0.0219158868264,False,0,2,0.000359098001252,0.000135928740052,1,98125.365426,0.215050440347,terminal,0.760483333333,,Possible holding point: receives 456K KZT from 1 payers; observed onward flow is 2%.,0.815475121043,"Possible holding point: receives 456K KZT from 1 payers; observed onward flow is 2%. Priority drivers: high case-money inflow (98K KZT), 2 seeds within 2 hops.",4
100000007793871100,3,False,1,26000,3,0,0,0,0,False,0,0,0.000682776885439,0,0,323.723452333,0.0124509020128,peripheral,0.9,one_off_recipient,Single inflow of 26K KZT; 0 further outgoing transfers observed.,0.404125839011,"Single inflow of 26K KZT; 0 further outgoing transfers observed. Priority drivers: high weighted network importance, high case-money inflow (324 KZT).",7
100000007797290100,2,False,1,100000,1,1,20000,1,0.2,False,0,1,0.000299487945951,1.92202445845e-05,0,3898.87628103,0.0389887628103,peripheral,0.6,other,"Limited role evidence: 1 payers, 1 recipients, 100K KZT received in observed graph.",0.552349231357,"Limited role evidence: 1 payers, 1 recipients, 100K KZT received in observed graph. Priority drivers: high case-money inflow (4K KZT), 1 seeds within 2 hops.",0
100000007811950100,4,False,1,50000,1,0,0,0,0,True,0,0,0.000542944967852,0,0,229.58877788,0.0045917755576,peripheral,0.9,cut_off_hop4,Outgoing transfers not observed: graph cut off at hop 4.,0.26658696924,"Outgoing transfers not observed: graph cut off at hop 4. Priority drivers: high weighted network importance, high case-money inflow (230 KZT).",24
100000007841978100,4,False,1,449000,1,0,0,0,0,True,0,0,0.000503292097861,0,0,516.635840679,0.00115063661621,peripheral,0.9,cut_off_hop4,Outgoing transfers not observed: graph cut off at hop 4.,0.279743954743,"Outgoing transfers not observed: graph cut off at hop 4. Priority drivers: high case-money inflow (517 KZT), high weighted network importance.",5
100000007861311100,2,False,1,45000,1,0,0,0,0,False,0,1,0.000356454710671,0,0,24324.3196999,0.540540437774,peripheral,0.9,one_off_recipient,Single inflow of 45K KZT; 0 further outgoing transfers observed.,0.576811273731,"Single inflow of 45K KZT; 0 further outgoing transfers observed. Priority drivers: high case-money inflow (24K KZT), 1 seeds within 2 hops.",6
100000007863304100,3,False,1,25000,1,0,0,0,0,False,0,0,0.000284840803889,0,0,29.8839843925,0.0011953593757,peripheral,0.9,one_off_recipient,Single inflow of 25K KZT; 0 further outgoing transfers observed.,0.192086920869,"Single inflow of 25K KZT; 0 further outgoing transfers observed. Priority drivers: 0 seeds within 2 hops, strong bridge position.",5
100000007864477100,3,False,2,76000,2,6,203500,10,2.67763157895,False,0,0,0.00030308611326,7.54197319634e-05,0.371007371007,863.882121831,0.0042451209918,peripheral,0.6,other,"Limited role evidence: 2 payers, 6 recipients, 76K KZT received in observed graph.",0.445517825965,"Limited role evidence: 2 payers, 6 recipients, 76K KZT received in observed graph. Priority drivers: high case-money inflow (864 KZT), strong bridge position.",0
100000007865484100,4,False,1,584600,2,0,0,0,0,True,0,0,0.000364127974335,0,0,2.69415721932,4.6085481001e-06,peripheral,0.9,cut_off_hop4,Outgoing transfers not observed: graph cut off at hop 4.,0.177487089478,"Outgoing transfers not observed: graph cut off at hop 4. Priority drivers: high weighted network importance, 0 seeds within 2 hops.",38
100000007867364100,4,False,1,41852,1,0,0,0,0,True,0,0,0.000446123832108,0,0,310.4655102,0.00741817619707,peripheral,0.9,cut_off_hop4,Outgoing transfers not observed: graph cut off at hop 4.,0.263974920648,"Outgoing transfers not observed: graph cut off at hop 4. Priority drivers: high case-money inflow (310 KZT), high weighted network importance.",18
100000007898453100,2,False,1,24750,1,2,320000,2,12.9292929293,False,0,1,0.000331158969775,2.39757690178e-05,0.9375,19660.7842881,0.0614399509002,peripheral,0.6,other,"Limited role evidence: 1 payers, 2 recipients, 25K KZT received in observed graph.",0.636031528855,"Limited role evidence: 1 payers, 2 recipients, 25K KZT received in observed graph. Priority drivers: high case-money inflow (20K KZT), 1 seeds within 2 hops.",2
100000007908818100,1,False,4,727475,4,6,302000,13,0.415134540706,False,2,4,0.000472426705309,0.000177539578843,0.0496688741722,418681.82889,0.575527446152,peripheral,0.6,other,"Limited role evidence: 4 payers, 6 recipients, 727K KZT received in observed graph.",0.799065743466,"Limited role evidence: 4 payers, 6 recipients, 727K KZT received in observed graph. Priority drivers: high case-money inflow (419K KZT), 4 seeds within 2 hops.",3
100000007930878100,2,False,1,5000,1,0,0,0,0,False,0,1,0.000480333073673,0,0,5000,1,peripheral,0.9,one_off_recipient,Single inflow of 5K KZT; 0 further outgoing transfers observed.,0.545577253525,"Single inflow of 5K KZT; 0 further outgoing transfers observed. Priority drivers: high case-money inflow (5K KZT), 1 seeds within 2 hops.",41
100000007938486100,1,False,1,39500,1,0,0,0,0,False,1,1,0.000292265451144,0,0,39500,1,peripheral,0.9,one_off_recipient,Single inflow of 40K KZT; 0 further outgoing transfers observed.,0.53756144303,"Single inflow of 40K KZT; 0 further outgoing transfers observed. Priority drivers: high case-money inflow (40K KZT), 1 seeds within 2 hops.",1
100000007939160100,1,False,1,795000,2,2,14300,2,0.0179874213836,False,1,1,0.000660477590297,3.96293702774e-07,0,795000,1,terminal,1,,Possible holding point: receives 795K KZT from 1 payers; observed onward flow is 2%.,0.802311225359,"Possible holding point: receives 795K KZT from 1 payers; observed onward flow is 2%. Priority drivers: high case-money inflow (795K KZT), 1 seeds within 2 hops.",41
100000007953156100,2,False,1,18000,1,1,10000,1,0.555555555556,False,0,1,0.000474584065182,1.98146851387e-05,0,7087.06928984,0.393726071658,peripheral,0.6,other,"Limited role evidence: 1 payers, 1 recipients, 18K KZT received in observed graph.",0.628084820174,"Limited role evidence: 1 payers, 1 recipients, 18K KZT received in observed graph. Priority drivers: high case-money inflow (7K KZT), 1 seeds within 2 hops.",14
100000007960337100,4,False,1,35500,1,0,0,0,0,True,0,0,0.000301121881154,0,0,13.0046265328,0.000366327507967,peripheral,0.9,cut_off_hop4,Outgoing transfers not observed: graph cut off at hop 4.,0.164136618894,"Outgoing transfers not observed: graph cut off at hop 4. Priority drivers: high weighted network importance, 0 seeds within 2 hops.",3
100000007982728100,0,True,0,0,0,8,1804384,12,,False,0,0,0.00028403728618,0,,0,1,peripheral,0.6,other,"Limited role evidence: 0 payers, 8 recipients, 0 KZT received in observed graph.",0.0845709468331,"Limited role evidence: 0 payers, 8 recipients, 0 KZT received in observed graph. Priority drivers: 0 seeds within 2 hops, strong bridge position.",6
100000007982908100,2,False,1,31080,1,0,0,0,0,False,0,1,0.000294513519846,0,0,534.110122103,0.0171850103637,peripheral,0.9,one_off_recipient,Single inflow of 31K KZT; 0 further outgoing transfers observed.,0.424510874322,"Single inflow of 31K KZT; 0 further outgoing transfers observed. Priority drivers: 1 seeds within 2 hops, high case-money inflow (534 KZT).",1
100000007988344100,4,False,1,20000,3,0,0,0,0,True,0,0,0.000385256599405,0,0,68.8143714642,0.00344071857321,peripheral,0.9,cut_off_hop4,Outgoing transfers not observed: graph cut off at hop 4.,0.221069603954,"Outgoing transfers not observed: graph cut off at hop 4. Priority drivers: high weighted network importance, high case-money inflow (69 KZT).",0
100000007997939100,4,False,1,13000,1,0,0,0,0,True,0,0,0.000355934799482,0,0,49.3318847397,0.00379476036459,peripheral,0.9,cut_off_hop4,Outgoing transfers not observed: graph cut off at hop 4.,0.208831672586,"Outgoing transfers not observed: graph cut off at hop 4. Priority drivers: high weighted network importance, high case-money inflow (49 KZT).",8
100000007998965100,2,False,5,278000,7,1,26000,3,0.0935251798561,False,0,1,0.000469105410557,1.98146851387e-05,0.384615384615,3461.35076106,0.0124509020182,consolidator,0.5,,"Signs of consolidation: receives from 5 payers (1 seeds within 2 hops), 278K KZT in, forwards 9%.",0.777330919377,"Signs of consolidation: receives from 5 payers (1 seeds within 2 hops), 278K KZT in, forwards 9%. Priority drivers: high case-money inflow (3K KZT), consolidator role signals.",7
100000007999728100,3,False,1,23250,1,0,0,0,0,False,0,0,0.000290586446718,0,0,25.7066365725,0.00110566178807,peripheral,0.9,one_off_recipient,Single inflow of 23K KZT; 0 further outgoing transfers observed.,0.221351539358,"Single inflow of 23K KZT; 0 further outgoing transfers observed. Priority drivers: 0 seeds within 2 hops, strong bridge position.",14
100000008002020100,1,False,1,73860,1,1,17000,1,0.230165177363,False,1,1,0.000296214768452,1.5851748111e-06,0,73860,1,peripheral,0.6,other,"Limited role evidence: 1 payers, 1 recipients, 74K KZT received in observed graph.",0.629916018261,"Limited role evidence: 1 payers, 1 recipients, 74K KZT received in observed graph. Priority drivers: high case-money inflow (74K KZT), 1 seeds within 2 hops.",10
100000008003034100,1,False,1,12201,1,4,135000,4,11.0646668306,False,1,1,0.00028534048504,0.00199313902353,0.359259259259,12201,0.0903777777778,peripheral,0.6,other,"Limited role evidence: 1 payers, 4 recipients, 12K KZT received in observed graph.",0.556218932976,"Limited role evidence: 1 payers, 4 recipients, 12K KZT received in observed graph. Priority drivers: high case-money inflow (12K KZT), 1 seeds within 2 hops.",12
100000008008463100,2,False,1,54180,1,0,0,0,0,False,0,1,0.000294236956201,0,0,13003.5467612,0.240006400171,peripheral,0.9,one_off_recipient,Single inflow of 54K KZT; 0 further outgoing transfers observed.,0.50356335024,"Single inflow of 54K KZT; 0 further outgoing transfers observed. Priority drivers: high case-money inflow (13K KZT), 1 seeds within 2 hops.",6
100000008011159100,2,False,3,363000,6,5,153037,5,0.42158953168,False,0,1,0.000483181386882,0.000122112950839,0.359390212824,7446.37346989,0.0205134255369,peripheral,0.6,other,"Limited role evidence: 3 payers, 5 recipients, 363K KZT received in observed graph.",0.646189495603,"Limited role evidence: 3 payers, 5 recipients, 363K KZT received in observed graph. Priority drivers: high case-money inflow (7K KZT), 1 seeds within 2 hops.",39
100000008011573100,3,False,1,15000,1,0,0,0,0,False,0,0,0.000287635185154,0,0,56.3974351112,0.00375982900741,peripheral,0.9,one_off_recipient,Single inflow of 15K KZT; 0 further outgoing transfers observed.,0.224633875552,"Single inflow of 15K KZT; 0 further outgoing transfers observed. Priority drivers: high case-money inflow (56 KZT), 0 seeds within 2 hops.",16
100000008027922100,4,False,1,70000,1,0,0,0,0,True,0,0,0.000499869917631,0,0,1319.53312808,0.0188504732583,peripheral,0.9,cut_off_hop4,Outgoing transfers not observed: graph cut off at hop 4.,0.296867384404,"Outgoing transfers not observed: graph cut off at hop 4. Priority drivers: high case-money inflow (1K KZT), high weighted network importance.",21
100000008028628100,1,False,1,57224,1,0,0,0,0,False,1,1,0.000295957501672,0,0,57224,1,peripheral,0.9,one_off_recipient,Single inflow of 57K KZT; 0 further outgoing transfers observed.,0.561332467257,"Single inflow of 57K KZT; 0 further outgoing transfers observed. Priority drivers: high case-money inflow (57K KZT), 1 seeds within 2 hops.",1
100000008029279100,3,False,1,17000,1,0,0,0,0,False,0,0,0.000287468835561,0,0,113.075559539,0.00665150350229,peripheral,0.9,one_off_recipient,Single inflow of 17K KZT; 0 further outgoing transfers observed.,0.244016934551,"Single inflow of 17K KZT; 0 further outgoing transfers observed. Priority drivers: high case-money inflow (113 KZT), 0 seeds within 2 hops.",3
100000008038077100,3,False,1,499850,2,0,0,0,0,False,0,0,0.000300102819253,0,0,597.500383943,0.0011953593757,terminal,0.833083333333,,Money stops here in the observed graph: receives 500K KZT from 1 payers; no outgoing transfers were traced.,0.40742890575,"Money stops here in the observed graph: receives 500K KZT from 1 payers; no outgoing transfers were traced. Priority drivers: high case-money inflow (598 KZT), terminal role signals.",5
100000008042075100,3,False,1,5000,1,0,0,0,0,False,0,0,0.000290376352237,0,0,159.77443609,0.031954887218,peripheral,0.9,one_off_recipient,Single inflow of 5K KZT; 0 further outgoing transfers observed.,0.270897540436,"Single inflow of 5K KZT; 0 further outgoing transfers observed. Priority drivers: high case-money inflow (160 KZT), 0 seeds within 2 hops.",22
100000008043184100,3,False,1,50564,1,0,0,0,0,False,0,0,0.000291937941504,0,0,124.328124477,0.00245882692186,peripheral,0.9,one_off_recipient,Single inflow of 51K KZT; 0 further outgoing transfers observed.,0.268893587812,"Single inflow of 51K KZT; 0 further outgoing transfers observed. Priority drivers: high case-money inflow (124 KZT), 0 seeds within 2 hops.",16
100000008050986100,4,False,1,95000,2,0,0,0,0,True,0,0,0.000310100743906,0,0,53.1199639227,0.000559157514975,peripheral,0.9,cut_off_hop4,Outgoing transfers not observed: graph cut off at hop 4.,0.193981692626,"Outgoing transfers not observed: graph cut off at hop 4. Priority drivers: high weighted network importance, high case-money inflow (53 KZT).",5
100000008055972100,3,False,1,28300,1,0,0,0,0,False,0,0,0.00028842192189,0,0,18.8055673978,0.0006645076819,peripheral,0.9,one_off_recipient,Single inflow of 28K KZT; 0 further outgoing transfers observed.,0.204559798407,"Single inflow of 28K KZT; 0 further outgoing transfers observed. Priority drivers: 0 seeds within 2 hops, strong bridge position.",1
100000008060273100,2,False,1,10000,2,0,0,0,0,False,0,2,0.000297334064319,0,0,5755.27446112,0.575527446112,peripheral,0.9,one_off_recipient,Single inflow of 10K KZT; 0 further outgoing transfers observed.,0.529200123462,"Single inflow of 10K KZT; 0 further outgoing transfers observed. Priority drivers: high case-money inflow (6K KZT), 2 seeds within 2 hops.",3
100000008066326100,1,False,1,19320,1,0,0,0,0,False,1,1,0.000287634440779,0,0,19320,1,peripheral,0.9,one_off_recipient,Single inflow of 19K KZT; 0 further outgoing transfers observed.,0.488291849211,"Single inflow of 19K KZT; 0 further outgoing transfers observed. Priority drivers: high case-money inflow (19K KZT), 1 seeds within 2 hops.",0
100000008070101100,3,False,1,100000,1,0,0,0,0,False,0,0,0.000291047423044,0,0,112.426058903,0.00112426058903,peripheral,0.9,one_off_recipient,Single inflow of 100K KZT; 0 further outgoing transfers observed.,0.261914304536,"Single inflow of 100K KZT; 0 further outgoing transfers observed. Priority drivers: high case-money inflow (112 KZT), 0 seeds within 2 hops.",8
100000008071620100,1,False,1,46968,1,0,0,0,0,False,1,1,0.000292782170094,0,0,46968,1,peripheral,0.9,one_off_recipient,Single inflow of 47K KZT; 0 further outgoing transfers observed.,0.544955337194,"Single inflow of 47K KZT; 0 further outgoing transfers observed. Priority drivers: high case-money inflow (47K KZT), 1 seeds within 2 hops.",0
100000008071749100,4,False,1,24943,1,0,0,0,0,True,0,0,0.000293303262825,0,0,58.8797929625,0.00236057382682,peripheral,0.9,cut_off_hop4,Outgoing transfers not observed: graph cut off at hop 4.,0.17589083756,"Outgoing transfers not observed: graph cut off at hop 4. Priority drivers: high case-money inflow (59 KZT), 0 seeds within 2 hops.",7
100000008074304100,4,False,1,5500,1,0,0,0,0,True,0,0,0.000330578020324,0,0,6.57447655446,0.00119535937354,peripheral,0.9,cut_off_hop4,Outgoing transfers not observed: graph cut off at hop 4.,0.173569016589,"Outgoing transfers not observed: graph cut off at hop 4. Priority drivers: high weighted network importance, 0 seeds within 2 hops.",5
100000008077552100,3,False,1,214000,1,0,0,0,0,False,0,0,0.000327234437222,0,0,1423.42174949,0.00665150350229,peripheral,0.9,one_off_recipient,Single inflow of 214K KZT; 0 further outgoing transfers observed.,0.393898770448,"Single inflow of 214K KZT; 0 further outgoing transfers observed. Priority drivers: high case-money inflow (1K KZT), high weighted network importance.",3
100000008086440100,3,False,1,199733,1,5,161300,6,0.807578116786,False,0,0,0.000335714842936,0.000105197576483,0.235585864848,2422.84449392,0.0121304165757,transit,0.518945291965,,Pass-through hypothesis: forwards 81% of 200K KZT received; 24% forwarded within 2 days.,0.600996908845,"Pass-through hypothesis: forwards 81% of 200K KZT received; 24% forwarded within 2 days. Priority drivers: high case-money inflow (2K KZT), strong bridge position.",0
100000008088082100,3,False,1,39138,1,1,50000,1,1.27753078849,False,0,0,0.00029841735569,1.92202445845e-05,0,422.920107679,0.00845840215358,peripheral,0.6,other,"Limited role evidence: 1 payers, 1 recipients, 39K KZT received in observed graph.",0.400601646466,"Limited role evidence: 1 payers, 1 recipients, 39K KZT received in observed graph. Priority drivers: high case-money inflow (423 KZT), strong bridge position.",12
100000008094734100,1,False,4,236249,4,0,0,0,0,False,2,3,0.000342174774038,0,0,198793.708297,0.841458411665,terminal,1,,Money stops here in the observed graph: receives 236K KZT from 4 payers; no outgoing transfers were traced.,0.737551308097,"Money stops here in the observed graph: receives 236K KZT from 4 payers; no outgoing transfers were traced. Priority drivers: high case-money inflow (199K KZT), 3 seeds within 2 hops.",0
100000008097580100,3,False,2,32000,4,0,0,0,0,False,0,0,0.00067051564513,0,0,310.522265865,0.00970382080829,terminal,0.5,,Money stops here in the observed graph: receives 32K KZT from 2 payers; no outgoing transfers were traced.,0.464299699177,"Money stops here in the observed graph: receives 32K KZT from 2 payers; no outgoing transfers were traced. Priority drivers: high weighted network importance, high case-money inflow (311 KZT).",3
100000008104567100,2,False,3,53550,3,3,40000,4,0.746965452848,False,0,1,0.000534880583694,0.00202601853096,0.3,7722.98746692,0.144220120764,coordinator,0.50033250656,,Bridge hypothesis: top 1% betweenness; links 3 payers and 3 recipients.,0.8508276094,"Bridge hypothesis: top 1% betweenness; links 3 payers and 3 recipients. Priority drivers: high case-money inflow (8K KZT), coordinator role signals.",7
100000008106997100,2,False,2,35600,2,1,20600,1,0.578651685393,False,0,1,0.000303707757098,1.92202445845e-05,1,1068.63983153,0.0300179727959,peripheral,0.6,other,"Limited role evidence: 2 payers, 1 recipients, 36K KZT received in observed graph.",0.530720363383,"Limited role evidence: 2 payers, 1 recipients, 36K KZT received in observed graph. Priority drivers: high case-money inflow (1K KZT), 1 seeds within 2 hops.",0
100000008111003100,2,False,6,222716,9,1,35000,1,0.157150810898,False,0,1,0.000466841539155,0.000881905043712,1,15807.0598006,0.0709740647309,consolidator,0.6,,"Signs of consolidation: receives from 6 payers (1 seeds within 2 hops), 223K KZT in, forwards 16%.",0.839107941641,"Signs of consolidation: receives from 6 payers (1 seeds within 2 hops), 223K KZT in, forwards 16%. Priority drivers: high case-money inflow (16K KZT), consolidator role signals.",0
100000008116374100,1,False,1,31284,1,0,0,0,0,False,1,1,0.00028737875599,0,0,31284,1,peripheral,0.9,one_off_recipient,Single inflow of 31K KZT; 0 further outgoing transfers observed.,0.505843710122,"Single inflow of 31K KZT; 0 further outgoing transfers observed. Priority drivers: high case-money inflow (31K KZT), 1 seeds within 2 hops.",4
100000008117324100,0,True,0,0,0,0,0,0,,False,0,0,0.00028403728618,0,,0,1,peripheral,0.9,isolated_seed,Known seed with 0 observed transfers in this graph.,0.0845709468331,"Known seed with 0 observed transfers in this graph. Priority drivers: 0 seeds within 2 hops, strong bridge position.",83
100000008121806100,3,False,1,67000,1,4,248509,6,3.70908955224,False,0,0,0.000298722554319,0.000780864113404,0.342039926119,111.97218782,0.000450575986463,peripheral,0.6,other,"Limited role evidence: 1 payers, 4 recipients, 67K KZT received in observed graph.",0.377936251273,"Limited role evidence: 1 payers, 4 recipients, 67K KZT received in observed graph. Priority drivers: strong bridge position, high case-money inflow (112 KZT).",3
100000008129393100,1,False,1,10000,1,0,0,0,0,False,1,1,0.000309995729459,0,0,10000,1,peripheral,0.9,one_off_recipient,Single inflow of 10K KZT; 0 further outgoing transfers observed.,0.521668025669,"Single inflow of 10K KZT; 0 further outgoing transfers observed. Priority drivers: high case-money inflow (10K KZT), 1 seeds within 2 hops.",52
100000008130868100,4,False,1,22782,1,0,0,0,0,True,0,0,0.00044897764113,0,0,15.011883343,0.000658936148844,peripheral,0.9,cut_off_hop4,Outgoing transfers not observed: graph cut off at hop 4.,0.201382496971,"Outgoing transfers not observed: graph cut off at hop 4. Priority drivers: high weighted network importance, 0 seeds within 2 hops.",13
100000008136608100,4,False,1,170000,1,0,0,0,0,True,0,0,0.000560957432351,0,0,870.710447101,0.00512182615942,peripheral,0.9,cut_off_hop4,Outgoing transfers not observed: graph cut off at hop 4.,0.298995720294,"Outgoing transfers not observed: graph cut off at hop 4. Priority drivers: high case-money inflow (871 KZT), high weighted network importance.",7
100000008137435100,1,False,2,93906,2,6,1419700,7,15.1183097992,False,1,1,0.000312531205091,0.000298409158189,0.294428400366,43945.1421425,0.030953822739,peripheral,0.6,other,"Limited role evidence: 2 payers, 6 recipients, 94K KZT received in observed graph.",0.669407705313,"Limited role evidence: 2 payers, 6 recipients, 94K KZT received in observed graph. Priority drivers: high case-money inflow (44K KZT), 1 seeds within 2 hops.",21
100000008141170100,2,False,1,11000,1,0,0,0,0,False,0,1,0.00061794412948,0,0,4054.06586963,0.368551442693,peripheral,0.9,one_off_recipient,Single inflow of 11K KZT; 0 further outgoing transfers observed.,0.561401569072,"Single inflow of 11K KZT; 0 further outgoing transfers observed. Priority drivers: high case-money inflow (4K KZT), 1 seeds within 2 hops.",4
100000008144528100,2,False,5,1068202.6,13,0,0,0,0,False,0,1,0.00104940624395,0,0,36007.5433845,0.0337085337412,consolidator,0.5,,"Signs of consolidation: receives from 5 payers (1 seeds within 2 hops), 1.1M KZT in, forwards 0%.",0.804971645222,"Signs of consolidation: receives from 5 payers (1 seeds within 2 hops), 1.1M KZT in, forwards 0%. Priority drivers: high case-money inflow (36K KZT), consolidator role signals.",4
100000008151098100,4,False,1,30000,1,0,0,0,0,True,0,0,0.000307631001072,0,0,9.6815431952,0.000322718106507,peripheral,0.9,cut_off_hop4,Outgoing transfers not observed: graph cut off at hop 4.,0.165007301758,"Outgoing transfers not observed: graph cut off at hop 4. Priority drivers: high weighted network importance, 0 seeds within 2 hops.",25
100000008165763100,1,False,15,1165815,26,17,1267858,17,1.08752932498,False,1,3,0.000904543040107,0.000345294033233,0.680584891999,188882.234637,0.148977436461,consolidator,1,,"Signs of consolidation: receives from 15 payers (3 seeds within 2 hops), 1.2M KZT in, forwards 109%.",0.986317840706,"Signs of consolidation: receives from 15 payers (3 seeds within 2 hops), 1.2M KZT in, forwards 109%. Priority drivers: high case-money inflow (189K KZT), 3 seeds within 2 hops.",2
100000008168850100,4,False,1,187910,2,0,0,0,0,True,0,0,0.000529916884012,0,0,194.616459606,0.00103568974299,peripheral,0.9,cut_off_hop4,Outgoing transfers not observed: graph cut off at hop 4.,0.258750823463,"Outgoing transfers not observed: graph cut off at hop 4. Priority drivers: high weighted network importance, high case-money inflow (195 KZT).",5
100000008169544100,1,False,1,137104,2,4,42800,7,0.312171782005,False,1,1,0.000298681477359,0.000118306629351,0.28738317757,137104,1,peripheral,0.6,other,"Limited role evidence: 1 payers, 4 recipients, 137K KZT received in observed graph.",0.673830221448,"Limited role evidence: 1 payers, 4 recipients, 137K KZT received in observed graph. Priority drivers: high case-money inflow (137K KZT), 1 seeds within 2 hops.",4
100000008172352100,1,False,3,90265,3,7,289510,8,3.20733396111,False,1,1,0.000373111141814,0.000186733592747,0.766674726262,43109.0800697,0.148903595972,peripheral,0.6,other,"Limited role evidence: 3 payers, 7 recipients, 90K KZT received in observed graph.",0.692695016838,"Limited role evidence: 3 payers, 7 recipients, 90K KZT received in observed graph. Priority drivers: high case-money inflow (43K KZT), 1 seeds within 2 hops.",31
100000008172721100,4,False,1,168335,1,0,0,0,0,True,0,0,0.000392956576364,0,0,152.138095124,0.000903781715768,peripheral,0.9,cut_off_hop4,Outgoing transfers not observed: graph cut off at hop 4.,0.239886028074,"Outgoing transfers not observed: graph cut off at hop 4. Priority drivers: high weighted network importance, high case-money inflow (152 KZT).",3
100000008173359100,1,False,1,6110,1,0,0,0,0,False,1,1,0.000284689900313,0,0,6110,1,peripheral,0.9,one_off_recipient,Single inflow of 6K KZT; 0 further outgoing transfers observed.,0.435912673733,"Single inflow of 6K KZT; 0 further outgoing transfers observed. Priority drivers: high case-money inflow (6K KZT), 1 seeds within 2 hops.",4
100000008174521100,2,False,1,82110,1,0,0,0,0,False,0,1,0.000437977730798,0,0,48770.8068047,0.59396914876,peripheral,0.9,one_off_recipient,Single inflow of 82K KZT; 0 further outgoing transfers observed.,0.617374038909,"Single inflow of 82K KZT; 0 further outgoing transfers observed. Priority drivers: high case-money inflow (49K KZT), 1 seeds within 2 hops.",4
100000008175078100,4,False,1,1846711,15,0,0,0,0,True,0,0,0.000466335515331,0,0,89.2482946429,4.83282412044e-05,peripheral,0.9,cut_off_hop4,Outgoing transfers not observed: graph cut off at hop 4.,0.232485223729,"Outgoing transfers not observed: graph cut off at hop 4. Priority drivers: high weighted network importance, high case-money inflow (89 KZT).",34
100000008183752100,4,False,1,140000,1,0,0,0,0,True,0,0,0.000527058957265,0,0,3.49174715227,2.49410510877e-05,peripheral,0.9,cut_off_hop4,Outgoing transfers not observed: graph cut off at hop 4.,0.193546351194,"Outgoing transfers not observed: graph cut off at hop 4. Priority drivers: high weighted network importance, 0 seeds within 2 hops.",17
100000008188026100,1,False,2,86468,5,4,337983.17,4,3.90876590184,False,1,1,0.000297680905711,8.20327964743e-05,0,63599.0890453,0.188172354988,peripheral,0.6,other,"Limited role evidence: 2 payers, 4 recipients, 86K KZT received in observed graph.",0.653514287952,"Limited role evidence: 2 payers, 4 recipients, 86K KZT received in observed graph. Priority drivers: high case-money inflow (64K KZT), 1 seeds within 2 hops.",15
100000008190411100,4,False,1,198450,12,0,0,0,0,True,0,0,0.000421697322853,0,0,9.66138079373,4.86842065696e-05,peripheral,0.9,cut_off_hop4,Outgoing transfers not observed: graph cut off at hop 4.,0.192627297059,"Outgoing transfers not observed: graph cut off at hop 4. Priority drivers: high weighted network importance, 0 seeds within 2 hops.",49
100000008190442100,3,False,1,13000,1,0,0,0,0,False,0,0,0.000286051429792,0,0,8.63859986471,0.0006645076819,peripheral,0.9,one_off_recipient,Single inflow of 13K KZT; 0 further outgoing transfers observed.,0.172012843724,"Single inflow of 13K KZT; 0 further outgoing transfers observed. Priority drivers: 0 seeds within 2 hops, strong bridge position.",1
100000008192264100,3,False,1,162810,1,1,187910,2,1.15416743443,False,0,0,0.000289270114908,1.92202445845e-05,0.874993347879,194.616459958,0.00103568974486,transit,0.614581413918,,Pass-through hypothesis: forwards 115% of 163K KZT received; 87% forwarded within 2 days.,0.446277945926,"Pass-through hypothesis: forwards 115% of 163K KZT received; 87% forwarded within 2 days. Priority drivers: strong bridge position, transit role signals.",5
100000008193258100,3,False,1,75000,2,1,30000,1,0.4,False,0,0,0.000295756081159,1.92202445845e-05,0,184.41201914,0.00245882692186,peripheral,0.6,other,"Limited role evidence: 1 payers, 1 recipients, 75K KZT received in observed graph.",0.363632175648,"Limited role evidence: 1 payers, 1 recipients, 75K KZT received in observed graph. Priority drivers: strong bridge position, high case-money inflow (184 KZT).",16
100000008193577100,1,False,2,154300,6,5,480180,16,3.11198963059,False,1,1,0.00129661881655,9.90734256935e-07,0.104106793286,139181.503688,0.289852771226,peripheral,0.6,other,"Limited role evidence: 2 payers, 5 recipients, 154K KZT received in observed graph.",0.736021854601,"Limited role evidence: 2 payers, 5 recipients, 154K KZT received in observed graph. Priority drivers: high case-money inflow (139K KZT), 1 seeds within 2 hops.",40
100000008200810100,3,False,1,475000,1,0,0,0,0,False,0,0,0.000306500436327,0,0,152.353557689,0.000320744331976,terminal,0.791666666667,,Money stops here in the observed graph: receives 475K KZT from 1 payers; no outgoing transfers were traced.,0.367764464161,"Money stops here in the observed graph: receives 475K KZT from 1 payers; no outgoing transfers were traced. Priority drivers: high case-money inflow (152 KZT), terminal role signals.",13
100000008205000100,0,True,0,0,0,0,0,0,,False,0,0,0.00028403728618,0,,0,1,peripheral,0.9,isolated_seed,Known seed with 0 observed transfers in this graph.,0.0845709468331,"Known seed with 0 observed transfers in this graph. Priority drivers: 0 seeds within 2 hops, strong bridge position.",84
100000008205937100,2,False,1,35000,3,0,0,0,0,False,0,1,0.000329722483763,0,0,10266.1970209,0.293319914882,peripheral,0.9,one_off_recipient,Single inflow of 35K KZT; 0 further outgoing transfers observed.,0.537906952103,"Single inflow of 35K KZT; 0 further outgoing transfers observed. Priority drivers: high case-money inflow (10K KZT), 1 seeds within 2 hops.",12
100000008213966100,2,False,3,187004,7,1,436900,8,2.33631366174,False,0,1,0.00193390621192,4.31960136024e-05,0.849851224537,34735.324654,0.0795040619227,peripheral,0.6,other,"Limited role evidence: 3 payers, 1 recipients, 187K KZT received in observed graph.",0.723721731599,"Limited role evidence: 3 payers, 1 recipients, 187K KZT received in observed graph. Priority drivers: high case-money inflow (35K KZT), 1 seeds within 2 hops.",27
100000008219168100,1,False,1,53200,2,0,0,0,0,False,1,1,0.000287067993495,0,0,53200,1,peripheral,0.9,one_off_recipient,Single inflow of 53K KZT; 0 further outgoing transfers observed.,0.522773654703,"Single inflow of 53K KZT; 0 further outgoing transfers observed. Priority drivers: high case-money inflow (53K KZT), 1 seeds within 2 hops.",6
100000008221543100,1,False,2,542000,2,0,0,0,0,False,1,1,0.000369323861762,0,0,21283.5076532,0.0392684643048,terminal,0.903333333333,,Money stops here in the observed graph: receives 542K KZT from 2 payers; no outgoing transfers were traced.,0.637330642969,"Money stops here in the observed graph: receives 542K KZT from 2 payers; no outgoing transfers were traced. Priority drivers: high case-money inflow (21K KZT), 1 seeds within 2 hops.",16
100000008221765100,4,False,1,156354,1,0,0,0,0,True,0,0,0.000537204579118,0,0,186.89921949,0.00119535937354,peripheral,0.9,cut_off_hop4,Outgoing transfers not observed: graph cut off at hop 4.,0.259960105219,"Outgoing transfers not observed: graph cut off at hop 4. Priority drivers: high weighted network importance, high case-money inflow (187 KZT).",5
100000008223661100,3,False,2,202000,2,5,262580,5,1.2999009901,False,0,0,0.000313057908779,0.000325423178928,0.187489527001,314.548751836,0.00119791588025,peripheral,0.6,other,"Limited role evidence: 2 payers, 5 recipients, 202K KZT received in observed graph.",0.435083451958,"Limited role evidence: 2 payers, 5 recipients, 202K KZT received in observed graph. Priority drivers: strong bridge position, high case-money inflow (315 KZT).",9
100000008223756100,3,False,2,331682,2,0,0,0,0,False,0,0,0.000354203945941,0,0,541.52175795,0.00163265343899,terminal,0.552803333333,,Money stops here in the observed graph: receives 332K KZT from 2 payers; no outgoing transfers were traced.,0.440597776764,"Money stops here in the observed graph: receives 332K KZT from 2 payers; no outgoing transfers were traced. Priority drivers: high case-money inflow (542 KZT), high weighted network importance.",3
100000008229700100,1,False,1,23500,1,1,7200,1,0.306382978723,False,1,1,0.000287911789746,1.98146851387e-07,0,23500,1,peripheral,0.6,other,"Limited role evidence: 1 payers, 1 recipients, 24K KZT received in observed graph.",0.555355160293,"Limited role evidence: 1 payers, 1 recipients, 24K KZT received in observed graph. Priority drivers: high case-money inflow (24K KZT), 1 seeds within 2 hops.",10
100000008232832100,1,False,1,337000,2,1,138000,1,0.409495548961,False,1,3,0.000490549404945,0,0,337000,1,peripheral,0.6,other,"Limited role evidence: 1 payers, 1 recipients, 337K KZT received in observed graph.",0.70640021007,"Limited role evidence: 1 payers, 1 recipients, 337K KZT received in observed graph. Priority drivers: high case-money inflow (337K KZT), 3 seeds within 2 hops.",9
100000008237827100,1,False,1,40001,1,0,0,0,0,False,1,2,0.000291982122975,0,0,40001,1,peripheral,0.9,one_off_recipient,Single inflow of 40K KZT; 0 further outgoing transfers observed.,0.579989957203,"Single inflow of 40K KZT; 0 further outgoing transfers observed. Priority drivers: high case-money inflow (40K KZT), 2 seeds within 2 hops.",2
100000008238112100,3,False,1,190000,1,0,0,0,0,False,0,0,0.000290144020768,0,0,227.118281383,0.0011953593757,peripheral,0.9,one_off_recipient,Single inflow of 190K KZT; 0 further outgoing transfers observed.,0.28457969973,"Single inflow of 190K KZT; 0 further outgoing transfers observed. Priority drivers: high case-money inflow (227 KZT), 0 seeds within 2 hops.",5
100000008238989100,2,False,1,200000,2,0,0,0,0,False,0,1,0.000321460900254,0,0,6190.76454779,0.030953822739,peripheral,0.9,one_off_recipient,Single inflow of 200K KZT; 0 further outgoing transfers observed.,0.518454791289,"Single inflow of 200K KZT; 0 further outgoing transfers observed. Priority drivers: high case-money inflow (6K KZT), 1 seeds within 2 hops.",21
100000008244300100,1,False,5,65430,6,0,0,0,0,False,1,1,0.000476470650105,0,0,9129.99088317,0.139538298688,consolidator,0.5,,"Signs of consolidation: receives from 5 payers (1 seeds within 2 hops), 65K KZT in, forwards 0%.",0.727923121928,"Signs of consolidation: receives from 5 payers (1 seeds within 2 hops), 65K KZT in, forwards 0%. Priority drivers: high case-money inflow (9K KZT), consolidator role signals.",5
100000008251939100,4,False,1,44360,1,0,0,0,0,True,0,0,0.000300516407535,0,0,104.715054958,0.00236057382682,peripheral,0.9,cut_off_hop4,Outgoing transfers not observed: graph cut off at hop 4.,0.198383478217,"Outgoing transfers not observed: graph cut off at hop 4. Priority drivers: high case-money inflow (105 KZT), high weighted network importance.",7
100000008254069100,2,False,1,10200,2,5,107500,6,10.5392156863,False,0,1,0.000340568567522,9.35121040646e-05,0.093023255814,9075.16841278,0.0844201712816,peripheral,0.6,other,"Limited role evidence: 1 payers, 5 recipients, 10K KZT received in observed graph.",0.625528053033,"Limited role evidence: 1 payers, 5 recipients, 10K KZT received in observed graph. Priority drivers: high case-money inflow (9K KZT), 1 seeds within 2 hops.",19
100000008254576100,3,False,1,8000,1,1,60000,1,7.5,False,0,0,0.000290078718474,1.96165382873e-05,0,25.6475367361,0.000427458945602,peripheral,0.6,other,"Limited role evidence: 1 payers, 1 recipients, 8K KZT received in observed graph.",0.291662635727,"Limited role evidence: 1 payers, 1 recipients, 8K KZT received in observed graph. Priority drivers: strong bridge position, 0 seeds within 2 hops.",33
100000008255655100,4,False,1,5400,1,0,0,0,0,True,0,0,0.000528052594496,0,0,41.2076929953,0.00763105425839,peripheral,0.9,cut_off_hop4,Outgoing transfers not observed: graph cut off at hop 4.,0.224697449222,"Outgoing transfers not observed: graph cut off at hop 4. Priority drivers: high weighted network importance, high case-money inflow (41 KZT).",16
100000008258083100,2,False,2,3149500,13,2,2045650,6,0.649515796158,False,0,1,0.00104110890677,7.76735657437e-05,0.764671375846,5196.73347472,0.00165001856635,peripheral,0.6,other,"Limited role evidence: 2 payers, 2 recipients, 3.1M KZT received in observed graph.",0.662152014779,"Limited role evidence: 2 payers, 2 recipients, 3.1M KZT received in observed graph. Priority drivers: high case-money inflow (5K KZT), 1 seeds within 2 hops.",29
100000008258458100,3,False,1,19000,1,2,1557988,4,81.9993684211,False,0,0,0.00028969066947,3.84404891691e-05,0.364308325866,198.212542653,0.000127223407788,peripheral,0.6,other,"Limited role evidence: 1 payers, 2 recipients, 19K KZT received in observed graph.",0.356756545094,"Limited role evidence: 1 payers, 2 recipients, 19K KZT received in observed graph. Priority drivers: strong bridge position, high case-money inflow (198 KZT).",62
100000008259451100,3,False,1,55000,1,0,0,0,0,False,0,0,0.000299529924012,0,0,60.8113983436,0.00110566178807,peripheral,0.9,one_off_recipient,Single inflow of 55K KZT; 0 further outgoing transfers observed.,0.267096940632,"Single inflow of 55K KZT; 0 further outgoing transfers observed. Priority drivers: high case-money inflow (61 KZT), high weighted network importance.",14
100000008279405100,3,False,1,234738,2,0,0,0,0,False,0,0,0.000331420523756,0,0,1561.36062912,0.00665150350229,peripheral,0.9,one_off_recipient,Single inflow of 235K KZT; 0 further outgoing transfers observed.,0.398528592027,"Single inflow of 235K KZT; 0 further outgoing transfers observed. Priority drivers: high case-money inflow (2K KZT), high weighted network importance.",3
100000008283183100,2,False,1,29000,1,0,0,0,0,False,0,1,0.000293812407683,0,0,498.365300547,0.0171850103637,peripheral,0.9,one_off_recipient,Single inflow of 29K KZT; 0 further outgoing transfers observed.,0.420088358187,"Single inflow of 29K KZT; 0 further outgoing transfers observed. Priority drivers: 1 seeds within 2 hops, high case-money inflow (498 KZT).",1
100000008289539100,2,False,1,14912,1,0,0,0,0,False,0,1,0.00028874478413,0,0,413.365295527,0.0277203122,peripheral,0.9,one_off_recipient,Single inflow of 15K KZT; 0 further outgoing transfers observed.,0.394589788595,"Single inflow of 15K KZT; 0 further outgoing transfers observed. Priority drivers: 1 seeds within 2 hops, high case-money inflow (413 KZT).",15
100000008293431100,3,False,1,15000,1,5,297000,7,19.8,False,0,0,0.000285357400221,5.68706168752e-05,0,72.7494081432,0.000244947502166,peripheral,0.6,other,"Limited role evidence: 1 payers, 5 recipients, 15K KZT received in observed graph.",0.300818626164,"Limited role evidence: 1 payers, 5 recipients, 15K KZT received in observed graph. Priority drivers: strong bridge position, high case-money inflow (73 KZT).",0
100000008295429100,3,False,1,352000,1,0,0,0,0,False,0,0,0.000295350815522,0,0,420.766500246,0.0011953593757,terminal,0.586666666667,,Money stops here in the observed graph: receives 352K KZT from 1 payers; no outgoing transfers were traced.,0.385800037776,"Money stops here in the observed graph: receives 352K KZT from 1 payers; no outgoing transfers were traced. Priority drivers: high case-money inflow (421 KZT), terminal role signals.",5
100000008297199100,3,False,1,42268,1,0,0,0,0,False,0,0,0.000294973420764,0,0,512.728447822,0.0121304165757,peripheral,0.9,one_off_recipient,Single inflow of 42K KZT; 0 further outgoing transfers observed.,0.328943064712,"Single inflow of 42K KZT; 0 further outgoing transfers observed. Priority drivers: high case-money inflow (513 KZT), 0 seeds within 2 hops.",0
100000008304115100,1,False,1,51000,1,0,0,0,0,False,1,1,0.000292445783281,0,0,51000,1,peripheral,0.9,one_off_recipient,Single inflow of 51K KZT; 0 further outgoing transfers observed.,0.54834132611,"Single inflow of 51K KZT; 0 further outgoing transfers observed. Priority drivers: high case-money inflow (51K KZT), 1 seeds within 2 hops.",10
100000008304139100,1,False,4,189329.75,4,24,1692997,43,8.94205480121,False,1,1,0.000311882198447,0.0013103045314,0.281867008624,23934.194803,0.0141371749643,distributor,1,,Fan-out hypothesis: sends 1.7M KZT to 24 recipients after receiving from 4 payers.,0.775036739131,"Fan-out hypothesis: sends 1.7M KZT to 24 recipients after receiving from 4 payers. Priority drivers: high case-money inflow (24K KZT), 1 seeds within 2 hops.",2
100000008306857100,3,False,1,125000,1,0,0,0,0,False,0,0,0.000289948641482,0,0,40.093041497,0.000320744331976,peripheral,0.9,one_off_recipient,Single inflow of 125K KZT; 0 further outgoing transfers observed.,0.229436451668,"Single inflow of 125K KZT; 0 further outgoing transfers observed. Priority drivers: 0 seeds within 2 hops, high case-money inflow (40 KZT).",13
100000008308418100,4,False,1,50000,1,0,0,0,0,True,0,0,0.000429105320013,0,0,42.3221290208,0.000846442580416,peripheral,0.9,cut_off_hop4,Outgoing transfers not observed: graph cut off at hop 4.,0.217345016147,"Outgoing transfers not observed: graph cut off at hop 4. Priority drivers: high weighted network importance, high case-money inflow (42 KZT).",0
100000008309514100,3,False,1,17200,1,0,0,0,0,False,0,0,0.000286702153113,0,0,11.4295321287,0.0006645076819,peripheral,0.9,one_off_recipient,Single inflow of 17K KZT; 0 further outgoing transfers observed.,0.18078877418,"Single inflow of 17K KZT; 0 further outgoing transfers observed. Priority drivers: 0 seeds within 2 hops, strong bridge position.",1
100000008314203100,0,True,2,382076,10,2,327000,13,0.855850668453,False,2,3,0.00049923208001,0,0.48623853211,382076,1,peripheral,0.6,other,"Limited role evidence: 2 payers, 2 recipients, 382K KZT received in observed graph.",0.425042497616,"Limited role evidence: 2 payers, 2 recipients, 382K KZT received in observed graph. Priority drivers: high case-money inflow (382K KZT), 3 seeds within 2 hops.",9
100000008314863100,3,False,1,12000,1,0,0,0,0,False,0,0,0.000513894445464,0,0,6885.24590164,0.573770491803,peripheral,0.9,one_off_recipient,Single inflow of 12K KZT; 0 further outgoing transfers observed.,0.461687650584,"Single inflow of 12K KZT; 0 further outgoing transfers observed. Priority drivers: high case-money inflow (7K KZT), high weighted network importance.",2
100000008321975100,4,False,1,5900,1,0,0,0,0,True,0,0,0.000301569868203,0,0,50.7925378409,0.0086089047188,peripheral,0.9,cut_off_hop4,Outgoing transfers not observed: graph cut off at hop 4.,0.185806947957,"Outgoing transfers not observed: graph cut off at hop 4. Priority drivers: high weighted network importance, high case-money inflow (51 KZT).",20
100000008324800100,2,False,3,526500,17,1,511000,13,0.970560303894,False,0,1,0.00194582147534,1.92202445845e-05,1,3223.98290056,0.00612342431256,transit,0.926400759734,,Pass-through hypothesis: forwards 97% of 526K KZT received; 100% forwarded within 2 days.,0.74334664695,"Pass-through hypothesis: forwards 97% of 526K KZT received; 100% forwarded within 2 days. Priority drivers: high case-money inflow (3K KZT), 1 seeds within 2 hops.",68
100000008327791100,4,False,1,11000,1,0,0,0,0,True,0,0,0.000533579181656,0,0,83.9415968423,0.00763105425839,peripheral,0.9,cut_off_hop4,Outgoing transfers not observed: graph cut off at hop 4.,0.239208830291,"Outgoing transfers not observed: graph cut off at hop 4. Priority drivers: high weighted network importance, high case-money inflow (84 KZT).",16
100000008331280100,4,False,1,41000,2,0,0,0,0,True,0,0,0.000316282029866,0,0,13.2314423668,0.000322718106507,peripheral,0.9,cut_off_hop4,Outgoing transfers not observed: graph cut off at hop 4.,0.176761520424,"Outgoing transfers not observed: graph cut off at hop 4. Priority drivers: high weighted network importance, 0 seeds within 2 hops.",25
100000008332511100,3,False,1,100000,1,0,0,0,0,False,0,0,0.00110432303868,0,0,14466.8590494,0.144668590494,peripheral,0.9,one_off_recipient,Single inflow of 100K KZT; 0 further outgoing transfers observed.,0.510819040775,"Single inflow of 100K KZT; 0 further outgoing transfers observed. Priority drivers: high case-money inflow (14K KZT), high weighted network importance.",6
100000008333492100,4,False,1,216400,1,0,0,0,0,True,0,0,0.000435483754866,0,0,16.4848410783,7.61776389939e-05,peripheral,0.9,cut_off_hop4,Outgoing transfers not observed: graph cut off at hop 4.,0.202108066024,"Outgoing transfers not observed: graph cut off at hop 4. Priority drivers: high weighted network importance, 0 seeds within 2 hops.",45
100000008335401100,2,False,1,150000,3,0,0,0,0,False,0,1,0.000547880693941,0,0,7520.64255769,0.0501376170513,peripheral,0.9,one_off_recipient,Single inflow of 150K KZT; 0 further outgoing transfers observed.,0.570177499528,"Single inflow of 150K KZT; 0 further outgoing transfers observed. Priority drivers: high case-money inflow (8K KZT), 1 seeds within 2 hops.",7
100000008336318100,4,False,1,170000,1,0,0,0,0,True,0,0,0.000324918708449,0,0,0.879310560133,5.17241505961e-06,peripheral,0.9,cut_off_hop4,Outgoing transfers not observed: graph cut off at hop 4.,0.164958930488,"Outgoing transfers not observed: graph cut off at hop 4. Priority drivers: high weighted network importance, 0 seeds within 2 hops.",8
100000008337304100,4,False,1,105465,2,0,0,0,0,True,0,0,0.000352277241859,0,0,95.3173386535,0.000903781715768,peripheral,0.9,cut_off_hop4,Outgoing transfers not observed: graph cut off at hop 4.,0.220344034901,"Outgoing transfers not observed: graph cut off at hop 4. Priority drivers: high weighted network importance, high case-money inflow (95 KZT).",3
100000008343415100,4,False,1,100000,3,0,0,0,0,True,0,0,0.000431466948265,0,0,318.433408739,0.00318433408739,peripheral,0.9,cut_off_hop4,Outgoing transfers not observed: graph cut off at hop 4.,0.263491207946,"Outgoing transfers not observed: graph cut off at hop 4. Priority drivers: high case-money inflow (318 KZT), high weighted network importance.",3
100000008343874100,3,False,2,283535,2,2,176400,5,0.622145414146,False,0,0,0.000305959910289,3.88367828719e-05,0.812925170068,902.870165475,0.00318433408742,peripheral,0.6,other,"Limited role evidence: 2 payers, 2 recipients, 284K KZT received in observed graph.",0.444792256911,"Limited role evidence: 2 payers, 2 recipients, 284K KZT received in observed graph. Priority drivers: high case-money inflow (903 KZT), strong bridge position.",3
100000008346837100,2,False,9,254359,12,25,1258643,26,4.9482935536,False,0,2,0.000544058995351,0.00898115628132,0.851612411144,13600.7317579,0.0108058693036,coordinator,0.505050505051,,Bridge hypothesis: top 1% betweenness; links 9 payers and 25 recipients.,0.913848464327,"Bridge hypothesis: top 1% betweenness; links 9 payers and 25 recipients. Priority drivers: high case-money inflow (14K KZT), coordinator role signals.",12
100000008349675100,1,False,1,46520,1,1,36650,2,0.787833190026,False,1,1,0.000286687446035,1.98146851387e-07,0.504774897681,46520,1,peripheral,0.6,other,"Limited role evidence: 1 payers, 1 recipients, 47K KZT received in observed graph.",0.570937619489,"Limited role evidence: 1 payers, 1 recipients, 47K KZT received in observed graph. Priority drivers: high case-money inflow (47K KZT), 1 seeds within 2 hops.",6
100000008349740100,4,False,1,70000,2,0,0,0,0,True,0,0,0.000290947341971,0,0,3.38297688431,4.83282412044e-05,peripheral,0.9,cut_off_hop4,Outgoing transfers not observed: graph cut off at hop 4.,0.133469233569,"Outgoing transfers not observed: graph cut off at hop 4. Priority drivers: 0 seeds within 2 hops, strong bridge position.",34
100000008352542100,2,False,1,50220,1,0,0,0,0,False,0,1,0.00032963153714,0,0,21708.6834734,0.432271674102,peripheral,0.9,one_off_recipient,Single inflow of 50K KZT; 0 further outgoing transfers observed.,0.56271450355,"Single inflow of 50K KZT; 0 further outgoing transfers observed. Priority drivers: high case-money inflow (22K KZT), 1 seeds within 2 hops.",2
100000008356606100,2,False,2,168500,2,0,0,0,0,False,0,1,0.000623002735718,0,0,4579.23846964,0.0271764894341,terminal,0.5,,Money stops here in the observed graph: receives 168K KZT from 2 payers; no outgoing transfers were traced.,0.626067047187,"Money stops here in the observed graph: receives 168K KZT from 2 payers; no outgoing transfers were traced. Priority drivers: high case-money inflow (5K KZT), 1 seeds within 2 hops.",12
100000008376089100,2,False,1,135000,1,0,0,0,0,False,0,1,0.000300748958445,0,0,222.752507151,0.00165001857149,peripheral,0.9,one_off_recipient,Single inflow of 135K KZT; 0 further outgoing transfers observed.,0.407166318854,"Single inflow of 135K KZT; 0 further outgoing transfers observed. Priority drivers: 1 seeds within 2 hops, high case-money inflow (223 KZT).",29
100000008376785100,4,False,1,234250,2,0,0,0,0,True,0,0,0.000528657177158,0,0,139.498438892,0.00059551094511,peripheral,0.9,cut_off_hop4,Outgoing transfers not observed: graph cut off at hop 4.,0.249753767201,"Outgoing transfers not observed: graph cut off at hop 4. Priority drivers: high weighted network importance, high case-money inflow (139 KZT).",5
100000008379273100,3,False,2,36000,2,4,38000,4,1.05555555556,False,0,0,0.000297386895368,0.00170051488714,0,170.66944171,0.00449130109763,transit,0.861111111111,,Pass-through hypothesis: forwards 106% of 36K KZT received; 0% forwarded within 2 days.,0.49458011434,"Pass-through hypothesis: forwards 106% of 36K KZT received; 0% forwarded within 2 days. Priority drivers: strong bridge position, transit role signals.",7
100000008383405100,1,False,1,25000,2,0,0,0,0,False,1,1,0.000304359819295,0,0,25000,1,peripheral,0.9,one_off_recipient,Single inflow of 25K KZT; 0 further outgoing transfers observed.,0.546613780745,"Single inflow of 25K KZT; 0 further outgoing transfers observed. Priority drivers: high case-money inflow (25K KZT), 1 seeds within 2 hops.",22
100000008388049100,3,False,1,496400,1,0,0,0,0,False,0,0,0.000307512460355,0,0,159.217486393,0.000320744331976,terminal,0.827333333333,,Money stops here in the observed graph: receives 496K KZT from 1 payers; no outgoing transfers were traced.,0.369768416785,"Money stops here in the observed graph: receives 496K KZT from 1 payers; no outgoing transfers were traced. Priority drivers: high case-money inflow (159 KZT), terminal role signals.",13
100000008389800100,2,False,3,189000,3,7,401620,8,2.12497354497,False,0,1,0.000502011263784,0.000159310068515,0.536327872118,13128.3042115,0.0326883726196,peripheral,0.6,other,"Limited role evidence: 3 payers, 7 recipients, 189K KZT received in observed graph.",0.666298123655,"Limited role evidence: 3 payers, 7 recipients, 189K KZT received in observed graph. Priority drivers: high case-money inflow (13K KZT), 1 seeds within 2 hops.",4
100000008405209100,3,False,1,54400,1,0,0,0,0,False,0,0,0.000292537318805,0,0,133.760184549,0.00245882692186,peripheral,0.9,one_off_recipient,Single inflow of 54K KZT; 0 further outgoing transfers observed.,0.274421732981,"Single inflow of 54K KZT; 0 further outgoing transfers observed. Priority drivers: high case-money inflow (134 KZT), 0 seeds within 2 hops.",16
100000008406609100,2,False,1,34000,1,0,0,0,0,False,0,1,0.000427912684748,0,0,25500,0.75,peripheral,0.9,one_off_recipient,Single inflow of 34K KZT; 0 further outgoing transfers observed.,0.592911996536,"Single inflow of 34K KZT; 0 further outgoing transfers observed. Priority drivers: high case-money inflow (26K KZT), 1 seeds within 2 hops.",19
100000008413748100,2,False,2,26480,2,18,1377320.22,21,52.0136034743,False,0,1,0.000388663451292,0.000624716783079,0.332809257676,5178.4885226,0.00375982901246,distributor,0.9,,Fan-out hypothesis: sends 1.4M KZT to 18 recipients after receiving from 2 payers.,0.753615176601,"Fan-out hypothesis: sends 1.4M KZT to 18 recipients after receiving from 2 payers. Priority drivers: high case-money inflow (5K KZT), 1 seeds within 2 hops.",16
100000008416433100,3,False,1,20000,1,0,0,0,0,False,0,0,0.000289670972664,0,0,22.1132357613,0.00110566178807,peripheral,0.9,one_off_recipient,Single inflow of 20K KZT; 0 further outgoing transfers observed.,0.213819441565,"Single inflow of 20K KZT; 0 further outgoing transfers observed. Priority drivers: 0 seeds within 2 hops, strong bridge position.",14
100000008417029100,3,False,1,100000,1,0,0,0,0,False,0,0,0.000304957734466,0,0,548.510757083,0.00548510757083,peripheral,0.9,one_off_recipient,Single inflow of 100K KZT; 0 further outgoing transfers observed.,0.350157321798,"Single inflow of 100K KZT; 0 further outgoing transfers observed. Priority drivers: high case-money inflow (549 KZT), high weighted network importance.",8
100000008417359100,3,False,1,40810,2,2,110760,3,2.7140406763,False,0,0,0.000290413873154,0,0.812567713976,100.344726681,0.000905965390765,peripheral,0.6,other,"Limited role evidence: 1 payers, 2 recipients, 41K KZT received in observed graph.",0.253691188597,"Limited role evidence: 1 payers, 2 recipients, 41K KZT received in observed graph. Priority drivers: high case-money inflow (100 KZT), 0 seeds within 2 hops.",16
100000008418835100,0,True,1,1372000,67,4,186179,6,0.135698979592,False,1,1,0.000525468979589,0.000316638668517,0.854978273597,1372000,1,peripheral,0.6,other,"Limited role evidence: 1 payers, 4 recipients, 1.4M KZT received in observed graph.",0.455253810965,"Limited role evidence: 1 payers, 4 recipients, 1.4M KZT received in observed graph. Priority drivers: high case-money inflow (1.4M KZT), 1 seeds within 2 hops.",59
100000008418934100,2,False,1,360000,1,0,0,0,0,False,0,1,0.000317686837533,0,0,41064.6199316,0.114068388699,terminal,0.6,,Money stops here in the observed graph: receives 360K KZT from 1 payers; no outgoing transfers were traced.,0.641545853661,"Money stops here in the observed graph: receives 360K KZT from 1 payers; no outgoing transfers were traced. Priority drivers: high case-money inflow (41K KZT), 1 seeds within 2 hops.",8
100000008422226100,3,False,1,87450,1,0,0,0,0,False,0,0,0.000288928087308,0,0,74.0214036586,0.00084644258043,peripheral,0.9,one_off_recipient,Single inflow of 87K KZT; 0 further outgoing transfers observed.,0.239663520231,"Single inflow of 87K KZT; 0 further outgoing transfers observed. Priority drivers: high case-money inflow (74 KZT), 0 seeds within 2 hops.",0
100000008427027100,3,False,1,300000,1,0,0,0,0,False,0,0,0.000547929590397,0,0,18431.98527,0.0614399509002,terminal,0.5,,Money stops here in the observed graph: receives 300K KZT from 1 payers; no outgoing transfers were traced.,0.56394451585,"Money stops here in the observed graph: receives 300K KZT from 1 payers; no outgoing transfers were traced. Priority drivers: high case-money inflow (18K KZT), high weighted network importance.",2
100000008430691100,3,False,1,20000,1,2,604900,2,30.245,False,0,0,0.000305286704761,1.96165382873e-05,0.966936683749,653.76745207,0.00108078600111,peripheral,0.6,other,"Limited role evidence: 1 payers, 2 recipients, 20K KZT received in observed graph.",0.427171294185,"Limited role evidence: 1 payers, 2 recipients, 20K KZT received in observed graph. Priority drivers: high case-money inflow (654 KZT), strong bridge position.",50
100000008432942100,3,False,1,44542,2,0,0,0,0,False,0,0,0.000286528378962,0,0,37.7022454175,0.00084644258043,peripheral,0.9,one_off_recipient,Single inflow of 45K KZT; 0 further outgoing transfers observed.,0.206218241958,"Single inflow of 45K KZT; 0 further outgoing transfers observed. Priority drivers: 0 seeds within 2 hops, strong bridge position.",0
100000008436257100,3,False,2,35000,2,0,0,0,0,False,0,0,0.000292982617514,0,0,235.815612584,0.00673758893096,terminal,0.5,,Money stops here in the observed graph: receives 35K KZT from 2 payers; no outgoing transfers were traced.,0.35905763552,"Money stops here in the observed graph: receives 35K KZT from 2 payers; no outgoing transfers were traced. Priority drivers: high case-money inflow (236 KZT), terminal role signals.",16
100000008438656100,1,False,2,80000,2,1,5000,1,0.0625,False,1,2,0.000295764681385,2.37776221665e-05,1,55029.8839844,0.687873549805,terminal,0.5,,Possible holding point: receives 80K KZT from 2 payers; observed onward flow is 6%.,0.742607257533,"Possible holding point: receives 80K KZT from 2 payers; observed onward flow is 6%. Priority drivers: high case-money inflow (55K KZT), 2 seeds within 2 hops.",2
100000008443341100,1,False,2,34500,2,3,50000,4,1.44927536232,False,1,1,0.000664448525658,0.000360098962412,0.62,30624.996864,0.61249993728,peripheral,0.6,other,"Limited role evidence: 2 payers, 3 recipients, 34K KZT received in observed graph.",0.719921131796,"Limited role evidence: 2 payers, 3 recipients, 34K KZT received in observed graph. Priority drivers: high case-money inflow (31K KZT), 1 seeds within 2 hops.",10
100000008454065100,3,False,1,24050,1,0,0,0,0,False,0,0,0.000290811794177,0,0,26.591166003,0.00110566178807,peripheral,0.9,one_off_recipient,Single inflow of 24K KZT; 0 further outgoing transfers observed.,0.223217288353,"Single inflow of 24K KZT; 0 further outgoing transfers observed. Priority drivers: 0 seeds within 2 hops, strong bridge position.",14
100000008459449100,3,False,1,53700,1,0,0,0,0,False,0,0,0.000297931258622,0,0,651.403370116,0.0121304165757,peripheral,0.9,one_off_recipient,Single inflow of 54K KZT; 0 further outgoing transfers observed.,0.342279714932,"Single inflow of 54K KZT; 0 further outgoing transfers observed. Priority drivers: high case-money inflow (651 KZT), 0 seeds within 2 hops.",0
100000008460102100,3,False,1,17500,1,31,476570,34,27.2325714286,False,0,0,0.000298064146481,0.000977722613694,0.187401640892,23.0588115926,4.83849415461e-05,distributor,1,,Fan-out hypothesis: sends 477K KZT to 31 recipients after receiving from 1 payers.,0.460381626288,"Fan-out hypothesis: sends 477K KZT to 31 recipients after receiving from 1 payers. Priority drivers: strong bridge position, distributor role signals.",7
100000008461217100,4,False,1,18000,1,0,0,0,0,True,0,0,0.000542321597355,0,0,217.391304348,0.012077294686,peripheral,0.9,cut_off_hop4,Outgoing transfers not observed: graph cut off at hop 4.,0.26436189081,"Outgoing transfers not observed: graph cut off at hop 4. Priority drivers: high weighted network importance, high case-money inflow (217 KZT).",48
100000008461532100,2,False,2,565300,2,8,2530090,9,4.47565894215,False,0,1,0.000739796704719,0.000271263039549,0.995403325573,816.506805412,0.000322718482509,peripheral,0.6,other,"Limited role evidence: 2 payers, 8 recipients, 565K KZT received in observed graph.",0.622072962303,"Limited role evidence: 2 payers, 8 recipients, 565K KZT received in observed graph. Priority drivers: 1 seeds within 2 hops, high case-money inflow (817 KZT).",25
100000008463968100,3,False,1,10000,1,0,0,0,0,False,0,0,0.00028558662742,0,0,6.645076819,0.0006645076819,peripheral,0.9,one_off_recipient,Single inflow of 10K KZT; 0 further outgoing transfers observed.,0.165931884038,"Single inflow of 10K KZT; 0 further outgoing transfers observed. Priority drivers: 0 seeds within 2 hops, strong bridge position.",1
100000008465789100,3,False,1,30099,1,16,1858100,17,61.7329479385,False,0,0,0.00028832753286,0.000845096405844,0.477961358377,15.7085744708,8.45410606036e-06,distributor,0.8,,Fan-out hypothesis: sends 1.9M KZT to 16 recipients after receiving from 1 payers.,0.418194968467,"Fan-out hypothesis: sends 1.9M KZT to 16 recipients after receiving from 1 payers. Priority drivers: strong bridge position, distributor role signals.",9
100000008466579100,2,False,2,36952,2,17,1933000,20,52.3111063001,False,0,1,0.000354014084947,0.000505632236185,0.0646663217796,6063.56389219,0.00313686699027,distributor,0.85,,Fan-out hypothesis: sends 1.9M KZT to 17 recipients after receiving from 2 payers.,0.748916253207,"Fan-out hypothesis: sends 1.9M KZT to 17 recipients after receiving from 2 payers. Priority drivers: high case-money inflow (6K KZT), 1 seeds within 2 hops.",9
100000008468762100,3,False,2,170000,2,0,0,0,0,False,0,0,0.000308710233205,0,0,32.7448125518,0.000192616544423,terminal,0.5,,Money stops here in the observed graph: receives 170K KZT from 2 payers; no outgoing transfers were traced.,0.324990440916,"Money stops here in the observed graph: receives 170K KZT from 2 payers; no outgoing transfers were traced. Priority drivers: terminal role signals, high weighted network importance.",17
100000008469048100,4,False,1,265200,7,0,0,0,0,True,0,0,0.000575193336561,0,0,1506.97875981,0.00568242367951,peripheral,0.9,cut_off_hop4,Outgoing transfers not observed: graph cut off at hop 4.,0.309540657204,"Outgoing transfers not observed: graph cut off at hop 4. Priority drivers: high case-money inflow (2K KZT), high weighted network importance.",0
100000008470470100,1,False,1,33547,1,0,0,0,0,False,1,1,0.000291025393776,0,0,33547,1,peripheral,0.9,one_off_recipient,Single inflow of 34K KZT; 0 further outgoing transfers observed.,0.526228745434,"Single inflow of 34K KZT; 0 further outgoing transfers observed. Priority drivers: high case-money inflow (34K KZT), 1 seeds within 2 hops.",1
100000008471634100,4,False,1,20000,1,0,0,0,0,True,0,0,0.00111606447015,0,0,239.68904913,0.0119844524565,peripheral,0.9,cut_off_hop4,Outgoing transfers not observed: graph cut off at hop 4.,0.280372781256,"Outgoing transfers not observed: graph cut off at hop 4. Priority drivers: high weighted network importance, high case-money inflow (240 KZT).",24
100000008472324100,3,False,1,205200,1,0,0,0,0,False,0,0,0.000290632559535,0,0,245.287743893,0.0011953593757,peripheral,0.9,one_off_recipient,Single inflow of 205K KZT; 0 further outgoing transfers observed.,0.289762335826,"Single inflow of 205K KZT; 0 further outgoing transfers observed. Priority drivers: high case-money inflow (245 KZT), 0 seeds within 2 hops.",5
100000008473207100,2,False,1,202000,4,0,0,0,0,False,0,2,0.000552632204603,0,0,116256.544115,0.575527446112,peripheral,0.9,one_off_recipient,Single inflow of 202K KZT; 0 further outgoing transfers observed.,0.698983281968,"Single inflow of 202K KZT; 0 further outgoing transfers observed. Priority drivers: high case-money inflow (116K KZT), 2 seeds within 2 hops.",3
100000008473765100,3,False,1,30000,1,0,0,0,0,False,0,0,0.000290092961559,0,0,199.545105069,0.00665150350229,peripheral,0.9,one_off_recipient,Single inflow of 30K KZT; 0 further outgoing transfers observed.,0.279327961819,"Single inflow of 30K KZT; 0 further outgoing transfers observed. Priority drivers: high case-money inflow (200 KZT), 0 seeds within 2 hops.",3
100000008474308100,2,False,1,14000,2,1,10000,1,0.714285714286,False,0,1,0.000442176035412,0,0,8574.99912192,0.61249993728,peripheral,0.6,other,"Limited role evidence: 1 payers, 1 recipients, 14K KZT received in observed graph.",0.55732456201,"Limited role evidence: 1 payers, 1 recipients, 14K KZT received in observed graph. Priority drivers: high case-money inflow (9K KZT), 1 seeds within 2 hops.",10
100000008474391100,3,False,1,20000,1,0,0,0,0,False,0,0,0.000405037273046,0,0,705.284791854,0.0352642395927,peripheral,0.9,one_off_recipient,Single inflow of 20K KZT; 0 further outgoing transfers observed.,0.398252184769,"Single inflow of 20K KZT; 0 further outgoing transfers observed. Priority drivers: high case-money inflow (705 KZT), high weighted network importance.",21
100000008477350100,2,False,11,610100,14,39,3374866,44,5.53166038354,False,0,2,0.00102728218125,0.00251719406826,0.569887219226,40938.534914,0.0121304178933,coordinator,0.502129839318,,Bridge hypothesis: top 1% betweenness; links 11 payers and 39 recipients.,0.970304646867,"Bridge hypothesis: top 1% betweenness; links 11 payers and 39 recipients. Priority drivers: high case-money inflow (41K KZT), coordinator role signals.",0
100000008478414100,2,False,1,10000,1,0,0,0,0,False,0,1,0.000287408017732,0,0,171.850103637,0.0171850103637,peripheral,0.9,one_off_recipient,Single inflow of 10K KZT; 0 further outgoing transfers observed.,0.354545287026,"Single inflow of 10K KZT; 0 further outgoing transfers observed. Priority drivers: 1 seeds within 2 hops, high case-money inflow (172 KZT).",1
100000008486520100,1,False,1,35720,2,1,14000,1,0.391937290034,False,1,1,0.000287852568804,1.92202445845e-05,0,35720,1,peripheral,0.6,other,"Limited role evidence: 1 payers, 1 recipients, 36K KZT received in observed graph.",0.582270317085,"Limited role evidence: 1 payers, 1 recipients, 36K KZT received in observed graph. Priority drivers: high case-money inflow (36K KZT), 1 seeds within 2 hops.",4
100000008488166100,3,False,1,5600,1,0,0,0,0,False,0,0,0.000284904917274,0,0,3.72124301864,0.0006645076819,peripheral,0.9,one_off_recipient,Single inflow of 6K KZT; 0 further outgoing transfers observed.,0.158261582616,"Single inflow of 6K KZT; 0 further outgoing transfers observed. Priority drivers: 0 seeds within 2 hops, strong bridge position.",1
100000008489604100,3,False,1,11000,1,0,0,0,0,False,0,0,0.000285741561544,0,0,7.3095845009,0.0006645076819,peripheral,0.9,one_off_recipient,Single inflow of 11K KZT; 0 further outgoing transfers observed.,0.167728531218,"Single inflow of 11K KZT; 0 further outgoing transfers observed. Priority drivers: 0 seeds within 2 hops, strong bridge position.",1
100000008489922100,3,False,3,262010,5,36,3789900,41,14.4647150872,False,0,0,0.00058252084994,0.0008721882963,0.269057231062,2510.31352461,0.000662369330222,distributor,1,,Fan-out hypothesis: sends 3.8M KZT to 36 recipients after receiving from 3 payers.,0.673180664391,"Fan-out hypothesis: sends 3.8M KZT to 36 recipients after receiving from 3 payers. Priority drivers: high case-money inflow (3K KZT), strong bridge position.",8
100000008490127100,3,False,1,431755,2,6,923000,9,2.13778647613,False,0,0,0.000297914197717,0.000115321467507,0,516.102387255,0.000559157515986,peripheral,0.6,other,"Limited role evidence: 1 payers, 6 recipients, 432K KZT received in observed graph.",0.4244072216,"Limited role evidence: 1 payers, 6 recipients, 432K KZT received in observed graph. Priority drivers: strong bridge position, high case-money inflow (516 KZT).",5
100000008491390100,3,False,1,36000,1,0,0,0,0,False,0,0,0.000286050651996,0,0,30.4719328955,0.00084644258043,peripheral,0.9,one_off_recipient,Single inflow of 36K KZT; 0 further outgoing transfers observed.,0.198478838721,"Single inflow of 36K KZT; 0 further outgoing transfers observed. Priority drivers: 0 seeds within 2 hops, strong bridge position.",0
100000008493007100,3,False,1,26150,1,1,26150,1,1,False,0,0,0.000288088813524,1.38702795971e-06,1,17.3768758817,0.0006645076819,transit,1,,Pass-through hypothesis: forwards 100% of 26K KZT received; 100% forwarded within 2 days.,0.365221517384,"Pass-through hypothesis: forwards 100% of 26K KZT received; 100% forwarded within 2 days. Priority drivers: transit role signals, strong bridge position.",1
100000008497298100,2,False,1,600000,1,0,0,0,0,False,0,1,0.000340119871769,0,0,68441.0332193,0.114068388699,terminal,1,,Money stops here in the observed graph: receives 600K KZT from 1 payers; no outgoing transfers were traced.,0.667666339585,"Money stops here in the observed graph: receives 600K KZT from 1 payers; no outgoing transfers were traced. Priority drivers: high case-money inflow (68K KZT), 1 seeds within 2 hops.",8
100000008501413100,3,False,1,5000,1,1,5100,1,1.02,False,0,0,0.000364554073881,2.12017130984e-05,1,299.598424113,0.0587447890418,transit,0.95,,Pass-through hypothesis: forwards 102% of 5K KZT received; 100% forwarded within 2 days.,0.541776653722,"Pass-through hypothesis: forwards 102% of 5K KZT received; 100% forwarded within 2 days. Priority drivers: strong bridge position, transit role signals.",11
100000008502995100,3,False,1,25000,2,0,0,0,0,False,0,0,0.000721240447261,0,0,18579.0993879,0.743163975518,peripheral,0.9,one_off_recipient,Single inflow of 25K KZT; 0 further outgoing transfers observed.,0.51254658614,"Single inflow of 25K KZT; 0 further outgoing transfers observed. Priority drivers: high case-money inflow (19K KZT), high weighted network importance.",0
100000008503177100,3,False,1,33951,1,0,0,0,0,False,0,0,0.000290890494007,0,0,225.825195406,0.00665150350229,peripheral,0.9,one_off_recipient,Single inflow of 34K KZT; 0 further outgoing transfers observed.,0.287343772314,"Single inflow of 34K KZT; 0 further outgoing transfers observed. Priority drivers: high case-money inflow (226 KZT), 0 seeds within 2 hops.",3
100000008507703100,3,False,1,28500,1,0,0,0,0,False,0,0,0.000288452908715,0,0,18.9384689342,0.0006645076819,peripheral,0.9,one_off_recipient,Single inflow of 28K KZT; 0 further outgoing transfers observed.,0.205043511109,"Single inflow of 28K KZT; 0 further outgoing transfers observed. Priority drivers: 0 seeds within 2 hops, strong bridge position.",1
100000008512552100,2,False,4,394360,9,6,1302275,11,3.30224921392,False,0,1,0.000423350374018,0.000430729565648,1,9937.73119305,0.00763105426508,peripheral,0.6,other,"Limited role evidence: 4 payers, 6 recipients, 394K KZT received in observed graph.",0.652201353474,"Limited role evidence: 4 payers, 6 recipients, 394K KZT received in observed graph. Priority drivers: high case-money inflow (10K KZT), 1 seeds within 2 hops.",16
100000008512827100,2,False,3,107949,3,10,1944500,10,18.0131358327,False,0,1,0.000333392902725,0.000137265445001,0.798662895346,6949.01322427,0.00357367612459,distributor,0.5,,Fan-out hypothesis: sends 1.9M KZT to 10 recipients after receiving from 3 payers.,0.741453257229,"Fan-out hypothesis: sends 1.9M KZT to 10 recipients after receiving from 3 payers. Priority drivers: high case-money inflow (7K KZT), 1 seeds within 2 hops.",13
100000008513251100,0,True,0,0,0,0,0,0,,False,0,0,0.00028403728618,0,,0,1,peripheral,0.9,isolated_seed,Known seed with 0 observed transfers in this graph.,0.0845709468331,"Known seed with 0 observed transfers in this graph. Priority drivers: 0 seeds within 2 hops, strong bridge position.",85
100000008514970100,3,False,1,379966,1,1,31000,1,0.0815862471905,False,0,0,0.00031091014935,7.92587405548e-07,1,819.472323641,0.00215669908266,terminal,0.633276666667,,Possible holding point: receives 380K KZT from 1 payers; observed onward flow is 8%.,0.489625514233,"Possible holding point: receives 380K KZT from 1 payers; observed onward flow is 8%. Priority drivers: high case-money inflow (819 KZT), strong bridge position.",3
100000008516839100,0,True,3,155000,4,0,0,0,0,False,1,3,0.0010626714069,0,0,101500,1,terminal,0.75,,Money stops here in the observed graph: receives 155K KZT from 3 payers; no outgoing transfers were traced.,0.468858576226,"Money stops here in the observed graph: receives 155K KZT from 3 payers; no outgoing transfers were traced. Priority drivers: high case-money inflow (102K KZT), 3 seeds within 2 hops.",19
100000008517061100,4,False,1,1844000,4,0,0,0,0,True,0,0,0.000410793547483,0,0,191.422054459,0.000103808055564,peripheral,0.9,cut_off_hop4,Outgoing transfers not observed: graph cut off at hop 4.,0.247964030202,"Outgoing transfers not observed: graph cut off at hop 4. Priority drivers: high weighted network importance, high case-money inflow (191 KZT).",14
100000008517538100,3,False,3,155500,6,17,1439000,18,9.2540192926,False,0,0,0.000305396160492,0.000245805364718,0.592077831828,211.687664349,0.000147107480437,distributor,0.85,,Fan-out hypothesis: sends 1.4M KZT to 17 recipients after receiving from 3 payers.,0.532696675281,"Fan-out hypothesis: sends 1.4M KZT to 17 recipients after receiving from 3 payers. Priority drivers: strong bridge position, distributor role signals.",8
100000008522127100,0,True,0,0,0,1,145000,3,,False,0,0,0.00028403728618,0,,0,1,peripheral,0.6,other,"Limited role evidence: 0 payers, 1 recipients, 0 KZT received in observed graph.",0.0845709468331,"Limited role evidence: 0 payers, 1 recipients, 0 KZT received in observed graph. Priority drivers: 0 seeds within 2 hops, strong bridge position.",61
100000008524903100,4,False,1,15000,1,0,0,0,0,True,0,0,0.00032993857571,0,0,11.2682668518,0.000751217790119,peripheral,0.9,cut_off_hop4,Outgoing transfers not observed: graph cut off at hop 4.,0.179325197746,"Outgoing transfers not observed: graph cut off at hop 4. Priority drivers: high weighted network importance, 0 seeds within 2 hops.",0
100000008525136100,4,False,1,14100,1,0,0,0,0,True,0,0,0.00028696854278,0,0,26.6950433585,0.00189326548642,peripheral,0.9,cut_off_hop4,Outgoing transfers not observed: graph cut off at hop 4.,0.141547235697,"Outgoing transfers not observed: graph cut off at hop 4. Priority drivers: 0 seeds within 2 hops, strong bridge position.",0
100000008531133100,2,False,1,25000,1,3,158271.68,3,6.3308672,False,0,1,0.000529600251359,2.33483039884e-05,0.200741408697,25000,0.157956243341,peripheral,0.6,other,"Limited role evidence: 1 payers, 3 recipients, 25K KZT received in observed graph.",0.681016810168,"Limited role evidence: 1 payers, 3 recipients, 25K KZT received in observed graph. Priority drivers: high case-money inflow (25K KZT), 1 seeds within 2 hops.",4
100000008531186100,2,False,1,125000,1,0,0,0,0,False,0,1,0.000359840489759,0,0,18622.1794914,0.148977435931,peripheral,0.9,one_off_recipient,Single inflow of 125K KZT; 0 further outgoing transfers observed.,0.56706791787,"Single inflow of 125K KZT; 0 further outgoing transfers observed. Priority drivers: high case-money inflow (19K KZT), 1 seeds within 2 hops.",2
100000008532050100,3,False,1,455156,1,0,0,0,0,False,0,0,0.000298666322433,0,0,544.074992006,0.0011953593757,terminal,0.758593333333,,Money stops here in the observed graph: receives 455K KZT from 1 payers; no outgoing transfers were traced.,0.401831658766,"Money stops here in the observed graph: receives 455K KZT from 1 payers; no outgoing transfers were traced. Priority drivers: high case-money inflow (544 KZT), terminal role signals.",5
100000008536546100,3,False,2,250000,2,0,0,0,0,False,0,0,0.000315510510705,0,0,79.675095127,0.000318700380508,terminal,0.5,,Money stops here in the observed graph: receives 250K KZT from 2 payers; no outgoing transfers were traced.,0.356017155677,"Money stops here in the observed graph: receives 250K KZT from 2 payers; no outgoing transfers were traced. Priority drivers: terminal role signals, high weighted network importance.",17
100000008537380100,3,False,1,8000,1,0,0,0,0,False,0,0,0.000285276759172,0,0,5.3160614552,0.0006645076819,peripheral,0.9,one_off_recipient,Single inflow of 8K KZT; 0 further outgoing transfers observed.,0.162269487863,"Single inflow of 8K KZT; 0 further outgoing transfers observed. Priority drivers: 0 seeds within 2 hops, strong bridge position.",1
100000008545727100,2,False,1,30000,1,6,1866500,7,62.2166666667,False,0,1,0.000336805967732,0.000134202031775,0.637556924725,1504.12851154,0.000805855082528,peripheral,0.6,other,"Limited role evidence: 1 payers, 6 recipients, 30K KZT received in observed graph.",0.584827084226,"Limited role evidence: 1 payers, 6 recipients, 30K KZT received in observed graph. Priority drivers: high case-money inflow (2K KZT), 1 seeds within 2 hops.",7
100000008546855100,2,False,6,71790,8,2,10000,2,0.139295166458,False,0,1,0.00141409853369,5.8849614862e-05,1,1518.84339282,0.0211567543226,consolidator,0.6,,"Signs of consolidation: receives from 6 payers (1 seeds within 2 hops), 72K KZT in, forwards 14%.",0.803278650764,"Signs of consolidation: receives from 6 payers (1 seeds within 2 hops), 72K KZT in, forwards 14%. Priority drivers: consolidator role signals, high case-money inflow (2K KZT).",18
100000008547295100,3,False,1,15000,1,0,0,0,0,False,0,0,0.00055880213208,0,0,1231.10268755,0.0820735125035,peripheral,0.9,one_off_recipient,Single inflow of 15K KZT; 0 further outgoing transfers observed.,0.435912673733,"Single inflow of 15K KZT; 0 further outgoing transfers observed. Priority drivers: high case-money inflow (1K KZT), high weighted network importance.",6
100000008547844100,2,False,3,177600,3,19,2042199,21,11.4988682432,False,0,1,0.000342459588204,0.0017876098818,0.407306046081,1065.81731392,0.000521896893455,distributor,0.95,,Fan-out hypothesis: sends 2.0M KZT to 19 recipients after receiving from 3 payers.,0.709804626136,"Fan-out hypothesis: sends 2.0M KZT to 19 recipients after receiving from 3 payers. Priority drivers: high case-money inflow (1K KZT), 1 seeds within 2 hops.",9
100000008547948100,2,False,6,212665,7,26,5185600,31,24.3838901559,False,0,1,0.000427667831583,0.00113221413743,0.216271983956,5829.97051738,0.001124261516,consolidator,0.6,,"Signs of consolidation: receives from 6 payers (1 seeds within 2 hops), 213K KZT in, forwards 2438%.",0.805593561554,"Signs of consolidation: receives from 6 payers (1 seeds within 2 hops), 213K KZT in, forwards 2438%. Priority drivers: high case-money inflow (6K KZT), consolidator role signals.",8
100000008548853100,3,False,1,14000,1,0,0,0,0,False,0,0,0.000286206363916,0,0,9.30310754661,0.0006645076819,peripheral,0.9,one_off_recipient,Single inflow of 14K KZT; 0 further outgoing transfers observed.,0.173636736367,"Single inflow of 14K KZT; 0 further outgoing transfers observed. Priority drivers: 0 seeds within 2 hops, strong bridge position.",1
100000008551752100,4,False,1,406000,2,0,0,0,0,True,0,0,0.0003396596252,0,0,1.87107052864,4.6085481001e-06,peripheral,0.9,cut_off_hop4,Outgoing transfers not observed: graph cut off at hop 4.,0.171295566888,"Outgoing transfers not observed: graph cut off at hop 4. Priority drivers: high weighted network importance, 0 seeds within 2 hops.",38
100000008554390100,4,False,1,14000,1,0,0,0,0,True,0,0,0.00029147997738,0,0,0.677389181646,4.83849415461e-05,peripheral,0.9,cut_off_hop4,Outgoing transfers not observed: graph cut off at hop 4.,0.130518586085,"Outgoing transfers not observed: graph cut off at hop 4. Priority drivers: 0 seeds within 2 hops, strong bridge position.",7
100000008555233100,3,False,1,440600,1,0,0,0,0,False,0,0,0.000361355972325,0,0,2393.18230246,0.00543164390027,terminal,0.734333333333,,Money stops here in the observed graph: receives 441K KZT from 1 payers; no outgoing transfers were traced.,0.480124014723,"Money stops here in the observed graph: receives 441K KZT from 1 payers; no outgoing transfers were traced. Priority drivers: high case-money inflow (2K KZT), high weighted network importance.",17
100000008555918100,1,False,1,139211,1,2,43300,2,0.311038639188,False,1,2,0.00031168681182,4.75552443329e-05,0,139211,1,peripheral,0.6,other,"Limited role evidence: 1 payers, 2 recipients, 139K KZT received in observed graph.",0.728766164066,"Limited role evidence: 1 payers, 2 recipients, 139K KZT received in observed graph. Priority drivers: high case-money inflow (139K KZT), 2 seeds within 2 hops.",2
100000008556318100,1,False,2,180132,2,0,0,0,0,False,1,2,0.000557125295105,0,0,116840.335316,0.64863730662,terminal,0.5,,Money stops here in the observed graph: receives 180K KZT from 2 payers; no outgoing transfers were traced.,0.762128520162,"Money stops here in the observed graph: receives 180K KZT from 2 payers; no outgoing transfers were traced. Priority drivers: high case-money inflow (117K KZT), 2 seeds within 2 hops.",2
100000008557672100,2,False,1,49125,1,0,0,0,0,False,0,1,0.000300596004932,0,0,844.213634116,0.0171850103637,peripheral,0.9,one_off_recipient,Single inflow of 49K KZT; 0 further outgoing transfers observed.,0.45083866569,"Single inflow of 49K KZT; 0 further outgoing transfers observed. Priority drivers: high case-money inflow (844 KZT), 1 seeds within 2 hops.",1
100000008560263100,4,False,1,100000,1,0,0,0,0,True,0,0,0.000311472504839,0,0,55.9157514975,0.000559157514975,peripheral,0.9,cut_off_hop4,Outgoing transfers not observed: graph cut off at hop 4.,0.196255142327,"Outgoing transfers not observed: graph cut off at hop 4. Priority drivers: high weighted network importance, high case-money inflow (56 KZT).",5
100000008560717100,1,False,7,529000,9,1,25000,1,0.047258979206,False,1,1,0.000328946580547,1.92202445845e-05,0,46319.3373909,0.0875601841038,consolidator,0.7,,"Signs of consolidation: receives from 7 payers (1 seeds within 2 hops), 529K KZT in, forwards 5%.",0.823974644241,"Signs of consolidation: receives from 7 payers (1 seeds within 2 hops), 529K KZT in, forwards 5%. Priority drivers: high case-money inflow (46K KZT), consolidator role signals.",5
100000008561016100,3,False,1,180000,2,1,185000,4,1.02777777778,False,0,0,0.000293248345022,2.23905942067e-05,1,226.933499982,0.00122666756747,transit,0.930555555556,,Pass-through hypothesis: forwards 103% of 180K KZT received; 100% forwarded within 2 days.,0.476199031653,"Pass-through hypothesis: forwards 103% of 180K KZT received; 100% forwarded within 2 days. Priority drivers: strong bridge position, transit role signals.",8
100000008566737100,1,False,2,230000,2,0,0,0,0,False,1,2,0.000347468217825,0,0,105852.582192,0.460228618227,terminal,0.5,,Money stops here in the observed graph: receives 230K KZT from 2 payers; no outgoing transfers were traced.,0.723569707607,"Money stops here in the observed graph: receives 230K KZT from 2 payers; no outgoing transfers were traced. Priority drivers: high case-money inflow (106K KZT), 2 seeds within 2 hops.",0
100000008568512100,3,False,1,199640,1,0,0,0,0,False,0,0,0.000290453857196,0,0,238.641545764,0.0011953593757,peripheral,0.9,one_off_recipient,Single inflow of 200K KZT; 0 further outgoing transfers observed.,0.287551077758,"Single inflow of 200K KZT; 0 further outgoing transfers observed. Priority drivers: high case-money inflow (239 KZT), 0 seeds within 2 hops.",5
100000008571243100,3,False,1,134000,1,0,0,0,0,False,0,0,0.000304590299708,0,0,107.984578753,0.000805855065319,peripheral,0.9,one_off_recipient,Single inflow of 134K KZT; 0 further outgoing transfers observed.,0.290246048528,"Single inflow of 134K KZT; 0 further outgoing transfers observed. Priority drivers: high case-money inflow (108 KZT), high weighted network importance.",7
100000008571433100,0,True,2,350000,2,2,1434000,3,4.09714285714,False,0,1,0.00162767275438,9.90734256935e-07,0.741980474198,342027.919441,1,peripheral,0.6,other,"Limited role evidence: 2 payers, 2 recipients, 350K KZT received in observed graph.",0.449117569827,"Limited role evidence: 2 payers, 2 recipients, 350K KZT received in observed graph. Priority drivers: high case-money inflow (342K KZT), 1 seeds within 2 hops.",51
100000008571443100,2,False,2,65000,2,0,0,0,0,False,0,1,0.000313012231958,0,0,1019.77883271,0.0156889051186,terminal,0.5,,Money stops here in the observed graph: receives 65K KZT from 2 payers; no outgoing transfers were traced.,0.534023430122,"Money stops here in the observed graph: receives 65K KZT from 2 payers; no outgoing transfers were traced. Priority drivers: high case-money inflow (1K KZT), 1 seeds within 2 hops.",12
100000008575624100,0,True,0,0,0,3,89500,5,,False,0,0,0.00028403728618,0,,0,1,peripheral,0.6,other,"Limited role evidence: 0 payers, 3 recipients, 0 KZT received in observed graph.",0.0845709468331,"Limited role evidence: 0 payers, 3 recipients, 0 KZT received in observed graph. Priority drivers: 0 seeds within 2 hops, strong bridge position.",46
100000008576243100,3,False,2,82920,4,0,0,0,0,False,0,0,0.00163878129169,0,0,1863.89353033,0.022478214307,terminal,0.5,,Money stops here in the observed graph: receives 83K KZT from 2 payers; no outgoing transfers were traced.,0.524418277891,"Money stops here in the observed graph: receives 83K KZT from 2 payers; no outgoing transfers were traced. Priority drivers: high case-money inflow (2K KZT), high weighted network importance.",0
100000008576528100,3,False,1,28000,1,0,0,0,0,False,0,0,0.000284937226014,0,0,33.4700625196,0.0011953593757,peripheral,0.9,one_off_recipient,Single inflow of 28K KZT; 0 further outgoing transfers observed.,0.195507460693,"Single inflow of 28K KZT; 0 further outgoing transfers observed. Priority drivers: 0 seeds within 2 hops, strong bridge position.",5
100000008579978100,3,False,1,34000,1,1,77000,6,2.26470588235,False,0,0,0.000285130070264,1.92202445845e-05,0.350649350649,40.6422187738,0.000527821023036,peripheral,0.6,other,"Limited role evidence: 1 payers, 1 recipients, 34K KZT received in observed graph.",0.270344725919,"Limited role evidence: 1 payers, 1 recipients, 34K KZT received in observed graph. Priority drivers: strong bridge position, 0 seeds within 2 hops.",5
100000008582730100,3,False,1,5000,1,1,5000,1,1,False,0,0,0.000885029163651,0,1,105.783770507,0.0211567541015,transit,1,,Pass-through hypothesis: forwards 100% of 5K KZT received; 100% forwarded within 2 days.,0.470290826504,"Pass-through hypothesis: forwards 100% of 5K KZT received; 100% forwarded within 2 days. Priority drivers: high weighted network importance, transit role signals.",18
100000008583360100,3,False,1,112843,1,1,170000,1,1.50651790541,False,0,0,0.000325788407041,1.92202445845e-05,0,870.710447755,0.00512182616326,peripheral,0.6,other,"Limited role evidence: 1 payers, 1 recipients, 113K KZT received in observed graph.",0.450147647544,"Limited role evidence: 1 payers, 1 recipients, 113K KZT received in observed graph. Priority drivers: high case-money inflow (871 KZT), strong bridge position.",7
100000008583971100,4,False,2,51000,2,0,0,0,0,True,0,0,0.000327895364533,0,0,12.0286289703,0.000235855470006,peripheral,0.9,cut_off_hop4,Outgoing transfers not observed: graph cut off at hop 4.,0.180776335853,"Outgoing transfers not observed: graph cut off at hop 4. Priority drivers: high weighted network importance, 0 seeds within 2 hops.",0
100000008586731100,1,False,1,12000,1,0,0,0,0,False,1,1,0.000286015756086,0,0,12000,1,peripheral,0.9,one_off_recipient,Single inflow of 12K KZT; 0 further outgoing transfers observed.,0.462102261472,"Single inflow of 12K KZT; 0 further outgoing transfers observed. Priority drivers: high case-money inflow (12K KZT), 1 seeds within 2 hops.",10
100000008587459100,2,False,2,181507,2,2,686500,4,3.78222327514,False,0,1,0.000299120703371,1.77245782047e-05,0,804.881140239,0.00117244157355,peripheral,0.6,other,"Limited role evidence: 2 payers, 2 recipients, 182K KZT received in observed graph.",0.513030298842,"Limited role evidence: 2 payers, 2 recipients, 182K KZT received in observed graph. Priority drivers: 1 seeds within 2 hops, high case-money inflow (805 KZT).",0
100000008588665100,4,False,1,25000,1,0,0,0,0,True,0,0,0.000350467031167,0,0,303.260414391,0.0121304165756,peripheral,0.9,cut_off_hop4,Outgoing transfers not observed: graph cut off at hop 4.,0.251156534037,"Outgoing transfers not observed: graph cut off at hop 4. Priority drivers: high case-money inflow (303 KZT), high weighted network importance.",0
100000008595687100,3,False,1,64395,1,1,10400,1,0.1615032223,False,0,0,0.000303197792338,0.000301084140683,1,671.784036007,0.010432239087,peripheral,0.6,other,"Limited role evidence: 1 payers, 1 recipients, 64K KZT received in observed graph.",0.446070640482,"Limited role evidence: 1 payers, 1 recipients, 64K KZT received in observed graph. Priority drivers: strong bridge position, high case-money inflow (672 KZT).",4
100000008596924100,3,False,1,100000,1,0,0,0,0,False,0,0,0.000413633182264,0,0,3789.57473954,0.0378957473954,peripheral,0.9,one_off_recipient,Single inflow of 100K KZT; 0 further outgoing transfers observed.,0.437847524543,"Single inflow of 100K KZT; 0 further outgoing transfers observed. Priority drivers: high case-money inflow (4K KZT), high weighted network importance.",6
100000008598972100,3,False,1,120000,1,0,0,0,0,False,0,0,0.000292524212853,0,0,258.803889919,0.00215669908266,peripheral,0.9,one_off_recipient,Single inflow of 120K KZT; 0 further outgoing transfers observed.,0.298607368096,"Single inflow of 120K KZT; 0 further outgoing transfers observed. Priority drivers: high case-money inflow (259 KZT), 0 seeds within 2 hops.",3
100000008599354100,3,False,1,177000,1,1,38200,2,0.21581920904,False,0,0,0.000329833061269,4.35923073052e-06,0,2147.0837339,0.0121304165757,peripheral,0.6,other,"Limited role evidence: 1 payers, 1 recipients, 177K KZT received in observed graph.",0.46828687388,"Limited role evidence: 1 payers, 1 recipients, 177K KZT received in observed graph. Priority drivers: high case-money inflow (2K KZT), strong bridge position.",0
100000008601794100,0,True,2,494400,8,1,871400,13,1.76254045307,False,0,1,0.00244031284468,3.96293702774e-07,0.23112233188,494400,1,peripheral,0.6,other,"Limited role evidence: 2 payers, 1 recipients, 494K KZT received in observed graph.",0.451128432633,"Limited role evidence: 2 payers, 1 recipients, 494K KZT received in observed graph. Priority drivers: high case-money inflow (494K KZT), 1 seeds within 2 hops.",55
100000008603331100,2,False,2,39500,3,6,741774,6,18.7790886076,False,0,1,0.000342319032906,0.00019576908917,0.44400855247,2531.13764615,0.00341227603846,peripheral,0.6,other,"Limited role evidence: 2 payers, 6 recipients, 40K KZT received in observed graph.",0.600098585256,"Limited role evidence: 2 payers, 6 recipients, 40K KZT received in observed graph. Priority drivers: high case-money inflow (3K KZT), 1 seeds within 2 hops.",9
100000008603629100,2,False,19,1817300,45,61,4986156,74,2.7437165025,False,0,1,0.00118409969042,0.00576052874227,0.988837894362,33165.4349179,0.00665150366693,coordinator,0.504151838671,,Bridge hypothesis: top 1% betweenness; links 19 payers and 61 recipients.,0.921311460306,"Bridge hypothesis: top 1% betweenness; links 19 payers and 61 recipients. Priority drivers: high case-money inflow (33K KZT), coordinator role signals.",3
100000008612257100,3,False,1,9500,1,0,0,0,0,False,0,0,0.00028631595553,0,0,35.7183755704,0.00375982900741,peripheral,0.9,one_off_recipient,Single inflow of 10K KZT; 0 further outgoing transfers observed.,0.203730576632,"Single inflow of 10K KZT; 0 further outgoing transfers observed. Priority drivers: 0 seeds within 2 hops, strong bridge position.",16
100000008619159100,4,False,1,446400,2,0,0,0,0,True,0,0,0.000354589965466,0,0,56.7925292366,0.000127223407788,peripheral,0.9,cut_off_hop4,Outgoing transfers not observed: graph cut off at hop 4.,0.211830691341,"Outgoing transfers not observed: graph cut off at hop 4. Priority drivers: high weighted network importance, high case-money inflow (57 KZT).",62
100000008619857100,3,False,1,29000,1,2,13000,2,0.448275862069,False,0,0,0.000285659164198,1.75823270987e-06,0.615384615385,24.5468348325,0.00084644258043,peripheral,0.6,other,"Limited role evidence: 1 payers, 2 recipients, 29K KZT received in observed graph.",0.253967595856,"Limited role evidence: 1 payers, 2 recipients, 29K KZT received in observed graph. Priority drivers: strong bridge position, 0 seeds within 2 hops.",0
100000008620570100,3,False,2,145000,2,2,31800,2,0.219310344828,False,0,0,0.0003465640058,3.30834475084e-05,0.314465408805,1571.79883854,0.0108399919899,peripheral,0.6,other,"Limited role evidence: 2 payers, 2 recipients, 145K KZT received in observed graph.",0.483247416744,"Limited role evidence: 2 payers, 2 recipients, 145K KZT received in observed graph. Priority drivers: high case-money inflow (2K KZT), strong bridge position.",3
100000008624978100,2,False,1,109000,1,0,0,0,0,False,0,1,0.000336150058978,0,0,13870.1215639,0.127248821688,peripheral,0.9,one_off_recipient,Single inflow of 109K KZT; 0 further outgoing transfers observed.,0.548963242441,"Single inflow of 109K KZT; 0 further outgoing transfers observed. Priority drivers: high case-money inflow (14K KZT), 1 seeds within 2 hops.",17
100000008625905100,3,False,1,197800,1,2,635000,2,3.21031344793,False,0,0,0.000542044491248,3.96293702774e-05,0,720.240430058,0.00113423689773,peripheral,0.6,other,"Limited role evidence: 1 payers, 2 recipients, 198K KZT received in observed graph.",0.4995899959,"Limited role evidence: 1 payers, 2 recipients, 198K KZT received in observed graph. Priority drivers: high case-money inflow (720 KZT), strong bridge position.",15
100000008628231100,1,False,1,50000,1,2,627870,19,12.5574,False,1,2,0.000293968083904,4.75552443329e-05,0.0350391004507,50000,0.0796343192062,peripheral,0.6,other,"Limited role evidence: 1 payers, 2 recipients, 50K KZT received in observed graph.",0.677008904921,"Limited role evidence: 1 payers, 2 recipients, 50K KZT received in observed graph. Priority drivers: high case-money inflow (50K KZT), 2 seeds within 2 hops.",64
100000008628818100,4,False,1,46310,1,0,0,0,0,True,0,0,0.00030124080534,0,0,109.31817392,0.00236057382682,peripheral,0.9,cut_off_hop4,Outgoing transfers not observed: graph cut off at hop 4.,0.200608556647,"Outgoing transfers not observed: graph cut off at hop 4. Priority drivers: high case-money inflow (109 KZT), high weighted network importance.",7
100000008629504100,4,False,1,20000,1,0,0,0,0,True,0,0,0.000300370874755,0,0,4.89895004326,0.000244947502163,peripheral,0.9,cut_off_hop4,Outgoing transfers not observed: graph cut off at hop 4.,0.152479142769,"Outgoing transfers not observed: graph cut off at hop 4. Priority drivers: high weighted network importance, 0 seeds within 2 hops.",0
100000008629581100,2,False,1,54184,1,0,0,0,0,False,0,1,0.000313597087651,0,0,7357.48757931,0.135787088057,peripheral,0.9,one_off_recipient,Single inflow of 54K KZT; 0 further outgoing transfers observed.,0.517867425865,"Single inflow of 54K KZT; 0 further outgoing transfers observed. Priority drivers: high case-money inflow (7K KZT), 1 seeds within 2 hops.",2
100000008631800100,4,False,1,12850,1,0,0,0,0,True,0,0,0.00029086861346,0,0,0.621746498868,4.83849415461e-05,peripheral,0.9,cut_off_hop4,Outgoing transfers not observed: graph cut off at hop 4.,0.128777220356,"Outgoing transfers not observed: graph cut off at hop 4. Priority drivers: 0 seeds within 2 hops, strong bridge position.",7
100000008632060100,3,False,1,6000,1,9,339200,12,56.5333333333,False,0,0,0.000286475583344,0.000536543658122,0,4.69705709975,1.38474560724e-05,peripheral,0.6,other,"Limited role evidence: 1 payers, 9 recipients, 6K KZT received in observed graph.",0.261430591834,"Limited role evidence: 1 payers, 9 recipients, 6K KZT received in observed graph. Priority drivers: strong bridge position, 0 seeds within 2 hops.",0
100000008633099100,3,False,1,19468,1,1,13500,1,0.693445654407,False,0,0,0.000290383256126,1.92202445845e-05,0,50.7476378016,0.00260672065963,peripheral,0.6,other,"Limited role evidence: 1 payers, 1 recipients, 19K KZT received in observed graph.",0.304135513265,"Limited role evidence: 1 payers, 1 recipients, 19K KZT received in observed graph. Priority drivers: strong bridge position, high case-money inflow (51 KZT).",6
100000008634520100,3,False,1,90000,1,0,0,0,0,False,0,0,0.000296865692479,0,0,46.9707200362,0.000521896889291,peripheral,0.9,one_off_recipient,Single inflow of 90K KZT; 0 further outgoing transfers observed.,0.253069272266,"Single inflow of 90K KZT; 0 further outgoing transfers observed. Priority drivers: high case-money inflow (47 KZT), 0 seeds within 2 hops.",9
100000008636603100,2,False,2,35460,2,6,159375,7,4.49450084602,False,0,1,0.000336807412921,0.00347456549167,0.369411764706,11505.5764951,0.0721918525181,coordinator,0.503253172292,,Bridge hypothesis: top 1% betweenness; links 2 payers and 6 recipients.,0.827885806948,"Bridge hypothesis: top 1% betweenness; links 2 payers and 6 recipients. Priority drivers: high case-money inflow (12K KZT), coordinator role signals.",4
100000008637537100,0,True,3,619890,22,3,2351495,30,3.79340689477,False,2,4,0.000822010569535,7.75353843868e-05,1,614599.875265,1,peripheral,0.6,other,"Limited role evidence: 3 payers, 3 recipients, 620K KZT received in observed graph.",0.493867904971,"Limited role evidence: 3 payers, 3 recipients, 620K KZT received in observed graph. Priority drivers: high case-money inflow (615K KZT), 4 seeds within 2 hops.",9
100000008638859100,4,False,1,34000,1,0,0,0,0,True,0,0,0.000536126097445,0,0,71.181235084,0.00209356573776,peripheral,0.9,cut_off_hop4,Outgoing transfers not observed: graph cut off at hop 4.,0.23703212313,"Outgoing transfers not observed: graph cut off at hop 4. Priority drivers: high weighted network importance, high case-money inflow (71 KZT).",18
100000008647905100,2,False,1,50000,1,2,344222,2,6.88444,False,0,1,0.000326894932494,3.84404891691e-05,0.670497527758,4102.7972028,0.0119190441134,peripheral,0.6,other,"Limited role evidence: 1 payers, 2 recipients, 50K KZT received in observed graph.",0.591426307522,"Limited role evidence: 1 payers, 2 recipients, 50K KZT received in observed graph. Priority drivers: high case-money inflow (4K KZT), 1 seeds within 2 hops.",18
100000008648783100,4,False,1,5200,1,0,0,0,0,True,0,0,0.00028680171434,0,0,0.25160169604,4.83849415461e-05,peripheral,0.9,cut_off_hop4,Outgoing transfers not observed: graph cut off at hop 4.,0.111073335452,"Outgoing transfers not observed: graph cut off at hop 4. Priority drivers: 0 seeds within 2 hops, strong bridge position.",7
100000008649416100,4,False,1,5000,1,0,0,0,0,True,0,0,0.000530566003141,0,0,18.7991450366,0.00375982900732,peripheral,0.9,cut_off_hop4,Outgoing transfers not observed: graph cut off at hop 4.,0.213233458177,"Outgoing transfers not observed: graph cut off at hop 4. Priority drivers: high weighted network importance, 0 seeds within 2 hops.",16
100000008650785100,0,True,2,92000,2,2,120120,2,1.30565217391,False,1,2,0.000608727481017,2.2423618682e-05,0.582917082917,83192.7118706,1,peripheral,0.6,other,"Limited role evidence: 2 payers, 2 recipients, 92K KZT received in observed graph.",0.464043561784,"Limited role evidence: 2 payers, 2 recipients, 92K KZT received in observed graph. Priority drivers: high case-money inflow (83K KZT), 2 seeds within 2 hops.",4
100000008652094100,3,False,1,35000,1,0,0,0,0,False,0,0,0.000285994725167,0,0,29.625490315,0.00084644258043,peripheral,0.9,one_off_recipient,Single inflow of 35K KZT; 0 further outgoing transfers observed.,0.197373209687,"Single inflow of 35K KZT; 0 further outgoing transfers observed. Priority drivers: 0 seeds within 2 hops, strong bridge position.",0
100000008653041100,3,False,1,28000,1,0,0,0,0,False,0,0,0.000288375441653,0,0,18.6062150932,0.0006645076819,peripheral,0.9,one_off_recipient,Single inflow of 28K KZT; 0 further outgoing transfers observed.,0.203661474817,"Single inflow of 28K KZT; 0 further outgoing transfers observed. Priority drivers: 0 seeds within 2 hops, strong bridge position.",1
100000008654653100,0,True,0,0,0,1,54000,1,,False,0,0,0.00028403728618,0,,0,1,peripheral,0.6,other,"Limited role evidence: 0 payers, 1 recipients, 0 KZT received in observed graph.",0.0845709468331,"Limited role evidence: 0 payers, 1 recipients, 0 KZT received in observed graph. Priority drivers: 0 seeds within 2 hops, strong bridge position.",4
100000008655035100,2,False,1,30000,1,0,0,0,0,False,0,2,0.000536933621316,0,0,30000,1,peripheral,0.9,one_off_recipient,Single inflow of 30K KZT; 0 further outgoing transfers observed.,0.656347462351,"Single inflow of 30K KZT; 0 further outgoing transfers observed. Priority drivers: high case-money inflow (30K KZT), 2 seeds within 2 hops.",6
100000008655779100,3,False,1,47000,1,2,24704,2,0.525617021277,False,0,0,0.000394450742317,5.92097746422e-05,0,518.901209967,0.0110404512759,peripheral,0.6,other,"Limited role evidence: 1 payers, 2 recipients, 47K KZT received in observed graph.",0.472122024591,"Limited role evidence: 1 payers, 2 recipients, 47K KZT received in observed graph. Priority drivers: high case-money inflow (519 KZT), strong bridge position.",27
100000008656043100,2,False,1,26200,1,0,0,0,0,False,0,1,0.000292868602848,0,0,450.247271528,0.0171850103637,peripheral,0.9,one_off_recipient,Single inflow of 26K KZT; 0 further outgoing transfers observed.,0.414767518462,"Single inflow of 26K KZT; 0 further outgoing transfers observed. Priority drivers: 1 seeds within 2 hops, high case-money inflow (450 KZT).",1
100000008659445100,0,True,3,138490,7,4,875150,18,6.31922882519,False,0,1,0.00254665768794,9.90734256935e-07,0.517854082157,79623.8998494,1,peripheral,0.6,other,"Limited role evidence: 3 payers, 4 recipients, 138K KZT received in observed graph.",0.438005998038,"Limited role evidence: 3 payers, 4 recipients, 138K KZT received in observed graph. Priority drivers: high case-money inflow (80K KZT), 1 seeds within 2 hops.",40
100000008659950100,3,False,1,246000,1,0,0,0,0,False,0,0,0.000319101596731,0,0,128.386634766,0.000521896889291,peripheral,0.9,one_off_recipient,Single inflow of 246K KZT; 0 further outgoing transfers observed.,0.313464258238,"Single inflow of 246K KZT; 0 further outgoing transfers observed. Priority drivers: high case-money inflow (128 KZT), high weighted network importance.",9
100000008661550100,3,False,1,22800,1,0,0,0,0,False,0,0,0.000287569784208,0,0,15.1507751473,0.0006645076819,peripheral,0.9,one_off_recipient,Single inflow of 23K KZT; 0 further outgoing transfers observed.,0.192674286293,"Single inflow of 23K KZT; 0 further outgoing transfers observed. Priority drivers: 0 seeds within 2 hops, strong bridge position.",1
100000008661585100,1,False,1,43141,1,0,0,0,0,False,1,1,0.000293023900477,0,0,43141,1,peripheral,0.9,one_off_recipient,Single inflow of 43K KZT; 0 further outgoing transfers observed.,0.542882282755,"Single inflow of 43K KZT; 0 further outgoing transfers observed. Priority drivers: high case-money inflow (43K KZT), 1 seeds within 2 hops.",1
100000008662216100,3,False,1,26200,1,0,0,0,0,False,0,0,0.00028809656023,0,0,17.4101012658,0.0006645076819,peripheral,0.9,one_off_recipient,Single inflow of 26K KZT; 0 further outgoing transfers observed.,0.201208360398,"Single inflow of 26K KZT; 0 further outgoing transfers observed. Priority drivers: 0 seeds within 2 hops, strong bridge position.",1
100000008662805100,3,False,1,16500,1,0,0,0,0,False,0,0,0.000286593699226,0,0,10.9643767514,0.0006645076819,peripheral,0.9,one_off_recipient,Single inflow of 16K KZT; 0 further outgoing transfers observed.,0.178923025185,"Single inflow of 16K KZT; 0 further outgoing transfers observed. Priority drivers: 0 seeds within 2 hops, strong bridge position.",1
100000008663007100,1,False,1,14000,1,0,0,0,0,False,1,1,0.000286953597813,0,0,14000,1,peripheral,0.9,one_off_recipient,Single inflow of 14K KZT; 0 further outgoing transfers observed.,0.472640288201,"Single inflow of 14K KZT; 0 further outgoing transfers observed. Priority drivers: high case-money inflow (14K KZT), 1 seeds within 2 hops.",1
100000008663723100,3,False,1,15600,1,0,0,0,0,False,0,0,0.000286454258515,0,0,10.3663198376,0.0006645076819,peripheral,0.9,one_off_recipient,Single inflow of 16K KZT; 0 further outgoing transfers observed.,0.17667721621,"Single inflow of 16K KZT; 0 further outgoing transfers observed. Priority drivers: 0 seeds within 2 hops, strong bridge position.",1
100000008664469100,1,False,1,25000,1,0,0,0,0,False,1,2,0.000289002685042,0,0,25000,1,peripheral,0.9,one_off_recipient,Single inflow of 25K KZT; 0 further outgoing transfers observed.,0.550276176919,"Single inflow of 25K KZT; 0 further outgoing transfers observed. Priority drivers: high case-money inflow (25K KZT), 2 seeds within 2 hops.",2
100000008664774100,3,False,1,16300,1,0,0,0,0,False,0,0,0.000286562712402,0,0,10.831475215,0.0006645076819,peripheral,0.9,one_off_recipient,Single inflow of 16K KZT; 0 further outgoing transfers observed.,0.178404761576,"Single inflow of 16K KZT; 0 further outgoing transfers observed. Priority drivers: 0 seeds within 2 hops, strong bridge position.",1
100000008665380100,1,False,2,69100,2,1,18200,1,0.263386396527,False,1,1,0.00028920444299,1.92202445845e-05,1,10050.0247565,0.145441747562,peripheral,0.6,other,"Limited role evidence: 2 payers, 1 recipients, 69K KZT received in observed graph.",0.545991864413,"Limited role evidence: 2 payers, 1 recipients, 69K KZT received in observed graph. Priority drivers: high case-money inflow (10K KZT), 1 seeds within 2 hops.",0
100000008666075100,1,False,1,26217,1,0,0,0,0,False,1,1,0.000289498496329,0,0,26217,1,peripheral,0.9,one_off_recipient,Single inflow of 26K KZT; 0 further outgoing transfers observed.,0.512961197028,"Single inflow of 26K KZT; 0 further outgoing transfers observed. Priority drivers: high case-money inflow (26K KZT), 1 seeds within 2 hops.",1
100000008667058100,1,False,1,17534,1,0,0,0,0,False,1,1,0.000287689758192,0,0,17534,1,peripheral,0.9,one_off_recipient,Single inflow of 18K KZT; 0 further outgoing transfers observed.,0.485700531163,"Single inflow of 18K KZT; 0 further outgoing transfers observed. Priority drivers: high case-money inflow (18K KZT), 1 seeds within 2 hops.",1
100000008667795100,3,False,1,34000,1,0,0,0,0,False,0,0,0.000289305046397,0,0,22.5932611846,0.0006645076819,peripheral,0.9,one_off_recipient,Single inflow of 34K KZT; 0 further outgoing transfers observed.,0.21247195618,"Single inflow of 34K KZT; 0 further outgoing transfers observed. Priority drivers: 0 seeds within 2 hops, strong bridge position.",1
100000008667799100,3,False,1,34000,1,0,0,0,0,False,0,0,0.000289305046397,0,0,22.5932611846,0.0006645076819,peripheral,0.9,one_off_recipient,Single inflow of 34K KZT; 0 further outgoing transfers observed.,0.21247195618,"Single inflow of 34K KZT; 0 further outgoing transfers observed. Priority drivers: 0 seeds within 2 hops, strong bridge position.",1
100000008668099100,3,False,1,15700,1,0,0,0,0,False,0,0,0.000286469751927,0,0,10.4327706058,0.0006645076819,peripheral,0.9,one_off_recipient,Single inflow of 16K KZT; 0 further outgoing transfers observed.,0.177160928913,"Single inflow of 16K KZT; 0 further outgoing transfers observed. Priority drivers: 0 seeds within 2 hops, strong bridge position.",1
100000008669037100,0,True,0,0,0,0,0,0,,False,0,0,0.00028403728618,0,,0,1,peripheral,0.9,isolated_seed,Known seed with 0 observed transfers in this graph.,0.0845709468331,"Known seed with 0 observed transfers in this graph. Priority drivers: 0 seeds within 2 hops, strong bridge position.",86
100000008669310100,3,False,1,59567,2,0,0,0,0,False,0,0,0.000287368679556,0,0,50.4200451885,0.00084644258043,peripheral,0.9,one_off_recipient,Single inflow of 60K KZT; 0 further outgoing transfers observed.,0.219416688549,"Single inflow of 60K KZT; 0 further outgoing transfers observed. Priority drivers: high case-money inflow (50 KZT), 0 seeds within 2 hops.",0
100000008670667100,1,False,1,15534,1,0,0,0,0,False,1,1,0.000287273142245,0,0,15534,1,peripheral,0.9,one_off_recipient,Single inflow of 16K KZT; 0 further outgoing transfers observed.,0.478583044257,"Single inflow of 16K KZT; 0 further outgoing transfers observed. Priority drivers: high case-money inflow (16K KZT), 1 seeds within 2 hops.",1
100000008671026100,1,False,1,23534,1,0,0,0,0,False,1,1,0.000288939606035,0,0,23534,1,peripheral,0.9,one_off_recipient,Single inflow of 24K KZT; 0 further outgoing transfers observed.,0.504634428367,"Single inflow of 24K KZT; 0 further outgoing transfers observed. Priority drivers: high case-money inflow (24K KZT), 1 seeds within 2 hops.",1
100000008671081100,3,False,1,37200,1,0,0,0,0,False,0,0,0.000289800835594,0,0,24.7196857667,0.0006645076819,peripheral,0.9,one_off_recipient,Single inflow of 37K KZT; 0 further outgoing transfers observed.,0.217067226852,"Single inflow of 37K KZT; 0 further outgoing transfers observed. Priority drivers: 0 seeds within 2 hops, strong bridge position.",1
100000008671129100,3,False,1,26200,1,0,0,0,0,False,0,0,0.00028809656023,0,0,17.4101012658,0.0006645076819,peripheral,0.9,one_off_recipient,Single inflow of 26K KZT; 0 further outgoing transfers observed.,0.201208360398,"Single inflow of 26K KZT; 0 further outgoing transfers observed. Priority drivers: 0 seeds within 2 hops, strong bridge position.",1
100000008671929100,1,False,1,75000,2,0,0,0,0,False,1,2,0.000298933482766,0,0,75000,1,peripheral,0.9,one_off_recipient,Single inflow of 75K KZT; 0 further outgoing transfers observed.,0.617166733465,"Single inflow of 75K KZT; 0 further outgoing transfers observed. Priority drivers: high case-money inflow (75K KZT), 2 seeds within 2 hops.",2
100000008672162100,1,False,1,15550,1,0,0,0,0,False,1,1,0.000287276475172,0,0,15550,1,peripheral,0.9,one_off_recipient,Single inflow of 16K KZT; 0 further outgoing transfers observed.,0.479101307867,"Single inflow of 16K KZT; 0 further outgoing transfers observed. Priority drivers: high case-money inflow (16K KZT), 1 seeds within 2 hops.",1
100000008672200100,1,False,1,8511,1,0,0,0,0,False,1,1,0.000285810195345,0,0,8511,1,peripheral,0.9,one_off_recipient,Single inflow of 9K KZT; 0 further outgoing transfers observed.,0.451045971134,"Single inflow of 9K KZT; 0 further outgoing transfers observed. Priority drivers: high case-money inflow (9K KZT), 1 seeds within 2 hops.",1
100000008672480100,2,False,1,13000,1,0,0,0,0,False,0,1,0.000288419237198,0,0,223.405134728,0.0171850103637,peripheral,0.9,one_off_recipient,Single inflow of 13K KZT; 0 further outgoing transfers observed.,0.369954991685,"Single inflow of 13K KZT; 0 further outgoing transfers observed. Priority drivers: 1 seeds within 2 hops, high case-money inflow (223 KZT).",1
100000008672493100,3,False,1,14000,1,0,0,0,0,False,0,0,0.000286206363916,0,0,9.30310754661,0.0006645076819,peripheral,0.9,one_off_recipient,Single inflow of 14K KZT; 0 further outgoing transfers observed.,0.173636736367,"Single inflow of 14K KZT; 0 further outgoing transfers observed. Priority drivers: 0 seeds within 2 hops, strong bridge position.",1
100000008672603100,2,False,1,21200,1,0,0,0,0,False,0,1,0.000295602836733,0,0,2878.68626682,0.135787088057,peripheral,0.9,one_off_recipient,Single inflow of 21K KZT; 0 further outgoing transfers observed.,0.468874239304,"Single inflow of 21K KZT; 0 further outgoing transfers observed. Priority drivers: high case-money inflow (3K KZT), 1 seeds within 2 hops.",2
100000008672762100,2,False,1,13000,1,0,0,0,0,False,0,1,0.000288419237198,0,0,223.405134728,0.0171850103637,peripheral,0.9,one_off_recipient,Single inflow of 13K KZT; 0 further outgoing transfers observed.,0.369954991685,"Single inflow of 13K KZT; 0 further outgoing transfers observed. Priority drivers: 1 seeds within 2 hops, high case-money inflow (223 KZT).",1
100000008673001100,0,True,1,80000,1,0,0,0,0,False,1,1,0.000466249884979,0,0,80000,1,peripheral,0.9,one_off_recipient,Single inflow of 80K KZT; 0 further outgoing transfers observed.,0.379504401786,"Single inflow of 80K KZT; 0 further outgoing transfers observed. Priority drivers: high case-money inflow (80K KZT), 1 seeds within 2 hops.",19
100000008675322100,4,False,1,340000,4,0,0,0,0,True,0,0,0.000317600414309,0,0,16.4316020095,4.83282412044e-05,peripheral,0.9,cut_off_hop4,Outgoing transfers not observed: graph cut off at hop 4.,0.18000239553,"Outgoing transfers not observed: graph cut off at hop 4. Priority drivers: high weighted network importance, 0 seeds within 2 hops.",34
100000008676812100,3,False,1,230800,1,0,0,0,0,False,0,0,0.000470342193767,0,0,2750.91538137,0.0119190441134,peripheral,0.9,one_off_recipient,Single inflow of 231K KZT; 0 further outgoing transfers observed.,0.437432913655,"Single inflow of 231K KZT; 0 further outgoing transfers observed. Priority drivers: high case-money inflow (3K KZT), high weighted network importance.",18
100000008677215100,3,False,1,9000,1,0,0,0,0,False,0,0,0.000302937422704,0,0,686.576788737,0.0762863098596,peripheral,0.9,one_off_recipient,Single inflow of 9K KZT; 0 further outgoing transfers observed.,0.353681514343,"Single inflow of 9K KZT; 0 further outgoing transfers observed. Priority drivers: high case-money inflow (687 KZT), high weighted network importance.",21
100000008677368100,4,False,1,13500,1,0,0,0,0,True,0,0,0.000530863054048,0,0,35.1907289028,0.00260672065946,peripheral,0.9,cut_off_hop4,Outgoing transfers not observed: graph cut off at hop 4.,0.223101197304,"Outgoing transfers not observed: graph cut off at hop 4. Priority drivers: high weighted network importance, 0 seeds within 2 hops.",6
100000008677518100,3,False,1,48700,1,0,0,0,0,False,0,0,0.000291582578021,0,0,32.3615241086,0.0006645076819,peripheral,0.9,one_off_recipient,Single inflow of 49K KZT; 0 further outgoing transfers observed.,0.229090942595,"Single inflow of 49K KZT; 0 further outgoing transfers observed. Priority drivers: 0 seeds within 2 hops, strong bridge position.",1
100000008679986100,1,False,1,19000,1,0,0,0,0,False,1,1,0.000287995137682,0,0,19000,1,peripheral,0.9,one_off_recipient,Single inflow of 19K KZT; 0 further outgoing transfers observed.,0.489846640039,"Single inflow of 19K KZT; 0 further outgoing transfers observed. Priority drivers: high case-money inflow (19K KZT), 1 seeds within 2 hops.",1
100000008680061100,4,False,1,41300,2,0,0,0,0,True,0,0,0.00030895656925,0,0,106.962425324,0.00258988923303,peripheral,0.9,cut_off_hop4,Outgoing transfers not observed: graph cut off at hop 4.,0.206364737805,"Outgoing transfers not observed: graph cut off at hop 4. Priority drivers: high case-money inflow (107 KZT), high weighted network importance.",5
100000008680451100,1,False,1,23534,1,0,0,0,0,False,1,1,0.000288939606035,0,0,23534,1,peripheral,0.9,one_off_recipient,Single inflow of 24K KZT; 0 further outgoing transfers observed.,0.504634428367,"Single inflow of 24K KZT; 0 further outgoing transfers observed. Priority drivers: high case-money inflow (24K KZT), 1 seeds within 2 hops.",1
100000008680731100,0,True,0,0,0,27,1464354,28,,False,0,0,0.00028403728618,0,,0,1,distributor,1,,Fan-out hypothesis: sends 1.5M KZT to 27 recipients after receiving from 0 payers.,0.159101400003,"Fan-out hypothesis: sends 1.5M KZT to 27 recipients after receiving from 0 payers. Priority drivers: distributor role signals, 0 seeds within 2 hops.",10
100000008680912100,3,False,1,45112,2,1,5990.85,1,0.132799476858,False,0,0,0.000541486498987,0,1,965.3351606,0.0213986336363,peripheral,0.6,other,"Limited role evidence: 1 payers, 1 recipients, 45K KZT received in observed graph.",0.425063688839,"Limited role evidence: 1 payers, 1 recipients, 45K KZT received in observed graph. Priority drivers: high case-money inflow (965 KZT), high weighted network importance.",0
100000008682426100,3,False,1,20000,1,0,0,0,0,False,0,0,0.000289670972664,0,0,22.1132357613,0.00110566178807,peripheral,0.9,one_off_recipient,Single inflow of 20K KZT; 0 further outgoing transfers observed.,0.213819441565,"Single inflow of 20K KZT; 0 further outgoing transfers observed. Priority drivers: 0 seeds within 2 hops, strong bridge position.",14
100000008683818100,2,False,1,17400,1,0,0,0,0,False,0,1,0.000289902359081,0,0,299.019180328,0.0171850103637,peripheral,0.9,one_off_recipient,Single inflow of 17K KZT; 0 further outgoing transfers observed.,0.389061643425,"Single inflow of 17K KZT; 0 further outgoing transfers observed. Priority drivers: 1 seeds within 2 hops, high case-money inflow (299 KZT).",1
100000008684452100,3,False,1,51800,1,0,0,0,0,False,0,0,0.000292062873805,0,0,34.4214979224,0.0006645076819,peripheral,0.9,one_off_recipient,Single inflow of 52K KZT; 0 further outgoing transfers observed.,0.23351345873,"Single inflow of 52K KZT; 0 further outgoing transfers observed. Priority drivers: 0 seeds within 2 hops, strong bridge position.",1
100000008684767100,3,False,1,31100,1,0,0,0,0,False,0,0,0.000288855737438,0,0,20.6661889071,0.0006645076819,peripheral,0.9,one_off_recipient,Single inflow of 31K KZT; 0 further outgoing transfers observed.,0.208394949118,"Single inflow of 31K KZT; 0 further outgoing transfers observed. Priority drivers: 0 seeds within 2 hops, strong bridge position.",1
100000008684951100,3,False,1,17200,1,0,0,0,0,False,0,0,0.000286702153113,0,0,11.4295321287,0.0006645076819,peripheral,0.9,one_off_recipient,Single inflow of 17K KZT; 0 further outgoing transfers observed.,0.18078877418,"Single inflow of 17K KZT; 0 further outgoing transfers observed. Priority drivers: 0 seeds within 2 hops, strong bridge position.",1
100000008686214100,3,False,1,25000,1,0,0,0,0,False,0,0,0.00029611367481,0,0,271.692919473,0.0108677167789,peripheral,0.9,one_off_recipient,Single inflow of 25K KZT; 0 further outgoing transfers observed.,0.30959455662,"Single inflow of 25K KZT; 0 further outgoing transfers observed. Priority drivers: high case-money inflow (272 KZT), 0 seeds within 2 hops.",3
100000008686234100,1,False,1,39778,1,0,0,0,0,False,1,1,0.000291443477466,0,0,39778,1,peripheral,0.9,one_off_recipient,Single inflow of 40K KZT; 0 further outgoing transfers observed.,0.534244555929,"Single inflow of 40K KZT; 0 further outgoing transfers observed. Priority drivers: high case-money inflow (40K KZT), 1 seeds within 2 hops.",0
100000008686247100,3,False,1,22000,2,1,5000,1,0.227272727273,False,0,0,0.00031192917683,0,0,703.007518797,0.031954887218,peripheral,0.6,other,"Limited role evidence: 1 payers, 1 recipients, 22K KZT received in observed graph.",0.365705230086,"Limited role evidence: 1 payers, 1 recipients, 22K KZT received in observed graph. Priority drivers: high case-money inflow (703 KZT), high weighted network importance.",22
100000008686313100,1,False,6,1912716,16,7,333800,13,0.174516237643,False,1,1,0.000464706318484,0.00198482602483,1,233150.303204,0.121894888318,consolidator,0.6,,"Signs of consolidation: receives from 6 payers (1 seeds within 2 hops), 1.9M KZT in, forwards 17%.",0.911872152429,"Signs of consolidation: receives from 6 payers (1 seeds within 2 hops), 1.9M KZT in, forwards 17%. Priority drivers: high case-money inflow (233K KZT), consolidator role signals.",0
100000008686494100,3,False,1,15700,1,0,0,0,0,False,0,0,0.000286469751927,0,0,10.4327706058,0.0006645076819,peripheral,0.9,one_off_recipient,Single inflow of 16K KZT; 0 further outgoing transfers observed.,0.177160928913,"Single inflow of 16K KZT; 0 further outgoing transfers observed. Priority drivers: 0 seeds within 2 hops, strong bridge position.",1
100000008687492100,2,False,1,15000,1,0,0,0,0,False,0,1,0.000289093383509,0,0,257.775155455,0.0171850103637,peripheral,0.9,one_off_recipient,Single inflow of 15K KZT; 0 further outgoing transfers observed.,0.379663796638,"Single inflow of 15K KZT; 0 further outgoing transfers observed. Priority drivers: 1 seeds within 2 hops, high case-money inflow (258 KZT).",1
100000008687617100,3,False,1,43350,2,0,0,0,0,False,0,0,0.000290753680457,0,0,28.8064080104,0.0006645076819,peripheral,0.9,one_off_recipient,Single inflow of 43K KZT; 0 further outgoing transfers observed.,0.224322917386,"Single inflow of 43K KZT; 0 further outgoing transfers observed. Priority drivers: 0 seeds within 2 hops, strong bridge position.",1
100000008687671100,1,False,1,37500,1,0,0,0,0,False,1,1,0.000291848835197,0,0,37500,1,peripheral,0.9,one_off_recipient,Single inflow of 38K KZT; 0 further outgoing transfers observed.,0.534037250485,"Single inflow of 38K KZT; 0 further outgoing transfers observed. Priority drivers: high case-money inflow (38K KZT), 1 seeds within 2 hops.",1
100000008687733100,3,False,1,14650,1,0,0,0,0,False,0,0,0.000286307071097,0,0,9.73503753984,0.0006645076819,peripheral,0.9,one_off_recipient,Single inflow of 15K KZT; 0 further outgoing transfers observed.,0.174915119938,"Single inflow of 15K KZT; 0 further outgoing transfers observed. Priority drivers: 0 seeds within 2 hops, strong bridge position.",1
100000008687990100,3,False,1,17600,1,0,0,0,0,False,0,0,0.000286764126763,0,0,11.6953352014,0.0006645076819,peripheral,0.9,one_off_recipient,Single inflow of 18K KZT; 0 further outgoing transfers observed.,0.182516319545,"Single inflow of 18K KZT; 0 further outgoing transfers observed. Priority drivers: 0 seeds within 2 hops, strong bridge position.",1
100000008688109100,3,False,1,12800,1,0,0,0,0,False,0,0,0.000286020442967,0,0,8.50569832833,0.0006645076819,peripheral,0.9,one_off_recipient,Single inflow of 13K KZT; 0 further outgoing transfers observed.,0.171667334651,"Single inflow of 13K KZT; 0 further outgoing transfers observed. Priority drivers: 0 seeds within 2 hops, strong bridge position.",1
100000008688155100,3,False,1,23600,1,0,0,0,0,False,0,0,0.000287693731507,0,0,15.6823812929,0.0006645076819,peripheral,0.9,one_off_recipient,Single inflow of 24K KZT; 0 further outgoing transfers observed.,0.194436382566,"Single inflow of 24K KZT; 0 further outgoing transfers observed. Priority drivers: 0 seeds within 2 hops, strong bridge position.",1
100000008688476100,2,False,1,24000,1,0,0,0,0,False,0,1,0.000292127041906,0,0,412.440248728,0.0171850103637,peripheral,0.9,one_off_recipient,Single inflow of 24K KZT; 0 further outgoing transfers observed.,0.409308475107,"Single inflow of 24K KZT; 0 further outgoing transfers observed. Priority drivers: 1 seeds within 2 hops, high case-money inflow (412 KZT).",1
100000008688881100,2,False,1,44211,1,0,0,0,0,False,0,1,0.000298939627447,0,0,759.766493188,0.0171850103637,peripheral,0.9,one_off_recipient,Single inflow of 44K KZT; 0 further outgoing transfers observed.,0.44544872415,"Single inflow of 44K KZT; 0 further outgoing transfers observed. Priority drivers: 1 seeds within 2 hops, high case-money inflow (760 KZT).",1
100000008690762100,3,False,1,26750,1,0,0,0,0,False,0,0,0.000288181773998,0,0,17.7755804908,0.0006645076819,peripheral,0.9,one_off_recipient,Single inflow of 27K KZT; 0 further outgoing transfers observed.,0.20221033671,"Single inflow of 27K KZT; 0 further outgoing transfers observed. Priority drivers: 0 seeds within 2 hops, strong bridge position.",1
100000008690932100,1,False,1,23000,1,0,0,0,0,False,1,1,0.000288828369577,0,0,23000,1,peripheral,0.9,one_off_recipient,Single inflow of 23K KZT; 0 further outgoing transfers observed.,0.501974008504,"Single inflow of 23K KZT; 0 further outgoing transfers observed. Priority drivers: high case-money inflow (23K KZT), 1 seeds within 2 hops.",1
100000008691027100,1,False,1,17534,1,0,0,0,0,False,1,1,0.000287689758192,0,0,17534,1,peripheral,0.9,one_off_recipient,Single inflow of 18K KZT; 0 further outgoing transfers observed.,0.485700531163,"Single inflow of 18K KZT; 0 further outgoing transfers observed. Priority drivers: high case-money inflow (18K KZT), 1 seeds within 2 hops.",1
100000008691168100,2,False,1,24000,1,0,0,0,0,False,0,1,0.000292127041906,0,0,412.440248728,0.0171850103637,peripheral,0.9,one_off_recipient,Single inflow of 24K KZT; 0 further outgoing transfers observed.,0.409308475107,"Single inflow of 24K KZT; 0 further outgoing transfers observed. Priority drivers: 1 seeds within 2 hops, high case-money inflow (412 KZT).",1
100000008691330100,1,False,1,21440,1,0,0,0,0,False,1,1,0.000288503409138,0,0,21440,1,peripheral,0.9,one_off_recipient,Single inflow of 21K KZT; 0 further outgoing transfers observed.,0.49907173229,"Single inflow of 21K KZT; 0 further outgoing transfers observed. Priority drivers: high case-money inflow (21K KZT), 1 seeds within 2 hops.",1
100000008691495100,1,False,1,27000,1,0,0,0,0,False,1,1,0.000289661601472,0,0,27000,1,peripheral,0.9,one_off_recipient,Single inflow of 27K KZT; 0 further outgoing transfers observed.,0.514412335135,"Single inflow of 27K KZT; 0 further outgoing transfers observed. Priority drivers: high case-money inflow (27K KZT), 1 seeds within 2 hops.",1
100000008692291100,3,False,3,160000,3,3,156000,3,0.975,False,0,0,0.000306286419094,6.41995798494e-05,0.134615384615,320.068218616,0.00200042636635,transit,0.9375,,Pass-through hypothesis: forwards 98% of 160K KZT received; 13% forwarded within 2 days.,0.522497247444,"Pass-through hypothesis: forwards 98% of 160K KZT received; 13% forwarded within 2 days. Priority drivers: strong bridge position, high case-money inflow (320 KZT).",9
100000008693069100,1,False,1,20000,1,0,0,0,0,False,1,1,0.000288203445655,0,0,20000,1,peripheral,0.9,one_off_recipient,Single inflow of 20K KZT; 0 further outgoing transfers observed.,0.494096401638,"Single inflow of 20K KZT; 0 further outgoing transfers observed. Priority drivers: high case-money inflow (20K KZT), 1 seeds within 2 hops.",1
100000008695133100,3,False,1,36610,1,0,0,0,0,False,0,0,0.000289709424461,0,0,24.3276262344,0.0006645076819,peripheral,0.9,one_off_recipient,Single inflow of 37K KZT; 0 further outgoing transfers observed.,0.216168903262,"Single inflow of 37K KZT; 0 further outgoing transfers observed. Priority drivers: 0 seeds within 2 hops, strong bridge position.",1
100000008695157100,4,False,1,425546,3,0,0,0,0,True,0,0,0.000494567014956,0,0,109.806713871,0.000258037236564,peripheral,0.9,cut_off_hop4,Outgoing transfers not observed: graph cut off at hop 4.,0.239789285533,"Outgoing transfers not observed: graph cut off at hop 4. Priority drivers: high weighted network importance, high case-money inflow (110 KZT).",3
100000008695495100,1,False,1,21000,1,0,0,0,0,False,1,1,0.000288411753629,0,0,21000,1,peripheral,0.9,one_off_recipient,Single inflow of 21K KZT; 0 further outgoing transfers observed.,0.497378737832,"Single inflow of 21K KZT; 0 further outgoing transfers observed. Priority drivers: high case-money inflow (21K KZT), 1 seeds within 2 hops.",1
100000008695566100,3,False,1,33700,1,0,0,0,0,False,0,0,0.00028925856616,0,0,22.39390888,0.0006645076819,peripheral,0.9,one_off_recipient,Single inflow of 34K KZT; 0 further outgoing transfers observed.,0.211953692571,"Single inflow of 34K KZT; 0 further outgoing transfers observed. Priority drivers: 0 seeds within 2 hops, strong bridge position.",1
100000008695689100,3,False,1,26200,1,0,0,0,0,False,0,0,0.00028809656023,0,0,17.4101012658,0.0006645076819,peripheral,0.9,one_off_recipient,Single inflow of 26K KZT; 0 further outgoing transfers observed.,0.201208360398,"Single inflow of 26K KZT; 0 further outgoing transfers observed. Priority drivers: 0 seeds within 2 hops, strong bridge position.",1
100000008696692100,2,False,1,19000,1,0,0,0,0,False,0,1,0.00029044167613,0,0,326.51519691,0.0171850103637,peripheral,0.9,one_off_recipient,Single inflow of 19K KZT; 0 further outgoing transfers observed.,0.394797094038,"Single inflow of 19K KZT; 0 further outgoing transfers observed. Priority drivers: 1 seeds within 2 hops, high case-money inflow (327 KZT).",1
100000008696919100,1,False,1,31945,1,0,0,0,0,False,1,1,0.000290691684402,0,0,31945,1,peripheral,0.9,one_off_recipient,Single inflow of 32K KZT; 0 further outgoing transfers observed.,0.523810181922,"Single inflow of 32K KZT; 0 further outgoing transfers observed. Priority drivers: high case-money inflow (32K KZT), 1 seeds within 2 hops.",1
100000008697670100,3,False,1,25350,1,0,0,0,0,False,0,0,0.000287964866224,0,0,16.8452697362,0.0006645076819,peripheral,0.9,one_off_recipient,Single inflow of 25K KZT; 0 further outgoing transfers observed.,0.19771871876,"Single inflow of 25K KZT; 0 further outgoing transfers observed. Priority drivers: 0 seeds within 2 hops, strong bridge position.",1
100000008699083100,4,False,1,238500,1,0,0,0,0,True,0,0,0.000304734156699,0,0,0.961405988586,4.03105236304e-06,peripheral,0.9,cut_off_hop4,Outgoing transfers not observed: graph cut off at hop 4.,0.152285657688,"Outgoing transfers not observed: graph cut off at hop 4. Priority drivers: high weighted network importance, 0 seeds within 2 hops.",13
100000008701222100,0,True,0,0,0,0,0,0,,False,0,0,0.00028403728618,0,,0,1,peripheral,0.9,isolated_seed,Known seed with 0 observed transfers in this graph.,0.0845709468331,"Known seed with 0 observed transfers in this graph. Priority drivers: 0 seeds within 2 hops, strong bridge position.",87
100000008701256100,2,False,1,58250,1,0,0,0,0,False,0,1,0.000302089090084,0,0,1665.42248448,0.0285909439396,peripheral,0.9,one_off_recipient,Single inflow of 58K KZT; 0 further outgoing transfers observed.,0.47060178467,"Single inflow of 58K KZT; 0 further outgoing transfers observed. Priority drivers: high case-money inflow (2K KZT), 1 seeds within 2 hops.",0
100000008701944100,1,False,1,52124,1,0,0,0,0,False,1,2,0.000409084221359,0,0,52124,1,peripheral,0.9,one_off_recipient,Single inflow of 52K KZT; 0 further outgoing transfers observed.,0.659111534936,"Single inflow of 52K KZT; 0 further outgoing transfers observed. Priority drivers: high case-money inflow (52K KZT), 2 seeds within 2 hops.",59
100000008703533100,4,False,1,75000,1,0,0,0,0,True,0,0,0.000293929584889,0,0,0.634057699668,8.45410266224e-06,peripheral,0.9,cut_off_hop4,Outgoing transfers not observed: graph cut off at hop 4.,0.136129653431,"Outgoing transfers not observed: graph cut off at hop 4. Priority drivers: 0 seeds within 2 hops, strong bridge position.",9
100000008706846100,3,False,1,14200,1,0,0,0,0,False,0,0,0.000286237350741,0,0,9.43600908299,0.0006645076819,peripheral,0.9,one_off_recipient,Single inflow of 14K KZT; 0 further outgoing transfers observed.,0.173947694533,"Single inflow of 14K KZT; 0 further outgoing transfers observed. Priority drivers: 0 seeds within 2 hops, strong bridge position.",1
100000008706947100,3,False,1,17200,1,0,0,0,0,False,0,0,0.000286702153113,0,0,11.4295321287,0.0006645076819,peripheral,0.9,one_off_recipient,Single inflow of 17K KZT; 0 further outgoing transfers observed.,0.18078877418,"Single inflow of 17K KZT; 0 further outgoing transfers observed. Priority drivers: 0 seeds within 2 hops, strong bridge position.",1
100000008707810100,3,False,1,26200,1,0,0,0,0,False,0,0,0.00028809656023,0,0,17.4101012658,0.0006645076819,peripheral,0.9,one_off_recipient,Single inflow of 26K KZT; 0 further outgoing transfers observed.,0.201208360398,"Single inflow of 26K KZT; 0 further outgoing transfers observed. Priority drivers: 0 seeds within 2 hops, strong bridge position.",1
100000008708025100,3,False,1,10000,1,0,0,0,0,False,0,0,0.00030752951089,0,0,110.404512759,0.0110404512759,peripheral,0.9,one_off_recipient,Single inflow of 10K KZT; 0 further outgoing transfers observed.,0.294979522829,"Single inflow of 10K KZT; 0 further outgoing transfers observed. Priority drivers: high case-money inflow (110 KZT), high weighted network importance.",27
100000008708061100,3,False,1,8650,1,0,0,0,0,False,0,0,0.000285377466353,0,0,5.74799144844,0.0006645076819,peripheral,0.9,one_off_recipient,Single inflow of 9K KZT; 0 further outgoing transfers observed.,0.1638588296,"Single inflow of 9K KZT; 0 further outgoing transfers observed. Priority drivers: 0 seeds within 2 hops, strong bridge position.",1
100000008708207100,3,False,2,465000,2,0,0,0,0,False,0,0,0.000357750415374,0,0,1103.75354766,0.00237366354336,terminal,0.775,,Money stops here in the observed graph: receives 465K KZT from 2 payers; no outgoing transfers were traced.,0.462019339295,"Money stops here in the observed graph: receives 465K KZT from 2 payers; no outgoing transfers were traced. Priority drivers: high case-money inflow (1K KZT), high weighted network importance.",8
100000008708368100,1,False,1,23677,1,0,0,0,0,False,1,1,0.000288969394075,0,0,23677,1,peripheral,0.9,one_off_recipient,Single inflow of 24K KZT; 0 further outgoing transfers observed.,0.505118141069,"Single inflow of 24K KZT; 0 further outgoing transfers observed. Priority drivers: high case-money inflow (24K KZT), 1 seeds within 2 hops.",1
100000008708595100,3,False,1,17200,1,0,0,0,0,False,0,0,0.000286702153113,0,0,11.4295321287,0.0006645076819,peripheral,0.9,one_off_recipient,Single inflow of 17K KZT; 0 further outgoing transfers observed.,0.18078877418,"Single inflow of 17K KZT; 0 further outgoing transfers observed. Priority drivers: 0 seeds within 2 hops, strong bridge position.",1
100000008708743100,3,False,1,15550,1,0,0,0,0,False,0,0,0.000286446511809,0,0,10.3330944536,0.0006645076819,peripheral,0.9,one_off_recipient,Single inflow of 16K KZT; 0 further outgoing transfers observed.,0.17629715623,"Single inflow of 16K KZT; 0 further outgoing transfers observed. Priority drivers: 0 seeds within 2 hops, strong bridge position.",1
100000008710791100,2,False,3,181510,3,23,5521511,25,30.4198721834,False,0,1,0.000332411520815,0.00031460850776,0.700695878356,6961.19905957,0.00126074168096,distributor,1,,Fan-out hypothesis: sends 5.5M KZT to 23 recipients after receiving from 3 payers.,0.744631940701,"Fan-out hypothesis: sends 5.5M KZT to 23 recipients after receiving from 3 payers. Priority drivers: high case-money inflow (7K KZT), 1 seeds within 2 hops.",8
100000008710843100,2,False,2,33944,3,13,1985500,14,58.4934008956,False,0,1,0.000291294179585,0.00123575007912,0.00755477209771,462.190943159,0.000232783149413,distributor,0.65,,Fan-out hypothesis: sends 2.0M KZT to 13 recipients after receiving from 2 payers.,0.629784724814,"Fan-out hypothesis: sends 2.0M KZT to 13 recipients after receiving from 2 payers. Priority drivers: 1 seeds within 2 hops, strong bridge position.",17
100000008710913100,4,False,1,14000,1,0,0,0,0,True,0,0,0.000286562799948,0,0,2.05950438445,0.000147107456032,peripheral,0.9,cut_off_hop4,Outgoing transfers not observed: graph cut off at hop 4.,0.114459324369,"Outgoing transfers not observed: graph cut off at hop 4. Priority drivers: 0 seeds within 2 hops, strong bridge position.",8
100000008712036100,3,False,1,21000,1,0,0,0,0,False,0,0,0.000287290902785,0,0,13.9546613199,0.0006645076819,peripheral,0.9,one_off_recipient,Single inflow of 21K KZT; 0 further outgoing transfers observed.,0.190324824597,"Single inflow of 21K KZT; 0 further outgoing transfers observed. Priority drivers: 0 seeds within 2 hops, strong bridge position.",1
100000008712184100,3,False,1,18000,1,0,0,0,0,False,0,0,0.000286826100413,0,0,11.9611382742,0.0006645076819,peripheral,0.9,one_off_recipient,Single inflow of 18K KZT; 0 further outgoing transfers observed.,0.184243864911,"Single inflow of 18K KZT; 0 further outgoing transfers observed. Priority drivers: 0 seeds within 2 hops, strong bridge position.",1
100000008712827100,3,False,1,76000,1,0,0,0,0,False,0,0,0.000295812279607,0,0,50.5025838244,0.0006645076819,peripheral,0.9,one_off_recipient,Single inflow of 76K KZT; 0 further outgoing transfers observed.,0.253000170451,"Single inflow of 76K KZT; 0 further outgoing transfers observed. Priority drivers: high case-money inflow (51 KZT), 0 seeds within 2 hops.",1
100000008712991100,3,False,1,66100,1,0,0,0,0,False,0,0,0.000294278431779,0,0,43.9239577736,0.0006645076819,peripheral,0.9,one_off_recipient,Single inflow of 66K KZT; 0 further outgoing transfers observed.,0.246435498063,"Single inflow of 66K KZT; 0 further outgoing transfers observed. Priority drivers: high case-money inflow (44 KZT), 0 seeds within 2 hops.",1
100000008713270100,2,False,1,30000,1,3,190000,3,6.33333333333,False,0,1,0.000289684943999,1.18888110832e-06,0.789473684211,7200.19200512,0.0378957473954,peripheral,0.6,other,"Limited role evidence: 1 payers, 3 recipients, 30K KZT received in observed graph.",0.530927668827,"Limited role evidence: 1 payers, 3 recipients, 30K KZT received in observed graph. Priority drivers: high case-money inflow (7K KZT), 1 seeds within 2 hops.",6
100000008713685100,3,False,1,49700,1,0,0,0,0,False,0,0,0.000291737512145,0,0,33.0260317905,0.0006645076819,peripheral,0.9,one_off_recipient,Single inflow of 50K KZT; 0 further outgoing transfers observed.,0.230472978887,"Single inflow of 50K KZT; 0 further outgoing transfers observed. Priority drivers: 0 seeds within 2 hops, strong bridge position.",1
100000008714412100,3,False,1,169000,1,0,0,0,0,False,0,0,0.000309958624137,0,0,136.189506039,0.000805855065319,peripheral,0.9,one_off_recipient,Single inflow of 169K KZT; 0 further outgoing transfers observed.,0.306139465889,"Single inflow of 169K KZT; 0 further outgoing transfers observed. Priority drivers: high case-money inflow (136 KZT), high weighted network importance.",7
100000008715513100,4,False,1,32500,1,0,0,0,0,True,0,0,0.000301314962181,0,0,1.57251060025,4.83849415461e-05,peripheral,0.9,cut_off_hop4,Outgoing transfers not observed: graph cut off at hop 4.,0.150108950528,"Outgoing transfers not observed: graph cut off at hop 4. Priority drivers: high weighted network importance, 0 seeds within 2 hops.",7
100000008715887100,3,False,1,18000,1,0,0,0,0,False,0,0,0.000286826100413,0,0,11.9611382742,0.0006645076819,peripheral,0.9,one_off_recipient,Single inflow of 18K KZT; 0 further outgoing transfers observed.,0.184243864911,"Single inflow of 18K KZT; 0 further outgoing transfers observed. Priority drivers: 0 seeds within 2 hops, strong bridge position.",1
100000008716072100,3,False,1,12100,1,0,0,0,0,False,0,0,0.000285911989081,0,0,8.040542951,0.0006645076819,peripheral,0.9,one_off_recipient,Single inflow of 12K KZT; 0 further outgoing transfers observed.,0.169041465696,"Single inflow of 12K KZT; 0 further outgoing transfers observed. Priority drivers: 0 seeds within 2 hops, strong bridge position.",1
100000008716222100,1,False,1,18000,1,0,0,0,0,False,1,1,0.000287786829708,0,0,18000,1,peripheral,0.9,one_off_recipient,Single inflow of 18K KZT; 0 further outgoing transfers observed.,0.487462627435,"Single inflow of 18K KZT; 0 further outgoing transfers observed. Priority drivers: high case-money inflow (18K KZT), 1 seeds within 2 hops.",1
100000008716439100,1,False,1,12267,1,0,0,0,0,False,1,1,0.000286592600094,0,0,12267,1,peripheral,0.9,one_off_recipient,Single inflow of 12K KZT; 0 further outgoing transfers observed.,0.465902861276,"Single inflow of 12K KZT; 0 further outgoing transfers observed. Priority drivers: high case-money inflow (12K KZT), 1 seeds within 2 hops.",1
100000008716773100,1,False,1,15677,1,0,0,0,0,False,1,1,0.000287302930285,0,0,15677,1,peripheral,0.9,one_off_recipient,Single inflow of 16K KZT; 0 further outgoing transfers observed.,0.480034182364,"Single inflow of 16K KZT; 0 further outgoing transfers observed. Priority drivers: high case-money inflow (16K KZT), 1 seeds within 2 hops.",1
100000008717340100,1,False,1,41500,1,0,0,0,0,False,1,1,0.000292682067092,0,0,41500,1,peripheral,0.9,one_off_recipient,Single inflow of 42K KZT; 0 further outgoing transfers observed.,0.540740126502,"Single inflow of 42K KZT; 0 further outgoing transfers observed. Priority drivers: high case-money inflow (42K KZT), 1 seeds within 2 hops.",1
100000008717341100,1,False,1,14627,1,0,0,0,0,False,1,1,0.000287084206912,0,0,14627,1,peripheral,0.9,one_off_recipient,Single inflow of 15K KZT; 0 further outgoing transfers observed.,0.475162504434,"Single inflow of 15K KZT; 0 further outgoing transfers observed. Priority drivers: high case-money inflow (15K KZT), 1 seeds within 2 hops.",1
100000008717375100,2,False,1,29506,1,0,0,0,0,False,0,1,0.000300134132153,0,0,4006.53382022,0.135787088057,peripheral,0.9,one_off_recipient,Single inflow of 30K KZT; 0 further outgoing transfers observed.,0.485873285699,"Single inflow of 30K KZT; 0 further outgoing transfers observed. Priority drivers: high case-money inflow (4K KZT), 1 seeds within 2 hops.",2
100000008717802100,3,False,1,26150,1,0,0,0,0,False,0,0,0.000288088813524,0,0,17.3768758817,0.0006645076819,peripheral,0.9,one_off_recipient,Single inflow of 26K KZT; 0 further outgoing transfers observed.,0.199999078642,"Single inflow of 26K KZT; 0 further outgoing transfers observed. Priority drivers: 0 seeds within 2 hops, strong bridge position.",1
100000008718089100,1,False,1,15534,1,0,0,0,0,False,1,1,0.000287273142245,0,0,15534,1,peripheral,0.9,one_off_recipient,Single inflow of 16K KZT; 0 further outgoing transfers observed.,0.478583044257,"Single inflow of 16K KZT; 0 further outgoing transfers observed. Priority drivers: high case-money inflow (16K KZT), 1 seeds within 2 hops.",1
100000008718811100,3,False,1,73300,1,0,0,0,0,False,0,0,0.000295393957472,0,0,48.7084130833,0.0006645076819,peripheral,0.9,one_off_recipient,Single inflow of 73K KZT; 0 further outgoing transfers observed.,0.250719810569,"Single inflow of 73K KZT; 0 further outgoing transfers observed. Priority drivers: high case-money inflow (49 KZT), 0 seeds within 2 hops.",1
100000008720668100,3,False,1,16000,1,0,0,0,0,False,0,0,0.000286516232164,0,0,10.6321229104,0.0006645076819,peripheral,0.9,one_off_recipient,Single inflow of 16K KZT; 0 further outgoing transfers observed.,0.17771374343,"Single inflow of 16K KZT; 0 further outgoing transfers observed. Priority drivers: 0 seeds within 2 hops, strong bridge position.",1
100000008720798100,1,False,1,15534,1,0,0,0,0,False,1,1,0.000287273142245,0,0,15534,1,peripheral,0.9,one_off_recipient,Single inflow of 16K KZT; 0 further outgoing transfers observed.,0.478583044257,"Single inflow of 16K KZT; 0 further outgoing transfers observed. Priority drivers: high case-money inflow (16K KZT), 1 seeds within 2 hops.",1
100000008720856100,3,False,1,18105,1,1,46000,2,2.5407346037,False,0,0,0.000317558826121,1.96165382873e-05,0,109.535288783,0.00238120193006,peripheral,0.6,other,"Limited role evidence: 1 payers, 1 recipients, 18K KZT received in observed graph.",0.378385413068,"Limited role evidence: 1 payers, 1 recipients, 18K KZT received in observed graph. Priority drivers: strong bridge position, high case-money inflow (110 KZT).",5
100000008721637100,3,False,1,24041,1,2,127000,2,5.28264215299,False,0,0,0.000288890102573,7.33145040172e-05,0.0944881889764,159.908795699,0.00125912437558,peripheral,0.6,other,"Limited role evidence: 1 payers, 2 recipients, 24K KZT received in observed graph.",0.350157321798,"Limited role evidence: 1 payers, 2 recipients, 24K KZT received in observed graph. Priority drivers: strong bridge position, high case-money inflow (160 KZT).",6
100000008722328100,1,False,1,23677,1,0,0,0,0,False,1,1,0.000288969394075,0,0,23677,1,peripheral,0.9,one_off_recipient,Single inflow of 24K KZT; 0 further outgoing transfers observed.,0.505118141069,"Single inflow of 24K KZT; 0 further outgoing transfers observed. Priority drivers: high case-money inflow (24K KZT), 1 seeds within 2 hops.",1
100000008722417100,3,False,1,331900,1,3,720000,6,2.16932811088,False,0,0,0.000294704787284,5.76607337536e-05,0.361111111111,396.739776794,0.00055102746777,peripheral,0.6,other,"Limited role evidence: 1 payers, 3 recipients, 332K KZT received in observed graph.",0.403469371772,"Limited role evidence: 1 payers, 3 recipients, 332K KZT received in observed graph. Priority drivers: strong bridge position, high case-money inflow (397 KZT).",5
100000008722541100,4,False,1,280000,4,0,0,0,0,True,0,0,0.00038145359093,0,0,154.287690697,0.000551027466774,peripheral,0.9,cut_off_hop4,Outgoing transfers not observed: graph cut off at hop 4.,0.238386518697,"Outgoing transfers not observed: graph cut off at hop 4. Priority drivers: high weighted network importance, high case-money inflow (154 KZT).",5
100000008723830100,1,False,2,459785,2,1,455000,1,0.989592961928,False,1,1,0.000338335463484,1.96165382873e-05,1,454092.97584,0.987620248247,transit,0.97398240482,,Pass-through hypothesis: forwards 99% of 460K KZT received; 100% forwarded within 2 days.,0.809511634442,"Pass-through hypothesis: forwards 99% of 460K KZT received; 100% forwarded within 2 days. Priority drivers: high case-money inflow (454K KZT), 1 seeds within 2 hops.",4
100000008724279100,1,False,1,11750,1,0,0,0,0,False,1,1,0.000285292313359,0,0,11750,1,peripheral,0.9,one_off_recipient,Single inflow of 12K KZT; 0 further outgoing transfers observed.,0.457541541708,"Single inflow of 12K KZT; 0 further outgoing transfers observed. Priority drivers: high case-money inflow (12K KZT), 1 seeds within 2 hops.",4
100000008724461100,3,False,1,100111,1,1,130000,1,1.29855859995,False,0,0,0.000289160221245,2.23905942067e-05,1,126.214108981,0.000970877761396,peripheral,0.6,other,"Limited role evidence: 1 payers, 1 recipients, 100K KZT received in observed graph.",0.334816718954,"Limited role evidence: 1 payers, 1 recipients, 100K KZT received in observed graph. Priority drivers: strong bridge position, high case-money inflow (126 KZT).",8
100000008727982100,4,False,1,30000,2,0,0,0,0,True,0,0,0.000512699825151,0,0,576.277493448,0.0192092497816,peripheral,0.9,cut_off_hop4,Outgoing transfers not observed: graph cut off at hop 4.,0.282646230957,"Outgoing transfers not observed: graph cut off at hop 4. Priority drivers: high case-money inflow (576 KZT), high weighted network importance.",26
100000008728457100,1,False,1,45000,1,0,0,0,0,False,1,2,0.000290824322534,0,0,45000,1,peripheral,0.9,one_off_recipient,Single inflow of 45K KZT; 0 further outgoing transfers observed.,0.579506244501,"Single inflow of 45K KZT; 0 further outgoing transfers observed. Priority drivers: high case-money inflow (45K KZT), 2 seeds within 2 hops.",11
100000008729597100,3,False,1,83090,1,0,0,0,0,False,0,0,0.000300809488423,0,0,552.673426005,0.00665150350229,peripheral,0.9,one_off_recipient,Single inflow of 83K KZT; 0 further outgoing transfers observed.,0.345043787517,"Single inflow of 83K KZT; 0 further outgoing transfers observed. Priority drivers: high case-money inflow (553 KZT), high weighted network importance.",3
100000008729801100,1,False,1,17534,1,0,0,0,0,False,1,1,0.000287689758192,0,0,17534,1,peripheral,0.9,one_off_recipient,Single inflow of 18K KZT; 0 further outgoing transfers observed.,0.485700531163,"Single inflow of 18K KZT; 0 further outgoing transfers observed. Priority drivers: high case-money inflow (18K KZT), 1 seeds within 2 hops.",1
100000008730021100,1,False,1,75555,3,0,0,0,0,False,1,2,0.000465295846296,0,0,75555,1,peripheral,0.9,one_off_recipient,Single inflow of 76K KZT; 0 further outgoing transfers observed.,0.674037526892,"Single inflow of 76K KZT; 0 further outgoing transfers observed. Priority drivers: high case-money inflow (76K KZT), 2 seeds within 2 hops.",59
100000008730238100,4,False,1,113000,1,0,0,0,0,True,0,0,0.000559843407819,0,0,41.2242987382,0.000364816802993,peripheral,0.9,cut_off_hop4,Outgoing transfers not observed: graph cut off at hop 4.,0.231227570703,"Outgoing transfers not observed: graph cut off at hop 4. Priority drivers: high weighted network importance, high case-money inflow (41 KZT).",9
100000008730371100,3,False,2,520000,3,0,0,0,0,False,0,0,0.00085248727919,0,0,2564.69604041,0.00493210777002,terminal,0.866666666667,,Money stops here in the observed graph: receives 520K KZT from 2 payers; no outgoing transfers were traced.,0.525662110554,"Money stops here in the observed graph: receives 520K KZT from 2 payers; no outgoing transfers were traced. Priority drivers: high case-money inflow (3K KZT), high weighted network importance.",0
100000008730846100,2,False,7,155042,11,3,363370,4,2.34368751693,False,0,1,0.000532845254567,0.000140912605142,1,1832.15740601,0.00504212622398,consolidator,0.7,,"Signs of consolidation: receives from 7 payers (1 seeds within 2 hops), 155K KZT in, forwards 234%.",0.789492838749,"Signs of consolidation: receives from 7 payers (1 seeds within 2 hops), 155K KZT in, forwards 234%. Priority drivers: consolidator role signals, high case-money inflow (2K KZT).",11
100000008731444100,2,False,3,439000,5,9,879767.8,9,2.00402687927,False,0,1,0.00035137213205,0.0001241168559,0.695601498486,12935.2552477,0.0147030332864,peripheral,0.6,other,"Limited role evidence: 3 payers, 9 recipients, 439K KZT received in observed graph.",0.64135236858,"Limited role evidence: 3 payers, 9 recipients, 439K KZT received in observed graph. Priority drivers: high case-money inflow (13K KZT), 1 seeds within 2 hops.",0
100000008732098100,1,False,1,15677,1,0,0,0,0,False,1,1,0.000287302930285,0,0,15677,1,peripheral,0.9,one_off_recipient,Single inflow of 16K KZT; 0 further outgoing transfers observed.,0.480034182364,"Single inflow of 16K KZT; 0 further outgoing transfers observed. Priority drivers: high case-money inflow (16K KZT), 1 seeds within 2 hops.",1
100000008732488100,3,False,1,137000,1,1,10000,1,0.0729927007299,False,0,0,0.000311691537081,1.92202445845e-05,1,911.255979814,0.00665150350229,peripheral,0.6,other,"Limited role evidence: 1 payers, 1 recipients, 137K KZT received in observed graph.",0.440266088054,"Limited role evidence: 1 payers, 1 recipients, 137K KZT received in observed graph. Priority drivers: high case-money inflow (911 KZT), strong bridge position.",3
100000008733049100,2,False,1,10000,1,0,0,0,0,False,0,1,0.000287194138346,0,0,277.203122,0.0277203122,peripheral,0.9,one_off_recipient,Single inflow of 10K KZT; 0 further outgoing transfers observed.,0.370162297129,"Single inflow of 10K KZT; 0 further outgoing transfers observed. Priority drivers: 1 seeds within 2 hops, high case-money inflow (277 KZT).",15
100000008733194100,2,False,4,251424,4,8,159695,8,0.635162116584,False,0,1,0.000467906267719,0.000200453610982,0.711481261154,2009.20020227,0.00799128246415,peripheral,0.6,other,"Limited role evidence: 4 payers, 8 recipients, 251K KZT received in observed graph.",0.617166733465,"Limited role evidence: 4 payers, 8 recipients, 251K KZT received in observed graph. Priority drivers: high case-money inflow (2K KZT), 1 seeds within 2 hops.",12
100000008734279100,4,False,1,31650,1,0,0,0,0,True,0,0,0.000299695442797,0,0,8.16687853724,0.000258037236564,peripheral,0.9,cut_off_hop4,Outgoing transfers not observed: graph cut off at hop 4.,0.155526532793,"Outgoing transfers not observed: graph cut off at hop 4. Priority drivers: high weighted network importance, 0 seeds within 2 hops.",3
100000008734364100,2,False,1,26200,1,0,0,0,0,False,0,1,0.000292868602848,0,0,450.247271528,0.0171850103637,peripheral,0.9,one_off_recipient,Single inflow of 26K KZT; 0 further outgoing transfers observed.,0.414767518462,"Single inflow of 26K KZT; 0 further outgoing transfers observed. Priority drivers: 1 seeds within 2 hops, high case-money inflow (450 KZT).",1
100000008735384100,1,False,1,39220,1,0,0,0,0,False,1,1,0.000292207124912,0,0,39220,1,peripheral,0.9,one_off_recipient,Single inflow of 39K KZT; 0 further outgoing transfers observed.,0.537146832142,"Single inflow of 39K KZT; 0 further outgoing transfers observed. Priority drivers: high case-money inflow (39K KZT), 1 seeds within 2 hops.",1
100000008735802100,4,False,1,85000,2,0,0,0,0,True,0,0,0.000505713751264,0,0,18.038738065,0.000212220447823,peripheral,0.9,cut_off_hop4,Outgoing transfers not observed: graph cut off at hop 4.,0.209218642748,"Outgoing transfers not observed: graph cut off at hop 4. Priority drivers: high weighted network importance, 0 seeds within 2 hops.",0
100000008735832100,3,False,1,17600,1,0,0,0,0,False,0,0,0.000286764126763,0,0,11.6953352014,0.0006645076819,peripheral,0.9,one_off_recipient,Single inflow of 18K KZT; 0 further outgoing transfers observed.,0.182516319545,"Single inflow of 18K KZT; 0 further outgoing transfers observed. Priority drivers: 0 seeds within 2 hops, strong bridge position.",1
100000008736173100,1,False,1,31060,1,0,0,0,0,False,1,1,0.000290507331846,0,0,31060,1,peripheral,0.9,one_off_recipient,Single inflow of 31K KZT; 0 further outgoing transfers observed.,0.522013534742,"Single inflow of 31K KZT; 0 further outgoing transfers observed. Priority drivers: high case-money inflow (31K KZT), 1 seeds within 2 hops.",1
100000008736394100,2,False,1,16000,1,0,0,0,0,False,0,1,0.000289430456664,0,0,274.960165819,0.0171850103637,peripheral,0.9,one_off_recipient,Single inflow of 16K KZT; 0 further outgoing transfers observed.,0.382877031018,"Single inflow of 16K KZT; 0 further outgoing transfers observed. Priority drivers: 1 seeds within 2 hops, high case-money inflow (275 KZT).",1
100000008736760100,1,False,1,54757,1,0,0,0,0,False,1,1,0.000295443605901,0,0,54757,1,peripheral,0.9,one_off_recipient,Single inflow of 55K KZT; 0 further outgoing transfers observed.,0.559397616448,"Single inflow of 55K KZT; 0 further outgoing transfers observed. Priority drivers: high case-money inflow (55K KZT), 1 seeds within 2 hops.",1
100000008736940100,1,False,3,451090,13,3,182100,6,0.403688842581,False,1,1,0.00253832047715,7.92587405548e-07,1,349755.63891,0.775356666984,peripheral,0.6,other,"Limited role evidence: 3 payers, 3 recipients, 451K KZT received in observed graph.",0.751258804723,"Limited role evidence: 3 payers, 3 recipients, 451K KZT received in observed graph. Priority drivers: high case-money inflow (350K KZT), 1 seeds within 2 hops.",40
100000008737422100,1,False,1,76903,1,0,0,0,0,False,1,1,0.000300056794288,0,0,76903,1,peripheral,0.9,one_off_recipient,Single inflow of 77K KZT; 0 further outgoing transfers observed.,0.577571393691,"Single inflow of 77K KZT; 0 further outgoing transfers observed. Priority drivers: high case-money inflow (77K KZT), 1 seeds within 2 hops.",1
100000008737514100,2,False,1,85000,1,0,0,0,0,False,0,1,0.000310870529592,0,0,2356.226537,0.0277203122,peripheral,0.9,one_off_recipient,Single inflow of 85K KZT; 0 further outgoing transfers observed.,0.487877238323,"Single inflow of 85K KZT; 0 further outgoing transfers observed. Priority drivers: high case-money inflow (2K KZT), 1 seeds within 2 hops.",15
100000008737958100,1,False,2,53373,2,0,0,0,0,False,1,1,0.000297988141657,0,0,31751.070228,0.59489011725,terminal,0.5,,Money stops here in the observed graph: receives 53K KZT from 2 payers; no outgoing transfers were traced.,0.606649437281,"Money stops here in the observed graph: receives 53K KZT from 2 payers; no outgoing transfers were traced. Priority drivers: high case-money inflow (32K KZT), 1 seeds within 2 hops.",1
100000008738325100,0,True,1,36550,1,1,54000,1,1.47742818057,False,1,1,0.000525468979589,1.98146851387e-07,0,36550,1,peripheral,0.6,other,"Limited role evidence: 1 payers, 1 recipients, 37K KZT received in observed graph.",0.403095761295,"Limited role evidence: 1 payers, 1 recipients, 37K KZT received in observed graph. Priority drivers: high case-money inflow (37K KZT), 1 seeds within 2 hops.",19
100000008738526100,3,False,1,15000,1,1,140000,1,9.33333333333,False,0,0,0.00028590784815,2.13998599498e-05,0,3.49174715358,2.4941051097e-05,peripheral,0.6,other,"Limited role evidence: 1 payers, 1 recipients, 15K KZT received in observed graph.",0.238039627587,"Limited role evidence: 1 payers, 1 recipients, 15K KZT received in observed graph. Priority drivers: strong bridge position, 0 seeds within 2 hops.",17
100000008738658100,3,False,1,29920,1,0,0,0,0,False,0,0,0.000288672915171,0,0,19.8820698425,0.0006645076819,peripheral,0.9,one_off_recipient,Single inflow of 30K KZT; 0 further outgoing transfers observed.,0.207254769177,"Single inflow of 30K KZT; 0 further outgoing transfers observed. Priority drivers: 0 seeds within 2 hops, strong bridge position.",1
100000008739887100,3,False,2,214000,3,2,307000,2,1.43457943925,False,0,0,0.000331386483524,3.84404891691e-05,1,1823.38240385,0.00593935636433,peripheral,0.6,other,"Limited role evidence: 2 payers, 2 recipients, 214K KZT received in observed graph.",0.48086340414,"Limited role evidence: 2 payers, 2 recipients, 214K KZT received in observed graph. Priority drivers: high case-money inflow (2K KZT), strong bridge position.",3
100000008740295100,4,False,1,300000,1,0,0,0,0,True,0,0,0.000323231675702,0,0,198.710798476,0.000662369328252,peripheral,0.9,cut_off_hop4,Outgoing transfers not observed: graph cut off at hop 4.,0.232049882297,"Outgoing transfers not observed: graph cut off at hop 4. Priority drivers: high case-money inflow (199 KZT), high weighted network importance.",8
100000008740793100,3,False,1,21000,1,0,0,0,0,False,0,0,0.000287290902785,0,0,13.9546613199,0.0006645076819,peripheral,0.9,one_off_recipient,Single inflow of 21K KZT; 0 further outgoing transfers observed.,0.190324824597,"Single inflow of 21K KZT; 0 further outgoing transfers observed. Priority drivers: 0 seeds within 2 hops, strong bridge position.",1
100000008741372100,1,False,1,35975,1,0,0,0,0,False,1,1,0.000291531165537,0,0,35975,1,peripheral,0.9,one_off_recipient,Single inflow of 36K KZT; 0 further outgoing transfers observed.,0.531065872456,"Single inflow of 36K KZT; 0 further outgoing transfers observed. Priority drivers: high case-money inflow (36K KZT), 1 seeds within 2 hops.",1
100000008742053100,3,False,1,10000,1,12,2789000,12,278.9,False,0,0,0.000284738299866,0.000121073033589,0,11.2426058903,4.03105266772e-06,distributor,0.6,,Fan-out hypothesis: sends 2.8M KZT to 12 recipients after receiving from 1 payers.,0.383229450272,"Fan-out hypothesis: sends 2.8M KZT to 12 recipients after receiving from 1 payers. Priority drivers: strong bridge position, distributor role signals.",13
100000008742266100,2,False,1,21000,1,0,0,0,0,False,0,1,0.00029111582244,0,0,360.885217637,0.0171850103637,peripheral,0.9,one_off_recipient,Single inflow of 21K KZT; 0 further outgoing transfers observed.,0.4017072755,"Single inflow of 21K KZT; 0 further outgoing transfers observed. Priority drivers: 1 seeds within 2 hops, high case-money inflow (361 KZT).",1
100000008743913100,2,False,3,149300,3,13,1850600,13,12.395177495,False,0,1,0.000330269561713,0.000306065078038,0.447962822868,9752.60484098,0.00526996911325,distributor,0.65,,Fan-out hypothesis: sends 1.9M KZT to 13 recipients after receiving from 3 payers.,0.752924158455,"Fan-out hypothesis: sends 1.9M KZT to 13 recipients after receiving from 3 payers. Priority drivers: high case-money inflow (10K KZT), 1 seeds within 2 hops.",17
100000008744364100,3,False,1,23700,1,0,0,0,0,False,0,0,0.00028770922492,0,0,15.748832061,0.0006645076819,peripheral,0.9,one_off_recipient,Single inflow of 24K KZT; 0 further outgoing transfers observed.,0.195300155249,"Single inflow of 24K KZT; 0 further outgoing transfers observed. Priority drivers: 0 seeds within 2 hops, strong bridge position.",1
100000008744799100,3,False,1,12600,1,0,0,0,0,False,0,0,0.000285989456143,0,0,8.37279679195,0.0006645076819,peripheral,0.9,one_off_recipient,Single inflow of 13K KZT; 0 further outgoing transfers observed.,0.170699909246,"Single inflow of 13K KZT; 0 further outgoing transfers observed. Priority drivers: 0 seeds within 2 hops, strong bridge position.",1
100000008744849100,1,False,1,44445,1,0,0,0,0,False,1,1,0.000293295534075,0,0,44445,1,peripheral,0.9,one_off_recipient,Single inflow of 44K KZT; 0 further outgoing transfers observed.,0.544817133565,"Single inflow of 44K KZT; 0 further outgoing transfers observed. Priority drivers: high case-money inflow (44K KZT), 1 seeds within 2 hops.",1
100000008745474100,1,False,1,40559,1,0,0,0,0,False,1,1,0.000292486049289,0,0,40559,1,peripheral,0.9,one_off_recipient,Single inflow of 41K KZT; 0 further outgoing transfers observed.,0.539427192025,"Single inflow of 41K KZT; 0 further outgoing transfers observed. Priority drivers: high case-money inflow (41K KZT), 1 seeds within 2 hops.",1
100000008745489100,1,False,1,55539,1,0,0,0,0,False,1,1,0.000295606502736,0,0,55539,1,peripheral,0.9,one_off_recipient,Single inflow of 56K KZT; 0 further outgoing transfers observed.,0.560295940038,"Single inflow of 56K KZT; 0 further outgoing transfers observed. Priority drivers: high case-money inflow (56K KZT), 1 seeds within 2 hops.",1
100000008745643100,1,False,1,20313,1,0,0,0,0,False,1,1,0.000288268646051,0,0,20313,1,peripheral,0.9,one_off_recipient,Single inflow of 20K KZT; 0 further outgoing transfers observed.,0.49547843793,"Single inflow of 20K KZT; 0 further outgoing transfers observed. Priority drivers: high case-money inflow (20K KZT), 1 seeds within 2 hops.",1
100000008745676100,4,False,1,34547,1,0,0,0,0,True,0,0,0.000527190878712,0,0,8.68843794085,0.000251496162933,peripheral,0.9,cut_off_hop4,Outgoing transfers not observed: graph cut off at hop 4.,0.199931358864,"Outgoing transfers not observed: graph cut off at hop 4. Priority drivers: high weighted network importance, 0 seeds within 2 hops.",1
100000008745725100,1,False,1,47060,1,0,0,0,0,False,1,1,0.000293840259426,0,0,47060,1,peripheral,0.9,one_off_recipient,Single inflow of 47K KZT; 0 further outgoing transfers observed.,0.548306775203,"Single inflow of 47K KZT; 0 further outgoing transfers observed. Priority drivers: high case-money inflow (47K KZT), 1 seeds within 2 hops.",1
100000008745863100,3,False,1,22900,1,0,0,0,0,False,0,0,0.00028758527762,0,0,15.2172259155,0.0006645076819,peripheral,0.9,one_off_recipient,Single inflow of 23K KZT; 0 further outgoing transfers observed.,0.193019795366,"Single inflow of 23K KZT; 0 further outgoing transfers observed. Priority drivers: 0 seeds within 2 hops, strong bridge position.",1
100000008745884100,3,False,1,20000,1,0,0,0,0,False,0,0,0.000287135968661,0,0,13.290153638,0.0006645076819,peripheral,0.9,one_off_recipient,Single inflow of 20K KZT; 0 further outgoing transfers observed.,0.188148117436,"Single inflow of 20K KZT; 0 further outgoing transfers observed. Priority drivers: 0 seeds within 2 hops, strong bridge position.",1
100000008746025100,1,False,1,22000,1,0,0,0,0,False,1,1,0.000288620061603,0,0,22000,1,peripheral,0.9,one_off_recipient,Single inflow of 22K KZT; 0 further outgoing transfers observed.,0.500246463139,"Single inflow of 22K KZT; 0 further outgoing transfers observed. Priority drivers: high case-money inflow (22K KZT), 1 seeds within 2 hops.",1
100000008746449100,3,False,1,10000,1,10,1009000,10,100.9,False,0,0,0.000285462664657,0.000165982282684,0,5.21896889291,5.17241713866e-06,distributor,0.5,,Fan-out hypothesis: sends 1.0M KZT to 10 recipients after receiving from 1 payers.,0.377977712361,"Fan-out hypothesis: sends 1.0M KZT to 10 recipients after receiving from 1 payers. Priority drivers: strong bridge position, distributor role signals.",8
100000008746673100,1,False,1,53048,1,0,0,0,0,False,1,1,0.000295087607573,0,0,53048,1,peripheral,0.9,one_off_recipient,Single inflow of 53K KZT; 0 further outgoing transfers observed.,0.55732456201,"Single inflow of 53K KZT; 0 further outgoing transfers observed. Priority drivers: high case-money inflow (53K KZT), 1 seeds within 2 hops.",1
100000008747113100,1,False,2,197801,2,0,0,0,0,False,1,2,0.000305808859948,0,0,92716.7637599,0.468737588586,terminal,0.5,,Money stops here in the observed graph: receives 198K KZT from 2 payers; no outgoing transfers were traced.,0.693441316436,"Money stops here in the observed graph: receives 198K KZT from 2 payers; no outgoing transfers were traced. Priority drivers: high case-money inflow (93K KZT), 2 seeds within 2 hops.",5
100000008748408100,1,False,1,360000,2,21,1499960,22,4.16655555556,False,1,1,0.000332206306536,7.13328664994e-06,0.874349982666,360000,0.240006400171,distributor,1,,Fan-out hypothesis: sends 1.5M KZT to 21 recipients after receiving from 1 payers.,0.818018067821,"Fan-out hypothesis: sends 1.5M KZT to 21 recipients after receiving from 1 payers. Priority drivers: high case-money inflow (360K KZT), 1 seeds within 2 hops.",6
100000008748795100,3,False,1,47057,1,0,0,0,0,False,0,0,0.000286669034935,0,0,39.8310485073,0.00084644258043,peripheral,0.9,one_off_recipient,Single inflow of 47K KZT; 0 further outgoing transfers observed.,0.208291296396,"Single inflow of 47K KZT; 0 further outgoing transfers observed. Priority drivers: 0 seeds within 2 hops, high case-money inflow (40 KZT).",0
100000008748914100,1,False,2,180000,9,13,4471847,21,24.8435944444,False,1,1,0.000785948087666,0.000640608770534,0.495924838216,96840.7297998,0.0216556447034,distributor,0.65,,Fan-out hypothesis: sends 4.5M KZT to 13 recipients after receiving from 2 payers.,0.882282755412,"Fan-out hypothesis: sends 4.5M KZT to 13 recipients after receiving from 2 payers. Priority drivers: high case-money inflow (97K KZT), 1 seeds within 2 hops.",2
100000008749063100,1,False,1,19000,1,0,0,0,0,False,1,1,0.000287995137682,0,0,19000,1,peripheral,0.9,one_off_recipient,Single inflow of 19K KZT; 0 further outgoing transfers observed.,0.489846640039,"Single inflow of 19K KZT; 0 further outgoing transfers observed. Priority drivers: high case-money inflow (19K KZT), 1 seeds within 2 hops.",1
100000008749405100,3,False,1,37150,1,0,0,0,0,False,0,0,0.000289793088888,0,0,24.6864603826,0.0006645076819,peripheral,0.9,one_off_recipient,Single inflow of 37K KZT; 0 further outgoing transfers observed.,0.216756268686,"Single inflow of 37K KZT; 0 further outgoing transfers observed. Priority drivers: 0 seeds within 2 hops, strong bridge position.",1
100000008749406100,1,False,1,17144,1,0,0,0,0,False,1,1,0.000287608518082,0,0,17144,1,peripheral,0.9,one_off_recipient,Single inflow of 17K KZT; 0 further outgoing transfers observed.,0.483972985797,"Single inflow of 17K KZT; 0 further outgoing transfers observed. Priority drivers: high case-money inflow (17K KZT), 1 seeds within 2 hops.",1
100000008749618100,1,False,1,47280,1,0,0,0,0,False,1,1,0.000293886087181,0,0,47280,1,peripheral,0.9,one_off_recipient,Single inflow of 47K KZT; 0 further outgoing transfers observed.,0.549032344256,"Single inflow of 47K KZT; 0 further outgoing transfers observed. Priority drivers: high case-money inflow (47K KZT), 1 seeds within 2 hops.",1
100000008749900100,3,False,1,17150,1,0,0,0,0,False,0,0,0.000286694406407,0,0,11.3963067446,0.0006645076819,peripheral,0.9,one_off_recipient,Single inflow of 17K KZT; 0 further outgoing transfers observed.,0.179752246961,"Single inflow of 17K KZT; 0 further outgoing transfers observed. Priority drivers: 0 seeds within 2 hops, strong bridge position.",1
100000008749989100,2,False,1,16000,1,0,0,0,0,False,0,1,0.000289430456664,0,0,274.960165819,0.0171850103637,peripheral,0.9,one_off_recipient,Single inflow of 16K KZT; 0 further outgoing transfers observed.,0.382877031018,"Single inflow of 16K KZT; 0 further outgoing transfers observed. Priority drivers: 1 seeds within 2 hops, high case-money inflow (275 KZT).",1
100000008750464100,3,False,1,8500,1,0,0,0,0,False,0,0,0.000285354226234,0,0,5.64831529615,0.0006645076819,peripheral,0.9,one_off_recipient,Single inflow of 8K KZT; 0 further outgoing transfers observed.,0.163582422341,"Single inflow of 8K KZT; 0 further outgoing transfers observed. Priority drivers: 0 seeds within 2 hops, strong bridge position.",1
100000008751349100,3,False,1,11630,1,0,0,0,0,False,0,0,0.000286927800087,0,0,3.75321165621,0.000322718113174,peripheral,0.9,one_off_recipient,Single inflow of 12K KZT; 0 further outgoing transfers observed.,0.169317872954,"Single inflow of 12K KZT; 0 further outgoing transfers observed. Priority drivers: 0 seeds within 2 hops, strong bridge position.",25
100000008751380100,3,False,2,345780,2,0,0,0,0,False,0,0,0.000311180395676,0,0,568.494260965,0.00164409237366,terminal,0.5763,,Money stops here in the observed graph: receives 346K KZT from 2 payers; no outgoing transfers were traced.,0.420420046897,"Money stops here in the observed graph: receives 346K KZT from 2 payers; no outgoing transfers were traced. Priority drivers: high case-money inflow (568 KZT), terminal role signals.",8
100000008751429100,1,False,3,386200,6,1,72600,2,0.187985499741,False,1,1,0.00157712335427,0,1,323094.538396,0.8365990119,terminal,0.75,,Possible holding point: receives 386K KZT from 3 payers; observed onward flow is 19%.,0.749275582643,"Possible holding point: receives 386K KZT from 3 payers; observed onward flow is 19%. Priority drivers: high case-money inflow (323K KZT), 1 seeds within 2 hops.",40
100000008752616100,2,False,2,64510,2,7,1265000,7,19.6093628895,False,0,1,0.000311345494881,0.000138759819196,1,6938.66110163,0.00548510759022,peripheral,0.6,other,"Limited role evidence: 2 payers, 7 recipients, 65K KZT received in observed graph.",0.602517148767,"Limited role evidence: 2 payers, 7 recipients, 65K KZT received in observed graph. Priority drivers: high case-money inflow (7K KZT), 1 seeds within 2 hops.",8
100000008753061100,3,False,1,28400,2,0,0,0,0,False,0,0,0.000288437415303,0,0,18.872018166,0.0006645076819,peripheral,0.9,one_off_recipient,Single inflow of 28K KZT; 0 further outgoing transfers observed.,0.204767103851,"Single inflow of 28K KZT; 0 further outgoing transfers observed. Priority drivers: 0 seeds within 2 hops, strong bridge position.",1
100000008753193100,1,False,1,35225,1,0,0,0,0,False,1,1,0.000291374934557,0,0,35225,1,peripheral,0.9,one_off_recipient,Single inflow of 35K KZT; 0 further outgoing transfers observed.,0.529338327091,"Single inflow of 35K KZT; 0 further outgoing transfers observed. Priority drivers: high case-money inflow (35K KZT), 1 seeds within 2 hops.",1
100000008753897100,3,False,1,24050,1,0,0,0,0,False,0,0,0.000287763451863,0,0,15.9814097497,0.0006645076819,peripheral,0.9,one_off_recipient,Single inflow of 24K KZT; 0 further outgoing transfers observed.,0.195783867951,"Single inflow of 24K KZT; 0 further outgoing transfers observed. Priority drivers: 0 seeds within 2 hops, strong bridge position.",1
100000008754608100,3,False,1,12300,1,0,0,0,0,False,0,0,0.000285942975905,0,0,8.17344448738,0.0006645076819,peripheral,0.9,one_off_recipient,Single inflow of 12K KZT; 0 further outgoing transfers observed.,0.170147094729,"Single inflow of 12K KZT; 0 further outgoing transfers observed. Priority drivers: 0 seeds within 2 hops, strong bridge position.",1
100000008754747100,3,False,1,45500,1,0,0,0,0,False,0,0,0.000291086788824,0,0,30.2350995265,0.0006645076819,peripheral,0.9,one_off_recipient,Single inflow of 46K KZT; 0 further outgoing transfers observed.,0.226534175454,"Single inflow of 46K KZT; 0 further outgoing transfers observed. Priority drivers: 0 seeds within 2 hops, strong bridge position.",1
100000008754997100,3,False,1,18000,1,0,0,0,0,False,0,0,0.000286826100413,0,0,11.9611382742,0.0006645076819,peripheral,0.9,one_off_recipient,Single inflow of 18K KZT; 0 further outgoing transfers observed.,0.184243864911,"Single inflow of 18K KZT; 0 further outgoing transfers observed. Priority drivers: 0 seeds within 2 hops, strong bridge position.",1
100000008755168100,3,False,1,17600,1,0,0,0,0,False,0,0,0.000286764126763,0,0,11.6953352014,0.0006645076819,peripheral,0.9,one_off_recipient,Single inflow of 18K KZT; 0 further outgoing transfers observed.,0.182516319545,"Single inflow of 18K KZT; 0 further outgoing transfers observed. Priority drivers: 0 seeds within 2 hops, strong bridge position.",1
100000008755361100,1,False,1,14627,1,0,0,0,0,False,1,1,0.000287084206912,0,0,14627,1,peripheral,0.9,one_off_recipient,Single inflow of 15K KZT; 0 further outgoing transfers observed.,0.475162504434,"Single inflow of 15K KZT; 0 further outgoing transfers observed. Priority drivers: high case-money inflow (15K KZT), 1 seeds within 2 hops.",1
100000008755580100,3,False,1,16000,1,0,0,0,0,False,0,0,0.000286516232164,0,0,10.6321229104,0.0006645076819,peripheral,0.9,one_off_recipient,Single inflow of 16K KZT; 0 further outgoing transfers observed.,0.17771374343,"Single inflow of 16K KZT; 0 further outgoing transfers observed. Priority drivers: 0 seeds within 2 hops, strong bridge position.",1
100000008755754100,3,False,1,7000,1,0,0,0,0,False,0,0,0.000294297392046,0,0,73.6787189185,0.0105255312741,peripheral,0.9,one_off_recipient,Single inflow of 7K KZT; 0 further outgoing transfers observed.,0.259910351913,"Single inflow of 7K KZT; 0 further outgoing transfers observed. Priority drivers: high case-money inflow (74 KZT), 0 seeds within 2 hops.",13
100000008757301100,4,False,1,58398,3,0,0,0,0,True,0,0,0.00052741103016,0,0,125.909825652,0.00215606400309,peripheral,0.9,cut_off_hop4,Outgoing transfers not observed: graph cut off at hop 4.,0.246271035744,"Outgoing transfers not observed: graph cut off at hop 4. Priority drivers: high weighted network importance, high case-money inflow (126 KZT).",0
100000008757369100,3,False,1,25961,1,1,58398,3,2.24945109973,False,0,0,0.000286322051555,1.92202445845e-05,0.898969142779,125.909825654,0.00215606400311,peripheral,0.6,other,"Limited role evidence: 1 payers, 1 recipients, 26K KZT received in observed graph.",0.308281622142,"Limited role evidence: 1 payers, 1 recipients, 26K KZT received in observed graph. Priority drivers: strong bridge position, high case-money inflow (126 KZT).",0
100000008758106100,4,False,1,10000,1,0,0,0,0,True,0,0,0.00028534376583,0,0,6.62369328252,0.000662369328252,peripheral,0.9,cut_off_hop4,Outgoing transfers not observed: graph cut off at hop 4.,0.115281635962,"Outgoing transfers not observed: graph cut off at hop 4. Priority drivers: 0 seeds within 2 hops, strong bridge position.",8
100000008758168100,2,False,2,75410,2,5,1533600,5,20.3368253547,False,0,1,0.000316616210498,5.60200095786e-05,0.287297861242,8329.96911987,0.00543164392271,peripheral,0.6,other,"Limited role evidence: 2 payers, 5 recipients, 75K KZT received in observed graph.",0.606801461273,"Limited role evidence: 2 payers, 5 recipients, 75K KZT received in observed graph. Priority drivers: high case-money inflow (8K KZT), 1 seeds within 2 hops.",17
100000008758607100,4,False,1,5000,1,0,0,0,0,True,0,0,0.000284690526005,0,0,3.31184664126,0.000662369328252,peripheral,0.9,cut_off_hop4,Outgoing transfers not observed: graph cut off at hop 4.,0.109235227184,"Outgoing transfers not observed: graph cut off at hop 4. Priority drivers: 0 seeds within 2 hops, strong bridge position.",8
100000008759795100,4,False,1,17000,1,0,0,0,0,True,0,0,0.00029307483978,0,0,0.822544006284,4.83849415461e-05,peripheral,0.9,cut_off_hop4,Outgoing transfers not observed: graph cut off at hop 4.,0.135355713108,"Outgoing transfers not observed: graph cut off at hop 4. Priority drivers: 0 seeds within 2 hops, strong bridge position.",7
100000008759857100,3,False,1,5000,1,2,994000,3,198.8,False,0,0,0.000284795767558,7.29998162015e-06,0,26.3498454351,2.65088988281e-05,peripheral,0.6,other,"Limited role evidence: 1 payers, 2 recipients, 5K KZT received in observed graph.",0.254900470353,"Limited role evidence: 1 payers, 2 recipients, 5K KZT received in observed graph. Priority drivers: strong bridge position, 0 seeds within 2 hops.",17
100000008760098100,3,False,1,7000,1,1,390000,1,55.7142857143,False,0,0,0.000285099160109,7.29998162015e-06,0,36.8897836092,9.45891887415e-05,peripheral,0.6,other,"Limited role evidence: 1 payers, 1 recipients, 7K KZT received in observed graph.",0.264160113511,"Limited role evidence: 1 payers, 1 recipients, 7K KZT received in observed graph. Priority drivers: strong bridge position, 0 seeds within 2 hops.",17
100000008761132100,4,False,1,10000,1,0,0,0,0,True,0,0,0.00028534376583,0,0,6.62369328252,0.000662369328252,peripheral,0.9,cut_off_hop4,Outgoing transfers not observed: graph cut off at hop 4.,0.115281635962,"Outgoing transfers not observed: graph cut off at hop 4. Priority drivers: 0 seeds within 2 hops, strong bridge position.",8
100000008761219100,3,False,2,50000,2,2,375000,2,7.5,False,0,0,0.000291260128003,4.17264244546e-05,1,117.64822107,0.000313728589521,peripheral,0.6,other,"Limited role evidence: 2 payers, 2 recipients, 50K KZT received in observed graph.",0.346425823809,"Limited role evidence: 2 payers, 2 recipients, 50K KZT received in observed graph. Priority drivers: strong bridge position, high case-money inflow (118 KZT).",45
100000008761220100,4,False,1,10000,1,0,0,0,0,True,0,0,0.00028534376583,0,0,6.62369328252,0.000662369328252,peripheral,0.9,cut_off_hop4,Outgoing transfers not observed: graph cut off at hop 4.,0.115281635962,"Outgoing transfers not observed: graph cut off at hop 4. Priority drivers: 0 seeds within 2 hops, strong bridge position.",8
100000008762005100,4,False,1,5000,1,0,0,0,0,True,0,0,0.000285239680952,0,0,0.025862075298,5.17241505961e-06,peripheral,0.9,cut_off_hop4,Outgoing transfers not observed: graph cut off at hop 4.,0.10420461508,"Outgoing transfers not observed: graph cut off at hop 4. Priority drivers: 0 seeds within 2 hops, strong bridge position.",8
100000008762728100,2,False,1,17026,1,0,0,0,0,False,0,1,0.000315957758839,0,0,10112.9187268,0.59396914876,peripheral,0.9,one_off_recipient,Single inflow of 17K KZT; 0 further outgoing transfers observed.,0.529338327091,"Single inflow of 17K KZT; 0 further outgoing transfers observed. Priority drivers: high case-money inflow (10K KZT), 1 seeds within 2 hops.",4
100000008762832100,2,False,1,150000,1,1,85000,4,0.566666666667,False,0,1,0.000306446009298,0,0,3248.3467055,0.0216556447034,peripheral,0.6,other,"Limited role evidence: 1 payers, 1 recipients, 150K KZT received in observed graph.",0.489812089132,"Limited role evidence: 1 payers, 1 recipients, 150K KZT received in observed graph. Priority drivers: high case-money inflow (3K KZT), 1 seeds within 2 hops.",2
100000008762843100,4,False,1,7000,1,0,0,0,0,True,0,0,0.000285720638861,0,0,0.0362069054173,5.17241505961e-06,peripheral,0.9,cut_off_hop4,Outgoing transfers not observed: graph cut off at hop 4.,0.105970166443,"Outgoing transfers not observed: graph cut off at hop 4. Priority drivers: 0 seeds within 2 hops, strong bridge position.",8
100000008762885100,4,False,1,7000,1,0,0,0,0,True,0,0,0.000285720638861,0,0,0.0362069054173,5.17241505961e-06,peripheral,0.9,cut_off_hop4,Outgoing transfers not observed: graph cut off at hop 4.,0.105970166443,"Outgoing transfers not observed: graph cut off at hop 4. Priority drivers: 0 seeds within 2 hops, strong bridge position.",8
100000008763688100,3,False,1,21000,1,0,0,0,0,False,0,0,0.000287290902785,0,0,13.9546613199,0.0006645076819,peripheral,0.9,one_off_recipient,Single inflow of 21K KZT; 0 further outgoing transfers observed.,0.190324824597,"Single inflow of 21K KZT; 0 further outgoing transfers observed. Priority drivers: 0 seeds within 2 hops, strong bridge position.",1
100000008764436100,2,False,1,13100,1,0,0,0,0,False,0,1,0.000288452944514,0,0,225.123635764,0.0171850103637,peripheral,0.9,one_off_recipient,Single inflow of 13K KZT; 0 further outgoing transfers observed.,0.371095171626,"Single inflow of 13K KZT; 0 further outgoing transfers observed. Priority drivers: 1 seeds within 2 hops, high case-money inflow (225 KZT).",1
100000008764654100,3,False,1,26150,1,0,0,0,0,False,0,0,0.000288088813524,0,0,17.3768758817,0.0006645076819,peripheral,0.9,one_off_recipient,Single inflow of 26K KZT; 0 further outgoing transfers observed.,0.199999078642,"Single inflow of 26K KZT; 0 further outgoing transfers observed. Priority drivers: 0 seeds within 2 hops, strong bridge position.",1
100000008765494100,2,False,1,24000,1,0,0,0,0,False,0,1,0.000292127041906,0,0,412.440248728,0.0171850103637,peripheral,0.9,one_off_recipient,Single inflow of 24K KZT; 0 further outgoing transfers observed.,0.409308475107,"Single inflow of 24K KZT; 0 further outgoing transfers observed. Priority drivers: 1 seeds within 2 hops, high case-money inflow (412 KZT).",1
100000008765627100,2,False,1,60000,1,0,0,0,0,False,0,1,0.000295332601818,0,0,14400.3840102,0.240006400171,peripheral,0.9,one_off_recipient,Single inflow of 60K KZT; 0 further outgoing transfers observed.,0.509367902668,"Single inflow of 60K KZT; 0 further outgoing transfers observed. Priority drivers: high case-money inflow (14K KZT), 1 seeds within 2 hops.",6
100000008766031100,4,False,1,5000,1,0,0,0,0,True,0,0,0.000284939255383,0,0,0.735537280159,0.000147107456032,peripheral,0.9,cut_off_hop4,Outgoing transfers not observed: graph cut off at hop 4.,0.106623178591,"Outgoing transfers not observed: graph cut off at hop 4. Priority drivers: 0 seeds within 2 hops, strong bridge position.",8
100000008766764100,4,False,1,5000,1,0,0,0,0,True,0,0,0.000284690526005,0,0,3.31184664126,0.000662369328252,peripheral,0.9,cut_off_hop4,Outgoing transfers not observed: graph cut off at hop 4.,0.109235227184,"Outgoing transfers not observed: graph cut off at hop 4. Priority drivers: 0 seeds within 2 hops, strong bridge position.",8
100000008767027100,3,False,1,5000,1,0,0,0,0,False,0,0,0.000284795767558,0,0,26.3498454351,0.00526996908703,peripheral,0.9,one_off_recipient,Single inflow of 5K KZT; 0 further outgoing transfers observed.,0.189564704636,"Single inflow of 5K KZT; 0 further outgoing transfers observed. Priority drivers: 0 seeds within 2 hops, strong bridge position.",17
100000008767065100,3,False,1,10000,1,0,0,0,0,False,0,0,0.000285554248936,0,0,52.6996908703,0.00526996908703,peripheral,0.9,one_off_recipient,Single inflow of 10K KZT; 0 further outgoing transfers observed.,0.20939692543,"Single inflow of 10K KZT; 0 further outgoing transfers observed. Priority drivers: high case-money inflow (53 KZT), 0 seeds within 2 hops.",17
100000008767925100,1,False,1,17144,1,0,0,0,0,False,1,1,0.000287608518082,0,0,17144,1,peripheral,0.9,one_off_recipient,Single inflow of 17K KZT; 0 further outgoing transfers observed.,0.483972985797,"Single inflow of 17K KZT; 0 further outgoing transfers observed. Priority drivers: high case-money inflow (17K KZT), 1 seeds within 2 hops.",1
100000008767950100,3,False,1,17350,1,0,0,0,0,False,0,0,0.000286725393232,0,0,11.529208281,0.0006645076819,peripheral,0.9,one_off_recipient,Single inflow of 17K KZT; 0 further outgoing transfers observed.,0.181825301399,"Single inflow of 17K KZT; 0 further outgoing transfers observed. Priority drivers: 0 seeds within 2 hops, strong bridge position.",1
100000008768896100,1,False,1,47060,1,0,0,0,0,False,1,1,0.000293840259426,0,0,47060,1,peripheral,0.9,one_off_recipient,Single inflow of 47K KZT; 0 further outgoing transfers observed.,0.548306775203,"Single inflow of 47K KZT; 0 further outgoing transfers observed. Priority drivers: high case-money inflow (47K KZT), 1 seeds within 2 hops.",1
100000008769097100,3,False,1,31100,1,0,0,0,0,False,0,0,0.000288855737438,0,0,20.6661889071,0.0006645076819,peripheral,0.9,one_off_recipient,Single inflow of 31K KZT; 0 further outgoing transfers observed.,0.208394949118,"Single inflow of 31K KZT; 0 further outgoing transfers observed. Priority drivers: 0 seeds within 2 hops, strong bridge position.",1
100000008769636100,1,False,1,23118,1,0,0,0,0,False,1,1,0.000288852949918,0,0,23118,1,peripheral,0.9,one_off_recipient,Single inflow of 23K KZT; 0 further outgoing transfers observed.,0.502457721206,"Single inflow of 23K KZT; 0 further outgoing transfers observed. Priority drivers: high case-money inflow (23K KZT), 1 seeds within 2 hops.",1
100000008770483100,4,False,1,5000,1,0,0,0,0,True,0,0,0.000287338234299,0,0,1.56864289048,0.000313728578097,peripheral,0.9,cut_off_hop4,Outgoing transfers not observed: graph cut off at hop 4.,0.118425768527,"Outgoing transfers not observed: graph cut off at hop 4. Priority drivers: 0 seeds within 2 hops, strong bridge position.",45
100000008771627100,2,False,1,16500,1,0,0,0,0,False,0,1,0.000289598993242,0,0,283.552671001,0.0171850103637,peripheral,0.9,one_off_recipient,Single inflow of 16K KZT; 0 further outgoing transfers observed.,0.384846432734,"Single inflow of 16K KZT; 0 further outgoing transfers observed. Priority drivers: 1 seeds within 2 hops, high case-money inflow (284 KZT).",1
100000008771814100,2,False,1,23700,1,0,0,0,0,False,0,1,0.00029202591996,0,0,407.284745619,0.0171850103637,peripheral,0.9,one_off_recipient,Single inflow of 24K KZT; 0 further outgoing transfers observed.,0.407719133371,"Single inflow of 24K KZT; 0 further outgoing transfers observed. Priority drivers: 1 seeds within 2 hops, high case-money inflow (407 KZT).",1
100000008771819100,1,False,1,38900,1,0,0,0,0,False,1,1,0.00029214046636,0,0,38900,1,peripheral,0.9,one_off_recipient,Single inflow of 39K KZT; 0 further outgoing transfers observed.,0.536732221255,"Single inflow of 39K KZT; 0 further outgoing transfers observed. Priority drivers: high case-money inflow (39K KZT), 1 seeds within 2 hops.",1
100000008772058100,2,False,1,50000,1,0,0,0,0,False,0,1,0.000300890943943,0,0,859.250518184,0.0171850103637,peripheral,0.9,one_off_recipient,Single inflow of 50K KZT; 0 further outgoing transfers observed.,0.451944294724,"Single inflow of 50K KZT; 0 further outgoing transfers observed. Priority drivers: high case-money inflow (859 KZT), 1 seeds within 2 hops.",1
100000008772246100,3,False,1,44500,1,0,0,0,0,False,0,0,0.0002909318547,0,0,29.5705918446,0.0006645076819,peripheral,0.9,one_off_recipient,Single inflow of 44K KZT; 0 further outgoing transfers observed.,0.225186690069,"Single inflow of 44K KZT; 0 further outgoing transfers observed. Priority drivers: 0 seeds within 2 hops, strong bridge position.",1
100000008773876100,1,False,1,26120,1,0,0,0,0,False,1,1,0.000289478290455,0,0,26120,1,peripheral,0.9,one_off_recipient,Single inflow of 26K KZT; 0 further outgoing transfers observed.,0.512062873438,"Single inflow of 26K KZT; 0 further outgoing transfers observed. Priority drivers: high case-money inflow (26K KZT), 1 seeds within 2 hops.",1
100000008774237100,2,False,1,50000,1,1,10000,1,0.2,False,0,1,0.000308630640155,0,1,759.525151062,0.0151905030212,peripheral,0.6,other,"Limited role evidence: 1 payers, 1 recipients, 50K KZT received in observed graph.",0.458578068927,"Limited role evidence: 1 payers, 1 recipients, 50K KZT received in observed graph. Priority drivers: 1 seeds within 2 hops, high case-money inflow (760 KZT).",23
100000008775471100,3,False,1,580000,2,0,0,0,0,False,0,0,0.000356365682367,0,0,135.014223272,0.000232783143572,terminal,0.966666666667,,Money stops here in the observed graph: receives 580K KZT from 1 payers; no outgoing transfers were traced.,0.392295608349,"Money stops here in the observed graph: receives 580K KZT from 1 payers; no outgoing transfers were traced. Priority drivers: high weighted network importance, high case-money inflow (135 KZT).",17
100000008775747100,4,False,1,5000,1,0,0,0,0,True,0,0,0.000284690526005,0,0,3.31184664126,0.000662369328252,peripheral,0.9,cut_off_hop4,Outgoing transfers not observed: graph cut off at hop 4.,0.109235227184,"Outgoing transfers not observed: graph cut off at hop 4. Priority drivers: 0 seeds within 2 hops, strong bridge position.",8
100000008776298100,1,False,1,42800,1,0,0,0,0,False,1,1,0.000292952867458,0,0,42800,1,peripheral,0.9,one_off_recipient,Single inflow of 43K KZT; 0 further outgoing transfers observed.,0.542260366424,"Single inflow of 43K KZT; 0 further outgoing transfers observed. Priority drivers: high case-money inflow (43K KZT), 1 seeds within 2 hops.",1
100000008776310100,3,False,1,19200,1,0,0,0,0,False,0,0,0.000287012021361,0,0,12.7585474925,0.0006645076819,peripheral,0.9,one_off_recipient,Single inflow of 19K KZT; 0 further outgoing transfers observed.,0.18617871572,"Single inflow of 19K KZT; 0 further outgoing transfers observed. Priority drivers: 0 seeds within 2 hops, strong bridge position.",1
100000008776420100,3,False,1,69500,1,0,0,0,0,False,0,0,0.000294805207801,0,0,46.1832838921,0.0006645076819,peripheral,0.9,one_off_recipient,Single inflow of 70K KZT; 0 further outgoing transfers observed.,0.24878495976,"Single inflow of 70K KZT; 0 further outgoing transfers observed. Priority drivers: high case-money inflow (46 KZT), 0 seeds within 2 hops.",1
100000008776576100,1,False,1,14765,1,0,0,0,0,False,1,1,0.000287112953413,0,0,14765,1,peripheral,0.9,one_off_recipient,Single inflow of 15K KZT; 0 further outgoing transfers observed.,0.475922624395,"Single inflow of 15K KZT; 0 further outgoing transfers observed. Priority drivers: high case-money inflow (15K KZT), 1 seeds within 2 hops.",1
100000008776720100,3,False,1,26150,1,0,0,0,0,False,0,0,0.000288088813524,0,0,17.3768758817,0.0006645076819,peripheral,0.9,one_off_recipient,Single inflow of 26K KZT; 0 further outgoing transfers observed.,0.199999078642,"Single inflow of 26K KZT; 0 further outgoing transfers observed. Priority drivers: 0 seeds within 2 hops, strong bridge position.",1
100000008777088100,1,False,1,18000,1,0,0,0,0,False,1,1,0.000287786829708,0,0,18000,1,peripheral,0.9,one_off_recipient,Single inflow of 18K KZT; 0 further outgoing transfers observed.,0.487462627435,"Single inflow of 18K KZT; 0 further outgoing transfers observed. Priority drivers: high case-money inflow (18K KZT), 1 seeds within 2 hops.",1
100000008778010100,4,False,1,76950,2,0,0,0,0,True,0,0,0.000526515946933,0,0,5.28283607111,6.86528404303e-05,peripheral,0.9,cut_off_hop4,Outgoing transfers not observed: graph cut off at hop 4.,0.195190974382,"Outgoing transfers not observed: graph cut off at hop 4. Priority drivers: high weighted network importance, 0 seeds within 2 hops.",1
100000008778753100,4,False,1,10000,1,0,0,0,0,True,0,0,0.000292567193569,0,0,5.15871874801,0.000515871874801,peripheral,0.9,cut_off_hop4,Outgoing transfers not observed: graph cut off at hop 4.,0.139564013618,"Outgoing transfers not observed: graph cut off at hop 4. Priority drivers: 0 seeds within 2 hops, strong bridge position.",24
100000008779584100,1,False,1,31400,1,0,0,0,0,False,1,1,0.000290578156557,0,0,31400,1,peripheral,0.9,one_off_recipient,Single inflow of 31K KZT; 0 further outgoing transfers observed.,0.522842756517,"Single inflow of 31K KZT; 0 further outgoing transfers observed. Priority drivers: high case-money inflow (31K KZT), 1 seeds within 2 hops.",1
100000008782056100,1,False,1,29082,1,0,0,0,0,False,1,1,0.000290095298673,0,0,29082,1,peripheral,0.9,one_off_recipient,Single inflow of 29K KZT; 0 further outgoing transfers observed.,0.518212934938,"Single inflow of 29K KZT; 0 further outgoing transfers observed. Priority drivers: high case-money inflow (29K KZT), 1 seeds within 2 hops.",1
100000008782421100,1,False,1,49680,1,0,0,0,0,False,1,1,0.000294386026318,0,0,49680,1,peripheral,0.9,one_off_recipient,Single inflow of 50K KZT; 0 further outgoing transfers observed.,0.552280129543,"Single inflow of 50K KZT; 0 further outgoing transfers observed. Priority drivers: high case-money inflow (50K KZT), 1 seeds within 2 hops.",1
100000008782800100,1,False,1,43381,1,0,0,0,0,False,1,1,0.000293073894391,0,0,43381,1,peripheral,0.9,one_off_recipient,Single inflow of 43K KZT; 0 further outgoing transfers observed.,0.543227791828,"Single inflow of 43K KZT; 0 further outgoing transfers observed. Priority drivers: high case-money inflow (43K KZT), 1 seeds within 2 hops.",1
