gid,role,role_score,cluster_id,priority_score,evidence
100000000011452100,terminal,0.75,0,0.760297322074,Possible holding point: receives 110K KZT from 3 payers; observed onward flow is 15%.
100000000018102100,peripheral,0.9,0,0.206993564318,Outgoing transfers not observed: graph cut off at hop 4.
100000000031787100,transit,1,6,0.777517494276,Pass-through hypothesis: forwards 100% of 90K KZT received; 44% forwarded within 2 days.
100000000041368100,peripheral,0.9,2,0.652201353474,Single inflow of 160K KZT; 0 further outgoing transfers observed.
100000000076451100,peripheral,0.6,15,0.646120393788,"Limited role evidence: 3 payers, 4 recipients, 88K KZT received in observed graph."
100000000089154100,distributor,0.75,0,0.66806713011,Fan-out hypothesis: sends 426K KZT to 15 recipients after receiving from 1 payers.
100000000190228100,peripheral,0.6,8,0.623973262205,"Limited role evidence: 1 payers, 1 recipients, 5K KZT received in observed graph."
100000000201868100,transit,1,53,0.767946892952,Pass-through hypothesis: forwards 100% of 190K KZT received; 100% forwarded within 2 days.
100000000254336100,peripheral,0.6,0,0.347255045584,"Limited role evidence: 2 payers, 1 recipients, 97K KZT received in observed graph."
100000000267734100,peripheral,0.6,6,0.719299215464,"Limited role evidence: 2 payers, 7 recipients, 180K KZT received in observed graph."
100000000274067100,peripheral,0.6,6,0.706100768873,"Limited role evidence: 2 payers, 3 recipients, 518K KZT received in observed graph."
100000000287768100,peripheral,0.9,0,0.25597154848,Single inflow of 35K KZT; 0 further outgoing transfers observed.
100000000288317100,peripheral,0.6,0,0.459234536166,"Limited role evidence: 2 payers, 3 recipients, 100K KZT received in observed graph."
100000000291906100,transit,0.562796391753,47,0.778795877846,Pass-through hypothesis: forwards 117% of 388K KZT received; 42% forwarded within 2 days.
100000000291908100,peripheral,0.6,47,0.553178453133,"Limited role evidence: 1 payers, 1 recipients, 296K KZT received in observed graph."
100000000297649100,peripheral,0.6,10,0.5643729471,"Limited role evidence: 1 payers, 1 recipients, 40K KZT received in observed graph."
100000000299820100,peripheral,0.9,3,0.226729042571,Outgoing transfers not observed: graph cut off at hop 4.
100000000307908100,peripheral,0.9,40,0.453464534645,Single inflow of 5K KZT; 0 further outgoing transfers observed.
100000000331309100,coordinator,0.503927172077,5,0.96307199027,Bridge hypothesis: top 1% betweenness; links 5 payers and 99 recipients.
100000000332284100,consolidator,1,5,0.829848298483,"Signs of consolidation: receives from 10 payers (1 seeds within 2 hops), 107K KZT in, forwards 269%."
100000000343175100,consolidator,0.8,11,0.580430366101,"Signs of consolidation: seed receives from 8 payers, 179K KZT observed in and 4.0M KZT observed out."
100000000369781100,peripheral,0.9,5,0.197948136785,Outgoing transfers not observed: graph cut off at hop 4.
100000000375150100,peripheral,0.9,12,0.362603940646,Outgoing transfers not observed: graph cut off at hop 4.
100000000404740100,peripheral,0.9,24,0.281533691741,Outgoing transfers not observed: graph cut off at hop 4.
100000000408846100,peripheral,0.9,25,0.218863874032,Single inflow of 40K KZT; 0 further outgoing transfers observed.
100000000413678100,peripheral,0.6,3,0.387575954411,"Limited role evidence: 2 payers, 3 recipients, 306K KZT received in observed graph."
100000000424935100,peripheral,0.9,27,0.180921449664,Outgoing transfers not observed: graph cut off at hop 4.
100000000425407100,peripheral,0.9,2,0.497136881481,Single inflow of 20K KZT; 0 further outgoing transfers observed.
100000000437046100,coordinator,0.501006506345,0,0.919238405867,Bridge hypothesis: top 1% betweenness; links 9 payers and 42 recipients.
100000000440392100,peripheral,0.9,4,0.573287081185,Single inflow of 106K KZT; 0 further outgoing transfers observed.
100000000456947100,peripheral,0.9,69,0.0845709468331,Known seed with 0 observed transfers in this graph.
100000000470237100,peripheral,0.9,27,0.318199114575,Outgoing transfers not observed: graph cut off at hop 4.
100000000481716100,peripheral,0.9,7,0.40516236623,Single inflow of 8K KZT; 0 further outgoing transfers observed.
100000000489417100,transit,0.779059643013,12,0.775686296189,Pass-through hypothesis: forwards 109% of 74K KZT received; 100% forwarded within 2 days.
100000000490383100,peripheral,0.6,4,0.651924946216,"Limited role evidence: 3 payers, 8 recipients, 63K KZT received in observed graph."
100000000500040100,peripheral,0.9,0,0.155720017874,Outgoing transfers not observed: graph cut off at hop 4.
100000000507799100,peripheral,0.6,36,0.51921491125,"Limited role evidence: 1 payers, 1 recipients, 5K KZT received in observed graph."
100000000533217100,peripheral,0.9,0,0.645429375642,Single inflow of 54K KZT; 0 further outgoing transfers observed.
100000000534581100,peripheral,0.6,3,0.394175177707,"Limited role evidence: 2 payers, 1 recipients, 56K KZT received in observed graph."
100000000542087100,peripheral,0.9,34,0.104833441593,Outgoing transfers not observed: graph cut off at hop 4.
100000000552584100,terminal,1,22,0.609620815309,Possible holding point: receives 2.5M KZT from 1 payers; observed onward flow is 2%.
100000000555721100,terminal,0.5,0,0.652256634926,Money stops here in the observed graph: receives 113K KZT from 2 payers; no outgoing transfers were traced.
100000000557536100,peripheral,0.9,34,0.153930280876,Outgoing transfers not observed: graph cut off at hop 4.
100000000560751100,peripheral,0.9,12,0.414560213018,Single inflow of 25K KZT; 0 further outgoing transfers observed.
100000000561160100,peripheral,0.9,2,0.273020348181,Outgoing transfers not observed: graph cut off at hop 4.
100000000569479100,terminal,0.533333333333,0,0.500992762737,Money stops here in the observed graph: receives 320K KZT from 1 payers; no outgoing transfers were traced.
100000000572276100,peripheral,0.6,1,0.234066273247,"Limited role evidence: 1 payers, 1 recipients, 13K KZT received in observed graph."
100000000580561100,peripheral,0.6,41,0.402681150407,"Limited role evidence: 2 payers, 3 recipients, 28K KZT received in observed graph."
100000000581662100,peripheral,0.9,13,0.155961874225,Outgoing transfers not observed: graph cut off at hop 4.
100000000581682100,peripheral,0.9,27,0.140821666644,Outgoing transfers not observed: graph cut off at hop 4.
100000000583220100,peripheral,0.6,65,0.322343841416,"Limited role evidence: 1 payers, 1 recipients, 5K KZT received in observed graph."
100000000594783100,terminal,1,22,0.611901175192,Possible holding point: receives 2.6M KZT from 1 payers; observed onward flow is 6%.
100000000596954100,peripheral,0.6,2,0.723859935229,"Limited role evidence: 1 payers, 2 recipients, 120K KZT received in observed graph."
100000000600707100,peripheral,0.9,35,0.329179392918,Outgoing transfers not observed: graph cut off at hop 4.
100000000607731100,peripheral,0.6,28,0.609496432043,"Limited role evidence: 1 payers, 1 recipients, 20K KZT received in observed graph."
100000000607941100,peripheral,0.6,4,0.653479737045,"Limited role evidence: 2 payers, 1 recipients, 50K KZT received in observed graph."
100000000608031100,peripheral,0.9,16,0.237322350752,Outgoing transfers not observed: graph cut off at hop 4.
100000000611474100,peripheral,0.9,21,0.432319379374,Single inflow of 32K KZT; 0 further outgoing transfers observed.
100000000625169100,peripheral,0.9,1,0.354545287026,Single inflow of 10K KZT; 0 further outgoing transfers observed.
100000000627521100,peripheral,0.9,37,0.104833441593,Outgoing transfers not observed: graph cut off at hop 4.
100000000629812100,terminal,0.5,54,0.569887271906,Money stops here in the observed graph: receives 22K KZT from 2 payers; no outgoing transfers were traced.
100000000634341100,peripheral,0.9,0,0.250189108633,Outgoing transfers not observed: graph cut off at hop 4.
100000000640800100,peripheral,0.6,3,0.386021163582,"Limited role evidence: 1 payers, 4 recipients, 80K KZT received in observed graph."
100000000646541100,terminal,0.75,0,0.581496376762,Money stops here in the observed graph: receives 25K KZT from 3 payers; no outgoing transfers were traced.
100000000655469100,peripheral,0.9,20,0.234468445808,Outgoing transfers not observed: graph cut off at hop 4.
100000000656682100,transit,0.683098591549,0,0.411485182268,Pass-through hypothesis: forwards 113% of 71K KZT received; 0% forwarded within 2 days.
100000000661131100,peripheral,0.9,1,0.17667721621,Single inflow of 16K KZT; 0 further outgoing transfers observed.
100000000661912100,consolidator,0.5,3,0.907104127221,"Signs of consolidation: receives from 5 payers (1 seeds within 2 hops), 393K KZT in, forwards 110%."
100000000667713100,peripheral,0.6,4,0.696426514827,"Limited role evidence: 2 payers, 6 recipients, 119K KZT received in observed graph."
100000000673868100,terminal,1,29,0.617291116731,Possible holding point: receives 2.0M KZT from 1 payers; observed onward flow is 19%.
100000000673915100,peripheral,0.9,34,0.111218449263,Outgoing transfers not observed: graph cut off at hop 4.
100000000703894100,peripheral,0.6,28,0.70074537824,"Limited role evidence: 1 payers, 1 recipients, 120K KZT received in observed graph."
100000000703902100,peripheral,0.9,1,0.510266226258,Single inflow of 25K KZT; 0 further outgoing transfers observed.
100000000704700100,peripheral,0.9,23,0.216184105661,Outgoing transfers not observed: graph cut off at hop 4.
100000000706545100,terminal,1,4,0.831264885683,Possible holding point: receives 1.1M KZT from 3 payers; observed onward flow is 7%.
100000000718427100,peripheral,0.9,1,0.325487973981,Single inflow of 6K KZT; 0 further outgoing transfers observed.
100000000723383100,peripheral,0.6,20,0.631194401832,"Limited role evidence: 1 payers, 2 recipients, 7K KZT received in observed graph."
100000000724540100,peripheral,0.6,17,0.579920855388,"Limited role evidence: 1 payers, 1 recipients, 50K KZT received in observed graph."
100000000733373100,peripheral,0.9,4,0.501213888543,Single inflow of 11K KZT; 0 further outgoing transfers observed.
100000000733451100,peripheral,0.6,12,0.582270317085,"Limited role evidence: 1 payers, 1 recipients, 70K KZT received in observed graph."
100000000733940100,peripheral,0.9,30,0.25599366106,Outgoing transfers not observed: graph cut off at hop 4.
100000000737152100,peripheral,0.9,0,0.214829710095,Outgoing transfers not observed: graph cut off at hop 4.
100000000749118100,peripheral,0.6,0,0.23441178232,"Limited role evidence: 1 payers, 1 recipients, 10K KZT received in observed graph."
100000000764836100,peripheral,0.6,3,0.480517895067,"Limited role evidence: 1 payers, 2 recipients, 252K KZT received in observed graph."
100000000765628100,peripheral,0.9,4,0.5071566446,Single inflow of 5K KZT; 0 further outgoing transfers observed.
100000000769919100,peripheral,0.9,60,0.673622916004,Single inflow of 250K KZT; 0 further outgoing transfers observed.
100000000782285100,peripheral,0.9,0,0.314293480013,Single inflow of 6K KZT; 0 further outgoing transfers observed.
100000000783406100,peripheral,0.9,33,0.206529200123,Single inflow of 6K KZT; 0 further outgoing transfers observed.
100000000785800100,transit,1,55,0.670236927088,Pass-through hypothesis: forwards 100% of 19K KZT received; 100% forwarded within 2 days.
100000000790311100,peripheral,0.9,15,0.458232559854,Single inflow of 46K KZT; 0 further outgoing transfers observed.
100000000791285100,peripheral,0.6,25,0.482107236803,"Limited role evidence: 1 payers, 3 recipients, 1.1M KZT received in observed graph."
100000000795033100,peripheral,0.9,0,0.540394617429,Single inflow of 18K KZT; 0 further outgoing transfers observed.
100000000795129100,terminal,0.553333333333,15,0.613836026001,Money stops here in the observed graph: receives 332K KZT from 1 payers; no outgoing transfers were traced.
100000000795374100,peripheral,0.9,3,0.312807790999,Single inflow of 50K KZT; 0 further outgoing transfers observed.
100000000802149100,peripheral,0.9,0,0.32382953043,Single inflow of 104K KZT; 0 further outgoing transfers observed.
100000000803368100,peripheral,0.9,14,0.25594528979,Outgoing transfers not observed: graph cut off at hop 4.
100000000806727100,peripheral,0.6,3,0.618825177016,"Limited role evidence: 1 payers, 1 recipients, 45K KZT received in observed graph."
100000000810551100,peripheral,0.6,2,0.718020831894,"Limited role evidence: 1 payers, 1 recipients, 100K KZT received in observed graph."
100000000817146100,peripheral,0.9,4,0.691312980546,Single inflow of 70K KZT; 0 further outgoing transfers observed.
100000000821507100,terminal,0.666666666667,29,0.534507142824,Money stops here in the observed graph: receives 400K KZT from 1 payers; no outgoing transfers were traced.
100000000831684100,peripheral,0.6,10,0.606594155829,"Limited role evidence: 1 payers, 1 recipients, 15K KZT received in observed graph."
100000000838385100,peripheral,0.6,27,0.621934758673,"Limited role evidence: 1 payers, 2 recipients, 437K KZT received in observed graph."
100000000850297100,transit,1,7,0.51292664612,Pass-through hypothesis: forwards 100% of 18K KZT received; 100% forwarded within 2 days.
100000000860514100,peripheral,0.6,24,0.393864219541,"Limited role evidence: 1 payers, 1 recipients, 12K KZT received in observed graph."
100000000861294100,peripheral,0.9,6,0.569348277752,Single inflow of 150K KZT; 0 further outgoing transfers observed.
100000000870121100,peripheral,0.9,12,0.297087128175,Single inflow of 12K KZT; 0 further outgoing transfers observed.
100000000878006100,peripheral,0.9,5,0.210986267166,Single inflow of 47K KZT; 0 further outgoing transfers observed.
100000000896111100,peripheral,0.9,22,0.453464534645,Single inflow of 287K KZT; 0 further outgoing transfers observed.
100000000907277100,peripheral,0.9,1,0.485700531163,Single inflow of 18K KZT; 0 further outgoing transfers observed.
100000000910216100,peripheral,0.6,2,0.596021578193,"Limited role evidence: 1 payers, 1 recipients, 71K KZT received in observed graph."
100000000912487100,peripheral,0.9,2,0.436189080992,Single inflow of 10K KZT; 0 further outgoing transfers observed.
100000000913911100,peripheral,0.6,2,0.633094701734,"Limited role evidence: 2 payers, 1 recipients, 467K KZT received in observed graph."
100000000917179100,peripheral,0.9,14,0.531756890603,Single inflow of 94K KZT; 0 further outgoing transfers observed.
100000000922570100,transit,0.846128532303,10,0.702991187215,Pass-through hypothesis: forwards 106% of 47K KZT received; 0% forwarded within 2 days.
100000000926078100,peripheral,0.9,3,0.299527804267,Outgoing transfers not observed: graph cut off at hop 4.
100000000926766100,peripheral,0.6,24,0.349051692764,"Limited role evidence: 1 payers, 1 recipients, 19K KZT received in observed graph."
100000000933075100,peripheral,0.6,10,0.514239580598,"Limited role evidence: 1 payers, 2 recipients, 40K KZT received in observed graph."
100000000941942100,peripheral,0.9,2,0.642596201243,Single inflow of 130K KZT; 0 further outgoing transfers observed.
100000000942301100,peripheral,0.9,0,0.347807860101,Single inflow of 58K KZT; 0 further outgoing transfers observed.
100000000943371100,peripheral,0.9,12,0.493612688936,Single inflow of 16K KZT; 0 further outgoing transfers observed.
100000000945428100,peripheral,0.9,0,0.580819178978,Single inflow of 90K KZT; 0 further outgoing transfers observed.
100000000954884100,peripheral,0.9,33,0.296672517287,Single inflow of 34K KZT; 0 further outgoing transfers observed.
100000000955444100,peripheral,0.9,41,0.516692695017,Single inflow of 7K KZT; 0 further outgoing transfers observed.
100000000955529100,peripheral,0.6,2,0.358760497717,"Limited role evidence: 1 payers, 1 recipients, 27K KZT received in observed graph."
100000000957746100,peripheral,0.9,16,0.18213073142,Outgoing transfers not observed: graph cut off at hop 4.
100000000961900100,terminal,0.5,0,0.588890270925,Money stops here in the observed graph: receives 36K KZT from 2 payers; no outgoing transfers were traced.
100000000967918100,peripheral,0.9,0,0.530029345237,Single inflow of 21K KZT; 0 further outgoing transfers observed.
100000000968253100,peripheral,0.9,1,0.476406337097,Single inflow of 15K KZT; 0 further outgoing transfers observed.
100000000971908100,peripheral,0.9,6,0.535833897665,Single inflow of 89K KZT; 0 further outgoing transfers observed.
100000000976943100,transit,0.5,11,0.549585158773,Pass-through hypothesis: forwards 120% of 70K KZT received; 13% forwarded within 2 days.
100000000978041100,peripheral,0.9,1,0.544817133565,Single inflow of 44K KZT; 0 further outgoing transfers observed.
100000000979567100,peripheral,0.9,1,0.570523008601,Single inflow of 10K KZT; 0 further outgoing transfers observed.
100000000979923100,peripheral,0.9,11,0.622763980449,Single inflow of 98K KZT; 0 further outgoing transfers observed.
100000000981693100,peripheral,0.9,0,0.199496017432,Outgoing transfers not observed: graph cut off at hop 4.
100000000993112100,peripheral,0.9,31,0.586070916889,Single inflow of 141K KZT; 0 further outgoing transfers observed.
100000000998559100,peripheral,0.9,2,0.631505359997,Single inflow of 100K KZT; 0 further outgoing transfers observed.
100000001009583100,terminal,0.656233333333,5,0.39215740472,Money stops here in the observed graph: receives 394K KZT from 1 payers; no outgoing transfers were traced.
100000001046057100,peripheral,0.9,9,0.340068456864,Single inflow of 83K KZT; 0 further outgoing transfers observed.
100000001046626100,peripheral,0.9,5,0.269031791442,Single inflow of 150K KZT; 0 further outgoing transfers observed.
100000001049200100,peripheral,0.6,18,0.584343371524,"Limited role evidence: 2 payers, 4 recipients, 77K KZT received in observed graph."
100000001052789100,peripheral,0.9,18,0.332467257257,Single inflow of 71K KZT; 0 further outgoing transfers observed.
100000001052945100,peripheral,0.6,56,0.352748639846,"Limited role evidence: 1 payers, 3 recipients, 57K KZT received in observed graph."
100000001053894100,peripheral,0.9,37,0.254155552791,Outgoing transfers not observed: graph cut off at hop 4.
100000001056414100,peripheral,0.9,13,0.266336820672,Single inflow of 250K KZT; 0 further outgoing transfers observed.
100000001063678100,peripheral,0.6,21,0.479135858774,"Limited role evidence: 1 payers, 2 recipients, 35K KZT received in observed graph."
100000001065234100,peripheral,0.9,15,0.280904865228,Outgoing transfers not observed: graph cut off at hop 4.
100000001065481100,peripheral,0.9,12,0.224503964141,Outgoing transfers not observed: graph cut off at hop 4.
100000001066017100,peripheral,0.6,0,0.429106144994,"Limited role evidence: 2 payers, 4 recipients, 136K KZT received in observed graph."
100000001072022100,terminal,1,2,0.774106168028,Money stops here in the observed graph: receives 1.7M KZT from 3 payers; no outgoing transfers were traced.
100000001073568100,peripheral,0.6,14,0.478202984277,"Limited role evidence: 1 payers, 2 recipients, 707K KZT received in observed graph."
100000001074553100,terminal,0.5,8,0.611624767933,Money stops here in the observed graph: receives 29K KZT from 2 payers; no outgoing transfers were traced.
100000001083990100,peripheral,0.9,10,0.61979260242,Single inflow of 50K KZT; 0 further outgoing transfers observed.
100000001089055100,peripheral,0.9,16,0.214249254852,Outgoing transfers not observed: graph cut off at hop 4.
100000001102676100,transit,1,2,0.692764118652,Pass-through hypothesis: forwards 100% of 50K KZT received; 100% forwarded within 2 days.
100000001103905100,peripheral,0.9,1,0.487462627435,Single inflow of 18K KZT; 0 further outgoing transfers observed.
100000001110358100,terminal,0.5,0,0.362374522622,Money stops here in the observed graph: receives 32K KZT from 2 payers; no outgoing transfers were traced.
100000001111763100,peripheral,0.9,1,0.483972985797,Single inflow of 17K KZT; 0 further outgoing transfers observed.
100000001114385100,peripheral,0.9,2,0.394589788595,Single inflow of 30K KZT; 0 further outgoing transfers observed.
100000001126374100,terminal,1,0,0.690988202017,Possible holding point: receives 182K KZT from 4 payers; observed onward flow is 16%.
100000001130176100,peripheral,0.9,0,0.445310520521,Single inflow of 25K KZT; 0 further outgoing transfers observed.
100000001130553100,peripheral,0.9,5,0.227019270193,Outgoing transfers not observed: graph cut off at hop 4.
100000001131403100,peripheral,0.9,56,0.234081475646,Outgoing transfers not observed: graph cut off at hop 4.
100000001138283100,peripheral,0.6,3,0.409723085995,"Limited role evidence: 1 payers, 2 recipients, 82K KZT received in observed graph."
100000001138376100,peripheral,0.9,15,0.397008352106,Single inflow of 15K KZT; 0 further outgoing transfers observed.
100000001140785100,terminal,0.5,9,0.347863141553,Money stops here in the observed graph: receives 215K KZT from 2 payers; no outgoing transfers were traced.
100000001141268100,terminal,0.8,17,0.558969185197,Possible holding point: receives 480K KZT from 2 payers; observed onward flow is 2%.
100000001145749100,peripheral,0.9,2,0.452566211055,Single inflow of 10K KZT; 0 further outgoing transfers observed.
100000001149815100,peripheral,0.9,1,0.168557752993,Single inflow of 12K KZT; 0 further outgoing transfers observed.
100000001155773100,peripheral,0.9,1,0.191154046372,Single inflow of 22K KZT; 0 further outgoing transfers observed.
100000001160401100,peripheral,0.9,0,0.260463166429,Single inflow of 47K KZT; 0 further outgoing transfers observed.
100000001162560100,distributor,0.6,8,0.809725850067,Fan-out hypothesis: sends 2.9M KZT to 12 recipients after receiving from 1 payers.
100000001164648100,terminal,0.5,7,0.522690732525,Money stops here in the observed graph: receives 14K KZT from 2 payers; no outgoing transfers were traced.
100000001166289100,terminal,1,1,0.64168405729,Possible holding point: receives 721K KZT from 2 payers; observed onward flow is 3%.
100000001169666100,peripheral,0.6,7,0.400325239207,"Limited role evidence: 1 payers, 1 recipients, 220K KZT received in observed graph."
100000001184915100,peripheral,0.9,15,0.526436050877,Single inflow of 201K KZT; 0 further outgoing transfers observed.
100000001194266100,peripheral,0.9,2,0.594363134643,Single inflow of 50K KZT; 0 further outgoing transfers observed.
100000001202637100,peripheral,0.9,7,0.203752689212,Outgoing transfers not observed: graph cut off at hop 4.
100000001202787100,peripheral,0.9,0,0.200076472675,Outgoing transfers not observed: graph cut off at hop 4.
100000001220124100,peripheral,0.9,3,0.271327353723,Outgoing transfers not observed: graph cut off at hop 4.
100000001222245100,peripheral,0.9,5,0.286032219873,Outgoing transfers not observed: graph cut off at hop 4.
100000001222263100,peripheral,0.6,5,0.435152553773,"Limited role evidence: 1 payers, 1 recipients, 746K KZT received in observed graph."
100000001223977100,peripheral,0.6,48,0.392965895951,"Limited role evidence: 1 payers, 1 recipients, 5K KZT received in observed graph."
100000001227106100,peripheral,0.9,5,0.274629038425,Single inflow of 165K KZT; 0 further outgoing transfers observed.
100000001229743100,peripheral,0.6,0,0.240423640191,"Limited role evidence: 1 payers, 1 recipients, 7K KZT received in observed graph."
100000001232297100,peripheral,0.6,12,0.437640219099,"Limited role evidence: 1 payers, 2 recipients, 5K KZT received in observed graph."
100000001236706100,peripheral,0.6,12,0.60517756863,"Limited role evidence: 3 payers, 2 recipients, 143K KZT received in observed graph."
100000001241318100,peripheral,0.9,0,0.581302891681,Single inflow of 53K KZT; 0 further outgoing transfers observed.
100000001246806100,peripheral,0.9,8,0.247867287662,Outgoing transfers not observed: graph cut off at hop 4.
100000001248999100,peripheral,0.9,16,0.225981360937,Single inflow of 23K KZT; 0 further outgoing transfers observed.
100000001249054100,peripheral,0.9,7,0.162298510626,Outgoing transfers not observed: graph cut off at hop 4.
100000001250022100,peripheral,0.9,6,0.499002630476,Single inflow of 50K KZT; 0 further outgoing transfers observed.
100000001251686100,peripheral,0.9,2,0.465695555832,Single inflow of 18K KZT; 0 further outgoing transfers observed.
100000001252290100,peripheral,0.6,5,0.333987497178,"Limited role evidence: 1 payers, 1 recipients, 141K KZT received in observed graph."
100000001253557100,consolidator,0.5,9,0.793846253069,"Signs of consolidation: receives from 5 payers (2 seeds within 2 hops), 210K KZT in, forwards 0%."
100000001256409100,peripheral,0.9,3,0.214055769771,Outgoing transfers not observed: graph cut off at hop 4.
100000001262647100,peripheral,0.9,15,0.490088496391,Single inflow of 24K KZT; 0 further outgoing transfers observed.
100000001270349100,peripheral,0.9,26,0.423888957991,Single inflow of 200K KZT; 0 further outgoing transfers observed.
100000001270470100,peripheral,0.9,0,0.231421055784,Outgoing transfers not observed: graph cut off at hop 4.
100000001273783100,peripheral,0.9,7,0.426169317873,Single inflow of 23K KZT; 0 further outgoing transfers observed.
100000001275557100,peripheral,0.9,21,0.255558319628,Outgoing transfers not observed: graph cut off at hop 4.
100000001275752100,peripheral,0.9,8,0.283750477954,Single inflow of 152K KZT; 0 further outgoing transfers observed.
100000001276409100,peripheral,0.9,7,0.233452649133,Outgoing transfers not observed: graph cut off at hop 4.
100000001279272100,peripheral,0.6,0,0.465142741315,"Limited role evidence: 1 payers, 2 recipients, 250K KZT received in observed graph."
100000001279875100,peripheral,0.9,13,0.449111120325,Single inflow of 49K KZT; 0 further outgoing transfers observed.
100000001280798100,peripheral,0.9,7,0.28637634691,Single inflow of 24K KZT; 0 further outgoing transfers observed.
100000001282143100,consolidator,0.5,13,0.567606912024,"Signs of consolidation: receives from 5 payers (0 seeds within 2 hops), 1.7M KZT in, forwards 0%."
100000001285440100,terminal,0.5,17,0.444536580197,Money stops here in the observed graph: receives 243K KZT from 2 payers; no outgoing transfers were traced.
100000001286703100,peripheral,0.9,37,0.111653790695,Outgoing transfers not observed: graph cut off at hop 4.
100000001287955100,peripheral,0.6,13,0.504358021108,"Limited role evidence: 1 payers, 4 recipients, 18K KZT received in observed graph."
100000001290243100,peripheral,0.9,4,0.527127069023,Single inflow of 10K KZT; 0 further outgoing transfers observed.
100000001297206100,peripheral,0.9,0,0.170956967997,Outgoing transfers not observed: graph cut off at hop 4.
100000001298099100,peripheral,0.9,7,0.271657660397,Single inflow of 19K KZT; 0 further outgoing transfers observed.
100000001299323100,peripheral,0.9,8,0.188128768928,Outgoing transfers not observed: graph cut off at hop 4.
100000001299443100,peripheral,0.9,7,0.119296451391,Outgoing transfers not observed: graph cut off at hop 4.
100000001299828100,peripheral,0.9,0,0.284774566847,Outgoing transfers not observed: graph cut off at hop 4.
100000001303311100,consolidator,0.5,17,0.614319738703,"Signs of consolidation: receives from 5 payers (0 seeds within 2 hops), 1.3M KZT in, forwards 0%."
100000001307612100,peripheral,0.9,1,0.535972101294,Single inflow of 38K KZT; 0 further outgoing transfers observed.
100000001308856100,peripheral,0.9,1,0.416425962012,Single inflow of 27K KZT; 0 further outgoing transfers observed.
100000001311175100,peripheral,0.9,13,0.239499057912,Outgoing transfers not observed: graph cut off at hop 4.
100000001317336100,peripheral,0.6,30,0.459096332536,"Limited role evidence: 1 payers, 2 recipients, 131K KZT received in observed graph."
100000001325618100,peripheral,0.9,7,0.122295470146,Outgoing transfers not observed: graph cut off at hop 4.
100000001329153100,peripheral,0.9,0,0.272210474914,Single inflow of 151K KZT; 0 further outgoing transfers observed.
100000001330595100,peripheral,0.6,23,0.586140018704,"Limited role evidence: 3 payers, 1 recipients, 87K KZT received in observed graph."
100000001330685100,terminal,1,5,0.770628043359,Possible holding point: receives 2.4M KZT from 3 payers; observed onward flow is 4%.
100000001339466100,peripheral,0.9,2,0.49112502361,Single inflow of 30K KZT; 0 further outgoing transfers observed.
100000001346560100,peripheral,0.6,3,0.687166871669,"Limited role evidence: 2 payers, 1 recipients, 10K KZT received in observed graph."
100000001362940100,peripheral,0.9,2,0.621243740527,Single inflow of 81K KZT; 0 further outgoing transfers observed.
100000001363952100,peripheral,0.6,3,0.650404706294,"Limited role evidence: 2 payers, 1 recipients, 197K KZT received in observed graph."
100000001373265100,peripheral,0.6,3,0.442477346122,"Limited role evidence: 1 payers, 1 recipients, 142K KZT received in observed graph."
100000001378288100,peripheral,0.9,3,0.254300666602,Outgoing transfers not observed: graph cut off at hop 4.
100000001379511100,peripheral,0.9,9,0.312496832833,Single inflow of 55K KZT; 0 further outgoing transfers observed.
100000001380054100,peripheral,0.6,28,0.72935352949,"Limited role evidence: 2 payers, 3 recipients, 127K KZT received in observed graph."
100000001380107100,peripheral,0.9,54,0.24429334181,Single inflow of 6K KZT; 0 further outgoing transfers observed.
100000001380986100,peripheral,0.9,8,0.477097355243,Single inflow of 70K KZT; 0 further outgoing transfers observed.
100000001382002100,transit,0.931818181818,0,0.750464133855,Pass-through hypothesis: forwards 103% of 55K KZT received; 0% forwarded within 2 days.
100000001384826100,terminal,0.6071,5,0.457182212272,Possible holding point: receives 364K KZT from 1 payers; observed onward flow is 3%.
100000001386612100,peripheral,0.9,19,0.62967416191,Single inflow of 62K KZT; 0 further outgoing transfers observed.
100000001389255100,peripheral,0.9,1,0.48124346412,Single inflow of 16K KZT; 0 further outgoing transfers observed.
100000001411870100,terminal,1,6,0.764616185488,Money stops here in the observed graph: receives 900K KZT from 2 payers; no outgoing transfers were traced.
100000001415126100,peripheral,0.9,19,0.263620658678,Single inflow of 27K KZT; 0 further outgoing transfers observed.
100000001418900100,peripheral,0.9,1,0.43916045902,Single inflow of 40K KZT; 0 further outgoing transfers observed.
100000001420847100,peripheral,0.9,18,0.46866693386,Single inflow of 20K KZT; 0 further outgoing transfers observed.
100000001427082100,peripheral,0.6,20,0.500177361324,"Limited role evidence: 1 payers, 5 recipients, 5K KZT received in observed graph."
100000001429930100,peripheral,0.9,12,0.206072667468,Single inflow of 26K KZT; 0 further outgoing transfers observed.
100000001439416100,peripheral,0.6,0,0.415389434793,"Limited role evidence: 1 payers, 2 recipients, 10K KZT received in observed graph."
100000001445848100,peripheral,0.6,33,0.451045971134,"Limited role evidence: 1 payers, 1 recipients, 546K KZT received in observed graph."
100000001463701100,terminal,1,11,0.773668523202,Money stops here in the observed graph: receives 621K KZT from 2 payers; no outgoing transfers were traced.
100000001471706100,peripheral,0.9,19,0.281025793404,Outgoing transfers not observed: graph cut off at hop 4.
100000001477796100,peripheral,0.9,2,0.619170686089,Single inflow of 182K KZT; 0 further outgoing transfers observed.
100000001484381100,terminal,0.5,7,0.413924476323,Money stops here in the observed graph: receives 96K KZT from 2 payers; no outgoing transfers were traced.
100000001490461100,peripheral,0.6,7,0.553662165835,"Limited role evidence: 1 payers, 1 recipients, 20K KZT received in observed graph."
100000001498732100,peripheral,0.9,49,0.116636031529,Outgoing transfers not observed: graph cut off at hop 4.
100000001524952100,peripheral,0.9,0,0.588696785844,Single inflow of 104K KZT; 0 further outgoing transfers observed.
100000001526235100,peripheral,0.6,24,0.679289264803,"Limited role evidence: 3 payers, 8 recipients, 82K KZT received in observed graph."
100000001527186100,terminal,1,2,0.757429596768,Money stops here in the observed graph: receives 678K KZT from 1 payers; no outgoing transfers were traced.
100000001530709100,peripheral,0.9,0,0.214441357897,Single inflow of 54K KZT; 0 further outgoing transfers observed.
100000001530740100,peripheral,0.9,4,0.578815226355,Single inflow of 15K KZT; 0 further outgoing transfers observed.
100000001530983100,distributor,0.55,4,0.897139645554,Fan-out hypothesis: sends 1.8M KZT to 11 recipients after receiving from 4 payers.
100000001533161100,peripheral,0.9,42,0.180776335853,Outgoing transfers not observed: graph cut off at hop 4.
100000001534244100,terminal,0.61,8,0.479536649299,Possible holding point: receives 366K KZT from 2 payers; observed onward flow is 12%.
100000001537524100,peripheral,0.9,13,0.140918409184,Outgoing transfers not observed: graph cut off at hop 4.
100000001538095100,terminal,0.5,13,0.436589871517,Money stops here in the observed graph: receives 280K KZT from 2 payers; no outgoing transfers were traced.
100000001541418100,terminal,0.5,8,0.558623676124,Money stops here in the observed graph: receives 97K KZT from 2 payers; no outgoing transfers were traced.
100000001549194100,peripheral,0.9,14,0.255902446665,Single inflow of 46K KZT; 0 further outgoing transfers observed.
100000001550388100,peripheral,0.9,0,0.549965218753,Single inflow of 50K KZT; 0 further outgoing transfers observed.
100000001550419100,peripheral,0.9,14,0.220245910324,Single inflow of 23K KZT; 0 further outgoing transfers observed.
100000001554432100,peripheral,0.9,2,0.599614872553,Single inflow of 54K KZT; 0 further outgoing transfers observed.
100000001557930100,peripheral,0.9,6,0.477511966131,Single inflow of 35K KZT; 0 further outgoing transfers observed.
100000001567366100,terminal,1,4,0.70788359569,Money stops here in the observed graph: receives 824K KZT from 1 payers; no outgoing transfers were traced.
100000001578517100,peripheral,0.9,4,0.505809159215,Single inflow of 30K KZT; 0 further outgoing transfers observed.
100000001584286100,terminal,1,13,0.514191209328,Money stops here in the observed graph: receives 739K KZT from 2 payers; no outgoing transfers were traced.
100000001590795100,peripheral,0.9,7,0.110396137669,Outgoing transfers not observed: graph cut off at hop 4.
100000001597424100,peripheral,0.9,14,0.258597417435,Single inflow of 48K KZT; 0 further outgoing transfers observed.
100000001597505100,peripheral,0.6,31,0.567482528758,"Limited role evidence: 1 payers, 1 recipients, 26K KZT received in observed graph."
100000001598625100,peripheral,0.9,3,0.245231053434,Outgoing transfers not observed: graph cut off at hop 4.
100000001600934100,peripheral,0.6,3,0.508815088151,"Limited role evidence: 1 payers, 1 recipients, 180K KZT received in observed graph."
100000001601320100,transit,0.844827586207,6,0.779970608695,Pass-through hypothesis: forwards 106% of 44K KZT received; 0% forwarded within 2 days.
100000001609499100,terminal,0.75,0,0.756531273178,Possible holding point: receives 263K KZT from 3 payers; observed onward flow is 8%.
100000001611488100,terminal,1,5,0.547290978528,Money stops here in the observed graph: receives 779K KZT from 2 payers; no outgoing transfers were traced.
100000001616816100,consolidator,0.5,6,0.579601144326,"Signs of consolidation: seed receives from 5 payers, 176K KZT observed in and 181K KZT observed out."
100000001632325100,peripheral,0.9,1,0.259703046469,Single inflow of 86K KZT; 0 further outgoing transfers observed.
100000001633685100,terminal,0.75,0,0.525869415998,Money stops here in the observed graph: receives 45K KZT from 3 payers; no outgoing transfers were traced.
100000001637376100,peripheral,0.6,5,0.323138512284,"Limited role evidence: 1 payers, 1 recipients, 117K KZT received in observed graph."
100000001639766100,peripheral,0.9,6,0.470325377411,Single inflow of 20K KZT; 0 further outgoing transfers observed.
100000001641789100,peripheral,0.9,6,0.583859658821,Single inflow of 18K KZT; 0 further outgoing transfers observed.
100000001641951100,peripheral,0.9,3,0.58323774249,Single inflow of 25K KZT; 0 further outgoing transfers observed.
100000001648936100,peripheral,0.9,6,0.538114257547,Single inflow of 93K KZT; 0 further outgoing transfers observed.
100000001650895100,peripheral,0.6,7,0.375932298649,"Limited role evidence: 1 payers, 1 recipients, 154K KZT received in observed graph."
100000001660397100,transit,0.979423868313,0,0.712389034003,Pass-through hypothesis: forwards 101% of 49K KZT received; 76% forwarded within 2 days.
100000001669260100,peripheral,0.9,3,0.302865421913,Outgoing transfers not observed: graph cut off at hop 4.
100000001674850100,terminal,0.5,9,0.343095116344,Money stops here in the observed graph: receives 237K KZT from 2 payers; no outgoing transfers were traced.
100000001677389100,peripheral,0.6,16,0.299782098945,"Limited role evidence: 1 payers, 1 recipients, 11K KZT received in observed graph."
100000001677929100,peripheral,0.6,6,0.725656582409,"Limited role evidence: 3 payers, 2 recipients, 127K KZT received in observed graph."
100000001680944100,terminal,0.655,17,0.471002575194,Money stops here in the observed graph: receives 393K KZT from 1 payers; no outgoing transfers were traced.
100000001684867100,peripheral,0.9,4,0.504876284718,Single inflow of 31K KZT; 0 further outgoing transfers observed.
100000001686328100,peripheral,0.9,8,0.369713135334,Single inflow of 140K KZT; 0 further outgoing transfers observed.
100000001688676100,peripheral,0.9,18,0.367570979081,Single inflow of 134K KZT; 0 further outgoing transfers observed.
100000001689968100,terminal,0.75,5,0.439561249545,Money stops here in the observed graph: receives 344K KZT from 3 payers; no outgoing transfers were traced.
100000001690439100,peripheral,0.9,5,0.333849293549,Single inflow of 14K KZT; 0 further outgoing transfers observed.
100000001690558100,terminal,1,18,0.506659111535,Money stops here in the observed graph: receives 740K KZT from 1 payers; no outgoing transfers were traced.
100000001696818100,peripheral,0.9,2,0.56167797633,Single inflow of 54K KZT; 0 further outgoing transfers observed.
100000001697501100,distributor,1,1,0.831492921671,Fan-out hypothesis: sends 1.5M KZT to 38 recipients after receiving from 3 payers.
100000001703168100,peripheral,0.6,2,0.487255321991,"Limited role evidence: 1 payers, 1 recipients, 45K KZT received in observed graph."
100000001714173100,terminal,1,17,0.560834934192,Money stops here in the observed graph: receives 639K KZT from 1 payers; no outgoing transfers were traced.
100000001714413100,peripheral,0.9,5,0.302269764271,Single inflow of 250K KZT; 0 further outgoing transfers observed.
100000001714883100,peripheral,0.9,7,0.116490917718,Outgoing transfers not observed: graph cut off at hop 4.
100000001716579100,peripheral,0.9,1,0.47226022822,Single inflow of 14K KZT; 0 further outgoing transfers observed.
100000001724740100,peripheral,0.9,8,0.263974920648,Outgoing transfers not observed: graph cut off at hop 4.
100000001726614100,peripheral,0.9,0,0.339930253235,Single inflow of 139K KZT; 0 further outgoing transfers observed.
100000001732159100,peripheral,0.6,9,0.489680335006,"Limited role evidence: 2 payers, 4 recipients, 2.4M KZT received in observed graph."
100000001733216100,peripheral,0.9,0,0.192264512533,Outgoing transfers not observed: graph cut off at hop 4.
100000001733687100,terminal,0.5,8,0.396027106338,Money stops here in the observed graph: receives 300K KZT from 1 payers; no outgoing transfers were traced.
100000001737722100,peripheral,0.9,2,0.523464672849,Single inflow of 60K KZT; 0 further outgoing transfers observed.
100000001740277100,peripheral,0.6,6,0.41594224931,"Limited role evidence: 1 payers, 1 recipients, 9K KZT received in observed graph."
100000001745217100,peripheral,0.9,0,0.278775147302,Single inflow of 50K KZT; 0 further outgoing transfers observed.
100000001746925100,peripheral,0.6,2,0.697186634788,"Limited role evidence: 1 payers, 1 recipients, 65K KZT received in observed graph."
100000001782980100,peripheral,0.6,28,0.624871585795,"Limited role evidence: 1 payers, 1 recipients, 50K KZT received in observed graph."
100000001784279100,peripheral,0.9,0,0.257353584772,Single inflow of 36K KZT; 0 further outgoing transfers observed.
100000001785161100,terminal,0.5,29,0.35097272321,Money stops here in the observed graph: receives 30K KZT from 2 payers; no outgoing transfers were traced.
100000001788284100,peripheral,0.6,24,0.376139604093,"Limited role evidence: 1 payers, 5 recipients, 8K KZT received in observed graph."
100000001805543100,peripheral,0.9,4,0.54384970816,Single inflow of 59K KZT; 0 further outgoing transfers observed.
100000001808684100,peripheral,0.6,6,0.504254368386,"Limited role evidence: 1 payers, 1 recipients, 48K KZT received in observed graph."
100000001816678100,peripheral,0.9,2,0.172698333725,Outgoing transfers not observed: graph cut off at hop 4.
100000001818442100,peripheral,0.9,7,0.325211566722,Single inflow of 42K KZT; 0 further outgoing transfers observed.
100000001819396100,peripheral,0.9,25,0.290246048528,Single inflow of 166K KZT; 0 further outgoing transfers observed.
100000001822623100,peripheral,0.9,21,0.518903953084,Single inflow of 201K KZT; 0 further outgoing transfers observed.
100000001822650100,peripheral,0.9,8,0.169699314971,Outgoing transfers not observed: graph cut off at hop 4.
100000001825934100,peripheral,0.6,35,0.529822039793,"Limited role evidence: 1 payers, 1 recipients, 40K KZT received in observed graph."
100000001831496100,peripheral,0.6,11,0.287896586831,"Limited role evidence: 1 payers, 1 recipients, 25K KZT received in observed graph."
100000001835625100,peripheral,0.9,5,0.227086989971,Single inflow of 75K KZT; 0 further outgoing transfers observed.
100000001837130100,peripheral,0.9,0,0.352714088939,Single inflow of 173K KZT; 0 further outgoing transfers observed.
100000001845505100,peripheral,0.9,3,0.263684693027,Outgoing transfers not observed: graph cut off at hop 4.
100000001848426100,peripheral,0.9,6,0.539841802912,Single inflow of 96K KZT; 0 further outgoing transfers observed.
100000001851289100,peripheral,0.9,4,0.575360135624,Single inflow of 110K KZT; 0 further outgoing transfers observed.
100000001852140100,peripheral,0.9,57,0.459614596146,Single inflow of 30K KZT; 0 further outgoing transfers observed.
100000001853812100,peripheral,0.9,3,0.333780191735,Single inflow of 70K KZT; 0 further outgoing transfers observed.
100000001857829100,consolidator,0.6,3,0.823283626095,"Signs of consolidation: receives from 6 payers (1 seeds within 2 hops), 889K KZT in, forwards 269%."
100000001860090100,peripheral,0.9,6,0.375724993205,Single inflow of 5K KZT; 0 further outgoing transfers observed.
100000001870116100,peripheral,0.9,1,0.506465626454,Single inflow of 24K KZT; 0 further outgoing transfers observed.
100000001872484100,peripheral,0.6,55,0.755335811785,"Limited role evidence: 1 payers, 3 recipients, 871K KZT received in observed graph."
100000001875167100,terminal,1,5,0.444951191085,Money stops here in the observed graph: receives 1.0M KZT from 1 payers; no outgoing transfers were traced.
100000001875239100,terminal,1,8,0.444191071124,Money stops here in the observed graph: receives 712K KZT from 3 payers; no outgoing transfers were traced.
100000001884825100,terminal,0.825,8,0.425326275735,Money stops here in the observed graph: receives 495K KZT from 3 payers; no outgoing transfers were traced.
100000001887715100,peripheral,0.6,17,0.443030160639,"Limited role evidence: 3 payers, 1 recipients, 1.3M KZT received in observed graph."
100000001893287100,peripheral,0.6,6,0.443859382414,"Limited role evidence: 1 payers, 1 recipients, 18K KZT received in observed graph."
100000001899164100,peripheral,0.6,10,0.758963657052,"Limited role evidence: 4 payers, 3 recipients, 292K KZT received in observed graph."
100000001904863100,terminal,0.833333333333,14,0.636501421194,Money stops here in the observed graph: receives 500K KZT from 1 payers; no outgoing transfers were traced.
100000001924185100,terminal,0.5,11,0.714471302016,Money stops here in the observed graph: receives 151K KZT from 2 payers; no outgoing transfers were traced.
100000001927599100,terminal,0.5,7,0.431269031791,Money stops here in the observed graph: receives 188K KZT from 2 payers; no outgoing transfers were traced.
100000001929088100,terminal,0.660016666667,6,0.724675336641,Money stops here in the observed graph: receives 396K KZT from 2 payers; no outgoing transfers were traced.
100000001934935100,peripheral,0.9,0,0.255349632148,Single inflow of 119K KZT; 0 further outgoing transfers observed.
100000001937767100,peripheral,0.6,14,0.735123531011,"Limited role evidence: 1 payers, 4 recipients, 53K KZT received in observed graph."
100000001952325100,peripheral,0.9,1,0.578055106394,Single inflow of 78K KZT; 0 further outgoing transfers observed.
100000001953577100,peripheral,0.9,1,0.479308613311,Single inflow of 16K KZT; 0 further outgoing transfers observed.
100000001954534100,peripheral,0.6,0,0.47803022974,"Limited role evidence: 1 payers, 1 recipients, 13K KZT received in observed graph."
100000001954903100,peripheral,0.9,7,0.434046924739,Single inflow of 27K KZT; 0 further outgoing transfers observed.
100000001957974100,peripheral,0.9,14,0.199447646162,Outgoing transfers not observed: graph cut off at hop 4.
100000001960517100,peripheral,0.9,6,0.673899323263,Single inflow of 200K KZT; 0 further outgoing transfers observed.
100000001961048100,peripheral,0.9,29,0.415389434793,Single inflow of 150K KZT; 0 further outgoing transfers observed.
100000001965374100,peripheral,0.6,22,0.730459158524,"Limited role evidence: 2 payers, 3 recipients, 1.8M KZT received in observed graph."
100000001969496100,peripheral,0.9,14,0.219623993993,Single inflow of 23K KZT; 0 further outgoing transfers observed.
100000001985793100,terminal,0.7,26,0.656333641988,Money stops here in the observed graph: receives 420K KZT from 1 payers; no outgoing transfers were traced.
100000001987030100,peripheral,0.6,15,0.609358228414,"Limited role evidence: 2 payers, 1 recipients, 31K KZT received in observed graph."
100000001991973100,peripheral,0.9,7,0.14009609759,Outgoing transfers not observed: graph cut off at hop 4.
100000002015633100,peripheral,0.9,5,0.241252861967,Single inflow of 95K KZT; 0 further outgoing transfers observed.
100000002028158100,peripheral,0.9,15,0.441786327976,Single inflow of 35K KZT; 0 further outgoing transfers observed.
100000002032323100,peripheral,0.6,9,0.480241487808,"Limited role evidence: 1 payers, 1 recipients, 300K KZT received in observed graph."
100000002087788100,peripheral,0.9,5,0.569624685011,Single inflow of 100K KZT; 0 further outgoing transfers observed.
100000002095257100,peripheral,0.9,10,0.353819717972,Single inflow of 8K KZT; 0 further outgoing transfers observed.
100000002103448100,peripheral,0.9,1,0.202866803949,Single inflow of 27K KZT; 0 further outgoing transfers observed.
100000002109656100,terminal,0.833333333333,13,0.370804944004,Money stops here in the observed graph: receives 500K KZT from 1 payers; no outgoing transfers were traced.
100000002116705100,peripheral,0.9,1,0.182516319545,Single inflow of 18K KZT; 0 further outgoing transfers observed.
100000002119762100,peripheral,0.9,5,0.223149568574,Outgoing transfers not observed: graph cut off at hop 4.
100000002121357100,peripheral,0.6,9,0.379629245731,"Limited role evidence: 2 payers, 1 recipients, 255K KZT received in observed graph."
100000002126791100,peripheral,0.9,8,0.303784476047,Outgoing transfers not observed: graph cut off at hop 4.
100000002130400100,peripheral,0.9,35,0.256912715195,Outgoing transfers not observed: graph cut off at hop 4.
100000002132479100,peripheral,0.6,14,0.588558582215,"Limited role evidence: 1 payers, 1 recipients, 30K KZT received in observed graph."
100000002152857100,peripheral,0.6,26,0.672793694229,"Limited role evidence: 1 payers, 5 recipients, 105K KZT received in observed graph."
100000002156381100,peripheral,0.6,11,0.644669255681,"Limited role evidence: 2 payers, 1 recipients, 61K KZT received in observed graph."
100000002158488100,peripheral,0.9,1,0.523395571034,Single inflow of 32K KZT; 0 further outgoing transfers observed.
100000002170580100,peripheral,0.9,7,0.519871378489,Single inflow of 150K KZT; 0 further outgoing transfers observed.
100000002173070100,peripheral,0.9,4,0.505809159215,Single inflow of 30K KZT; 0 further outgoing transfers observed.
100000002173161100,terminal,1,4,0.71866347877,Money stops here in the observed graph: receives 1.4M KZT from 3 payers; no outgoing transfers were traced.
100000002175422100,peripheral,0.6,30,0.674175730521,"Limited role evidence: 3 payers, 6 recipients, 68K KZT received in observed graph."
100000002182176100,peripheral,0.9,0,0.53845976662,Single inflow of 42K KZT; 0 further outgoing transfers observed.
100000002184107100,peripheral,0.9,33,0.206529200123,Single inflow of 6K KZT; 0 further outgoing transfers observed.
100000002185328100,peripheral,0.6,20,0.484974962109,"Limited role evidence: 1 payers, 4 recipients, 15K KZT received in observed graph."
100000002188586100,peripheral,0.9,7,0.191756614195,Outgoing transfers not observed: graph cut off at hop 4.
100000002188829100,terminal,0.666666666667,2,0.745198575581,Money stops here in the observed graph: receives 400K KZT from 1 payers; no outgoing transfers were traced.
100000002193259100,peripheral,0.6,10,0.631401707275,"Limited role evidence: 2 payers, 3 recipients, 48K KZT received in observed graph."
100000002194320100,peripheral,0.9,15,0.26658696924,Outgoing transfers not observed: graph cut off at hop 4.
100000002194329100,peripheral,0.9,0,0.188113566529,Single inflow of 25K KZT; 0 further outgoing transfers observed.
100000002199091100,peripheral,0.9,1,0.46611016672,Single inflow of 65K KZT; 0 further outgoing transfers observed.
100000002205022100,peripheral,0.6,54,0.649920993592,"Limited role evidence: 1 payers, 3 recipients, 7K KZT received in observed graph."
100000002208836100,peripheral,0.9,5,0.216087363121,Outgoing transfers not observed: graph cut off at hop 4.
100000002211413100,peripheral,0.9,1,0.533277130524,Single inflow of 37K KZT; 0 further outgoing transfers observed.
100000002212494100,peripheral,0.9,30,0.387679607133,Single inflow of 160K KZT; 0 further outgoing transfers observed.
100000002214207100,peripheral,0.9,35,0.344996798283,Outgoing transfers not observed: graph cut off at hop 4.
100000002214301100,peripheral,0.6,0,0.583375946119,"Limited role evidence: 1 payers, 1 recipients, 21K KZT received in observed graph."
100000002214383100,peripheral,0.9,1,0.203946174293,Outgoing transfers not observed: graph cut off at hop 4.
100000002214570100,peripheral,0.9,1,0.513652215174,Single inflow of 26K KZT; 0 further outgoing transfers observed.
100000002214664100,peripheral,0.6,1,0.22363189924,"Limited role evidence: 1 payers, 1 recipients, 8K KZT received in observed graph."
100000002216999100,peripheral,0.9,1,0.195092849805,Single inflow of 24K KZT; 0 further outgoing transfers observed.
100000002217161100,peripheral,0.6,33,0.654896324244,"Limited role evidence: 2 payers, 7 recipients, 405K KZT received in observed graph."
100000002217806100,peripheral,0.9,36,0.284048997793,Outgoing transfers not observed: graph cut off at hop 4.
100000002224132100,consolidator,0.5,22,0.91532724316,"Signs of consolidation: receives from 5 payers (1 seeds within 2 hops), 4.0M KZT in, forwards 307%."
100000002227960100,peripheral,0.9,20,0.203535018496,Outgoing transfers not observed: graph cut off at hop 4.
100000002227989100,peripheral,0.9,20,0.267941364807,Outgoing transfers not observed: graph cut off at hop 4.
100000002229615100,peripheral,0.9,20,0.312152705797,Outgoing transfers not observed: graph cut off at hop 4.
100000002231144100,peripheral,0.9,20,0.256961086465,Outgoing transfers not observed: graph cut off at hop 4.
100000002232266100,peripheral,0.9,3,0.306070364074,Single inflow of 45K KZT; 0 further outgoing transfers observed.
100000002236528100,peripheral,0.9,6,0.309387251176,Single inflow of 66K KZT; 0 further outgoing transfers observed.
100000002241986100,peripheral,0.6,37,0.398286735676,"Limited role evidence: 1 payers, 6 recipients, 280K KZT received in observed graph."
100000002242066100,peripheral,0.9,33,0.217683615038,Outgoing transfers not observed: graph cut off at hop 4.
100000002242455100,peripheral,0.9,5,0.248496114175,Outgoing transfers not observed: graph cut off at hop 4.
100000002243354100,peripheral,0.9,1,0.496722270593,Single inflow of 21K KZT; 0 further outgoing transfers observed.
100000002255058100,terminal,0.819166666667,2,0.503411326248,Money stops here in the observed graph: receives 492K KZT from 1 payers; no outgoing transfers were traced.
100000002257794100,peripheral,0.9,23,0.434323331997,Single inflow of 154K KZT; 0 further outgoing transfers observed.
100000002258492100,peripheral,0.9,19,0.280832308323,Outgoing transfers not observed: graph cut off at hop 4.
100000002267998100,peripheral,0.6,21,0.742206467008,"Limited role evidence: 2 payers, 3 recipients, 420K KZT received in observed graph."
100000002284426100,peripheral,0.9,5,0.236692142202,Single inflow of 90K KZT; 0 further outgoing transfers observed.
100000002289937100,peripheral,0.9,1,0.494096401638,Single inflow of 20K KZT; 0 further outgoing transfers observed.
100000002293421100,transit,0.634146341463,0,0.812897623358,Pass-through hypothesis: forwards 115% of 41K KZT received; 32% forwarded within 2 days.
100000002299948100,peripheral,0.9,31,0.432042972115,Single inflow of 7K KZT; 0 further outgoing transfers observed.
100000002301828100,peripheral,0.9,16,0.263987358975,Single inflow of 47K KZT; 0 further outgoing transfers observed.
100000002304943100,peripheral,0.9,20,0.221795173008,Outgoing transfers not observed: graph cut off at hop 4.
100000002305007100,peripheral,0.9,1,0.237866873051,Single inflow of 56K KZT; 0 further outgoing transfers observed.
100000002305477100,peripheral,0.9,20,0.235484242483,Outgoing transfers not observed: graph cut off at hop 4.
100000002306369100,peripheral,0.6,2,0.65558734239,"Limited role evidence: 1 payers, 6 recipients, 73K KZT received in observed graph."
100000002308091100,peripheral,0.9,13,0.446070640482,Single inflow of 187K KZT; 0 further outgoing transfers observed.
100000002320495100,peripheral,0.9,16,0.229292719893,Outgoing transfers not observed: graph cut off at hop 4.
100000002324543100,peripheral,0.9,8,0.503701553869,Single inflow of 30K KZT; 0 further outgoing transfers observed.
100000002335358100,peripheral,0.9,4,0.663603152885,Single inflow of 140K KZT; 0 further outgoing transfers observed.
100000002340562100,peripheral,0.9,6,0.616268409875,Single inflow of 37K KZT; 0 further outgoing transfers observed.
100000002343825100,peripheral,0.6,9,0.435809021012,"Limited role evidence: 3 payers, 2 recipients, 350K KZT received in observed graph."
100000002346166100,peripheral,0.9,1,0.159021702577,Single inflow of 6K KZT; 0 further outgoing transfers observed.
100000002356167100,terminal,0.5,5,0.456007481423,Possible holding point: receives 300K KZT from 1 payers; observed onward flow is 10%.
100000002369443100,peripheral,0.9,1,0.230749386146,Single inflow of 50K KZT; 0 further outgoing transfers observed.
100000002369454100,peripheral,0.9,3,0.245231053434,Outgoing transfers not observed: graph cut off at hop 4.
100000002369510100,peripheral,0.9,1,0.216756268686,Single inflow of 37K KZT; 0 further outgoing transfers observed.
100000002369874100,terminal,1,8,0.451584965288,Money stops here in the observed graph: receives 600K KZT from 4 payers; no outgoing transfers were traced.
100000002371751100,peripheral,0.6,60,0.711214303154,"Limited role evidence: 1 payers, 1 recipients, 200K KZT received in observed graph."
100000002371892100,peripheral,0.9,50,0.193014267221,Outgoing transfers not observed: graph cut off at hop 4.
100000002373144100,peripheral,0.6,0,0.342763427634,"Limited role evidence: 1 payers, 1 recipients, 46K KZT received in observed graph."
100000002373386100,peripheral,0.9,1,0.195507460693,Single inflow of 24K KZT; 0 further outgoing transfers observed.
100000002380341100,peripheral,0.9,0,0.269515504144,Single inflow of 58K KZT; 0 further outgoing transfers observed.
100000002391278100,peripheral,0.6,26,0.420779376333,"Limited role evidence: 1 payers, 1 recipients, 30K KZT received in observed graph."
100000002394199100,peripheral,0.6,6,0.568242648719,"Limited role evidence: 1 payers, 1 recipients, 277K KZT received in observed graph."
100000002398779100,consolidator,1,0,0.910697421581,"Signs of consolidation: receives from 13 payers (2 seeds within 2 hops), 1.1M KZT in, forwards 6%."
100000002404112100,peripheral,0.9,25,0.187886912577,Outgoing transfers not observed: graph cut off at hop 4.
100000002432143100,peripheral,0.9,2,0.54384970816,Single inflow of 81K KZT; 0 further outgoing transfers observed.
100000002433697100,transit,0.615384615385,5,0.432803092076,Pass-through hypothesis: forwards 85% of 130K KZT received; 100% forwarded within 2 days.
100000002435265100,peripheral,0.9,0,0.263296340829,Single inflow of 133K KZT; 0 further outgoing transfers observed.
100000002443664100,terminal,0.928133333333,13,0.598219015898,Money stops here in the observed graph: receives 557K KZT from 3 payers; no outgoing transfers were traced.
100000002445750100,peripheral,0.6,0,0.69984705465,"Limited role evidence: 1 payers, 1 recipients, 70K KZT received in observed graph."
100000002448088100,peripheral,0.6,20,0.500246463139,"Limited role evidence: 3 payers, 1 recipients, 20K KZT received in observed graph."
100000002454724100,peripheral,0.9,29,0.403020209977,Single inflow of 125K KZT; 0 further outgoing transfers observed.
100000002457464100,peripheral,0.9,2,0.529200123462,Single inflow of 67K KZT; 0 further outgoing transfers observed.
100000002459093100,terminal,0.833333333333,26,0.726748391079,Possible holding point: receives 500K KZT from 1 payers; observed onward flow is 11%.
100000002459163100,peripheral,0.9,55,0.571421332191,Single inflow of 20K KZT; 0 further outgoing transfers observed.
100000002459164100,peripheral,0.9,0,0.420019256372,Single inflow of 20K KZT; 0 further outgoing transfers observed.
100000002459240100,peripheral,0.9,5,0.269031791442,Single inflow of 150K KZT; 0 further outgoing transfers observed.
100000002459832100,terminal,1,3,0.479847607465,Money stops here in the observed graph: receives 881K KZT from 2 payers; no outgoing transfers were traced.
100000002462183100,peripheral,0.9,43,0.627324700213,Single inflow of 108K KZT; 0 further outgoing transfers observed.
100000002469065100,peripheral,0.9,4,0.62248757319,Single inflow of 200K KZT; 0 further outgoing transfers observed.
100000002472632100,terminal,0.837333333333,24,0.620158842038,Possible holding point: receives 502K KZT from 2 payers; observed onward flow is 4%.
100000002474570100,peripheral,0.9,7,0.115765348665,Outgoing transfers not observed: graph cut off at hop 4.
100000002475601100,peripheral,0.9,3,0.340206660494,Single inflow of 232K KZT; 0 further outgoing transfers observed.
100000002478829100,peripheral,0.9,20,0.255461577088,Outgoing transfers not observed: graph cut off at hop 4.
100000002479804100,peripheral,0.6,2,0.614264457251,"Limited role evidence: 1 payers, 2 recipients, 46K KZT received in observed graph."
100000002480800100,terminal,0.948751666667,2,0.776709003045,Money stops here in the observed graph: receives 569K KZT from 2 payers; no outgoing transfers were traced.
100000002481735100,peripheral,0.9,4,0.570937619489,Single inflow of 22K KZT; 0 further outgoing transfers observed.
100000002481974100,peripheral,0.6,3,0.41722063288,"Limited role evidence: 2 payers, 2 recipients, 89K KZT received in observed graph."
100000002487222100,peripheral,0.9,5,0.191321272763,Outgoing transfers not observed: graph cut off at hop 4.
100000002488629100,peripheral,0.9,6,0.521253414781,Single inflow of 73K KZT; 0 further outgoing transfers observed.
100000002489253100,peripheral,0.9,4,0.463691603208,Single inflow of 51K KZT; 0 further outgoing transfers observed.
100000002492277100,peripheral,0.9,2,0.477926577019,Single inflow of 138K KZT; 0 further outgoing transfers observed.
100000002505277100,peripheral,0.9,0,0.192264512533,Outgoing transfers not observed: graph cut off at hop 4.
100000002506987100,peripheral,0.9,7,0.180921449664,Outgoing transfers not observed: graph cut off at hop 4.
100000002508637100,terminal,0.510683333333,3,0.47760179849,Possible holding point: receives 306K KZT from 1 payers; observed onward flow is 3%.
100000002509598100,terminal,0.50925,13,0.338810803838,Money stops here in the observed graph: receives 306K KZT from 1 payers; no outgoing transfers were traced.
100000002511581100,peripheral,0.9,1,0.182516319545,Single inflow of 18K KZT; 0 further outgoing transfers observed.
100000002511825100,peripheral,0.9,0,0.563958336213,Single inflow of 65K KZT; 0 further outgoing transfers observed.
100000002512742100,peripheral,0.9,7,0.11361282714,Outgoing transfers not observed: graph cut off at hop 4.
100000002513028100,peripheral,0.6,58,0.400256137393,"Limited role evidence: 1 payers, 3 recipients, 10K KZT received in observed graph."
100000002514975100,peripheral,0.9,25,0.194513776598,Outgoing transfers not observed: graph cut off at hop 4.
100000002516862100,peripheral,0.9,58,0.208928415127,Outgoing transfers not observed: graph cut off at hop 4.
100000002521039100,terminal,0.582283333333,0,0.388978721248,Money stops here in the observed graph: receives 349K KZT from 1 payers; no outgoing transfers were traced.
100000002527114100,distributor,1,1,0.513324211894,Fan-out hypothesis: sends 3.3M KZT to 111 recipients after receiving from 3 payers.
100000002528544100,peripheral,0.9,3,0.328390250195,Single inflow of 193K KZT; 0 further outgoing transfers observed.
100000002528978100,peripheral,0.9,7,0.159202749331,Outgoing transfers not observed: graph cut off at hop 4.
100000002529877100,peripheral,0.9,13,0.151656831175,Outgoing transfers not observed: graph cut off at hop 4.
100000002529880100,terminal,0.5,9,0.401002436991,Money stops here in the observed graph: receives 147K KZT from 2 payers; no outgoing transfers were traced.
100000002530224100,peripheral,0.9,8,0.266198617042,Single inflow of 113K KZT; 0 further outgoing transfers observed.
100000002531406100,transit,0.903846153846,3,0.549274200607,Pass-through hypothesis: forwards 96% of 520K KZT received; 0% forwarded within 2 days.
100000002534091100,peripheral,0.9,3,0.302753476973,Single inflow of 22K KZT; 0 further outgoing transfers observed.
100000002537811100,peripheral,0.6,11,0.602793556025,"Limited role evidence: 1 payers, 1 recipients, 52K KZT received in observed graph."
100000002539625100,peripheral,0.9,9,0.526712458136,Single inflow of 95K KZT; 0 further outgoing transfers observed.
100000002540033100,peripheral,0.9,17,0.2370804944,Outgoing transfers not observed: graph cut off at hop 4.
100000002540623100,peripheral,0.9,7,0.50176670306,Single inflow of 100K KZT; 0 further outgoing transfers observed.
100000002546921100,peripheral,0.9,14,0.213819441565,Single inflow of 20K KZT; 0 further outgoing transfers observed.
100000002547110100,consolidator,0.6,9,0.613559618742,"Signs of consolidation: receives from 6 payers (0 seeds within 2 hops), 1.5M KZT in, forwards 0%."
100000002548759100,terminal,0.625,8,0.407705313008,Money stops here in the observed graph: receives 375K KZT from 2 payers; no outgoing transfers were traced.
100000002550141100,peripheral,0.9,3,0.308903538474,Single inflow of 101K KZT; 0 further outgoing transfers observed.
100000002554175100,peripheral,0.9,7,0.288380299533,Single inflow of 25K KZT; 0 further outgoing transfers observed.
100000002556775100,terminal,0.5,5,0.37650584371,Money stops here in the observed graph: receives 300K KZT from 1 payers; no outgoing transfers were traced.
100000002558173100,peripheral,0.9,31,0.449180222139,Single inflow of 9K KZT; 0 further outgoing transfers observed.
100000002559089100,terminal,1,13,0.489038148808,Money stops here in the observed graph: receives 715K KZT from 2 payers; no outgoing transfers were traced.
100000002565277100,terminal,0.805531666667,2,0.749690193531,Money stops here in the observed graph: receives 483K KZT from 1 payers; no outgoing transfers were traced.
100000002566204100,peripheral,0.9,7,0.493128976234,Single inflow of 81K KZT; 0 further outgoing transfers observed.
100000002567887100,peripheral,0.9,5,0.21388854338,Single inflow of 51K KZT; 0 further outgoing transfers observed.
100000002570206100,terminal,0.5,16,0.553302836399,Money stops here in the observed graph: receives 167K KZT from 2 payers; no outgoing transfers were traced.
100000002575080100,transit,0.903846153846,15,0.567137019685,Pass-through hypothesis: forwards 96% of 13K KZT received; 100% forwarded within 2 days.
100000002578405100,distributor,1,1,0.758314099995,Fan-out hypothesis: sends 3.1M KZT to 116 recipients after receiving from 2 payers.
100000002578653100,peripheral,0.9,44,0.361697324838,Single inflow of 20K KZT; 0 further outgoing transfers observed.
100000002580377100,peripheral,0.6,4,0.585656306001,"Limited role evidence: 1 payers, 1 recipients, 38K KZT received in observed graph."
100000002581346100,peripheral,0.9,5,0.27559646383,Single inflow of 166K KZT; 0 further outgoing transfers observed.
100000002589019100,peripheral,0.9,10,0.521875331113,Single inflow of 35K KZT; 0 further outgoing transfers observed.
100000002591469100,peripheral,0.9,6,0.589111396732,Single inflow of 236K KZT; 0 further outgoing transfers observed.
100000002592567100,peripheral,0.6,4,0.52678155995,"Limited role evidence: 1 payers, 2 recipients, 5K KZT received in observed graph."
100000002593038100,peripheral,0.9,10,0.552694740431,Single inflow of 28K KZT; 0 further outgoing transfers observed.
100000002593344100,terminal,0.718333333333,8,0.470173353419,Money stops here in the observed graph: receives 431K KZT from 2 payers; no outgoing transfers were traced.
100000002594214100,peripheral,0.9,37,0.226922527652,Outgoing transfers not observed: graph cut off at hop 4.
100000002596035100,peripheral,0.9,11,0.659871654896,Single inflow of 232K KZT; 0 further outgoing transfers observed.
100000002596039100,peripheral,0.9,3,0.165104044299,Outgoing transfers not observed: graph cut off at hop 4.
100000002597003100,peripheral,0.6,0,0.552902045874,"Limited role evidence: 1 payers, 1 recipients, 18K KZT received in observed graph."
100000002597074100,peripheral,0.9,0,0.184017210959,Outgoing transfers not observed: graph cut off at hop 4.
100000002597623100,peripheral,0.9,0,0.176228054415,Single inflow of 16K KZT; 0 further outgoing transfers observed.
100000002599729100,peripheral,0.9,0,0.22232725698,Outgoing transfers not observed: graph cut off at hop 4.
100000002600345100,terminal,0.5,4,0.612453989708,Money stops here in the observed graph: receives 52K KZT from 2 payers; no outgoing transfers were traced.
100000002603371100,peripheral,0.9,0,0.181479792326,Single inflow of 9K KZT; 0 further outgoing transfers observed.
100000002603478100,peripheral,0.9,10,0.498000654164,Single inflow of 24K KZT; 0 further outgoing transfers observed.
100000002603769100,terminal,1,0,0.763026843752,Money stops here in the observed graph: receives 1.2M KZT from 3 payers; no outgoing transfers were traced.
100000002605184100,peripheral,0.9,15,0.588973193103,Single inflow of 140K KZT; 0 further outgoing transfers observed.
100000002605308100,terminal,1,14,0.735662525165,Money stops here in the observed graph: receives 2.6M KZT from 3 payers; no outgoing transfers were traced.
100000002605548100,terminal,0.5,11,0.709772378623,Money stops here in the observed graph: receives 117K KZT from 2 payers; no outgoing transfers were traced.
100000002606567100,peripheral,0.6,0,0.539150784766,"Limited role evidence: 1 payers, 1 recipients, 14K KZT received in observed graph."
100000002609774100,peripheral,0.6,7,0.53666311944,"Limited role evidence: 1 payers, 1 recipients, 8K KZT received in observed graph."
100000002611334100,peripheral,0.6,0,0.330255999189,"Limited role evidence: 1 payers, 1 recipients, 48K KZT received in observed graph."
100000002612809100,peripheral,0.6,35,0.518420240382,"Limited role evidence: 1 payers, 3 recipients, 30K KZT received in observed graph."
100000002613776100,peripheral,0.9,2,0.458370763483,Single inflow of 30K KZT; 0 further outgoing transfers observed.
100000002613929100,peripheral,0.9,8,0.460098308848,Single inflow of 29K KZT; 0 further outgoing transfers observed.
100000002614095100,peripheral,0.9,1,0.15757056447,Single inflow of 5K KZT; 0 further outgoing transfers observed.
100000002615479100,peripheral,0.9,8,0.604313795947,Single inflow of 220K KZT; 0 further outgoing transfers observed.
100000002618492100,terminal,0.5,11,0.744392387744,Money stops here in the observed graph: receives 296K KZT from 2 payers; no outgoing transfers were traced.
100000002621434100,peripheral,0.9,8,0.243740527293,Single inflow of 81K KZT; 0 further outgoing transfers observed.
100000002621915100,peripheral,0.9,4,0.552556536801,Single inflow of 5K KZT; 0 further outgoing transfers observed.
100000002621949100,peripheral,0.9,2,0.653237880693,Single inflow of 165K KZT; 0 further outgoing transfers observed.
100000002622822100,peripheral,0.9,17,0.24757706004,Outgoing transfers not observed: graph cut off at hop 4.
100000002628146100,peripheral,0.9,31,0.508124070005,Single inflow of 30K KZT; 0 further outgoing transfers observed.
100000002628576100,peripheral,0.6,5,0.445759682316,"Limited role evidence: 2 payers, 2 recipients, 728K KZT received in observed graph."
100000002632742100,terminal,0.5,9,0.360025060925,Money stops here in the observed graph: receives 236K KZT from 2 payers; no outgoing transfers were traced.
100000002633108100,terminal,0.533333333333,14,0.433065678971,Money stops here in the observed graph: receives 320K KZT from 1 payers; no outgoing transfers were traced.
100000002633701100,peripheral,0.9,8,0.559674023707,Single inflow of 267K KZT; 0 further outgoing transfers observed.
100000002635746100,peripheral,0.9,7,0.111363563074,Outgoing transfers not observed: graph cut off at hop 4.
100000002635780100,peripheral,0.9,6,0.649229975446,Single inflow of 163K KZT; 0 further outgoing transfers observed.
100000002644285100,terminal,0.833333333333,13,0.370804944004,Money stops here in the observed graph: receives 500K KZT from 1 payers; no outgoing transfers were traced.
100000002645046100,peripheral,0.9,7,0.126987483358,Outgoing transfers not observed: graph cut off at hop 4.
100000002645609100,terminal,1,0,0.662138194416,Money stops here in the observed graph: receives 547K KZT from 4 payers; no outgoing transfers were traced.
100000002645993100,peripheral,0.6,0,0.324036835874,"Limited role evidence: 2 payers, 5 recipients, 50K KZT received in observed graph."
100000002646745100,peripheral,0.9,1,0.170147094729,Single inflow of 12K KZT; 0 further outgoing transfers observed.
100000002646887100,peripheral,0.9,9,0.260877777317,Single inflow of 24K KZT; 0 further outgoing transfers observed.
100000002648315100,peripheral,0.6,6,0.623074938615,"Limited role evidence: 1 payers, 2 recipients, 132K KZT received in observed graph."
100000002653187100,peripheral,0.9,10,0.259911733949,Outgoing transfers not observed: graph cut off at hop 4.
100000002653948100,peripheral,0.9,5,0.233582560545,Single inflow of 85K KZT; 0 further outgoing transfers observed.
100000002659103100,peripheral,0.9,42,0.196061657246,Outgoing transfers not observed: graph cut off at hop 4.
100000002659265100,peripheral,0.9,8,0.161524570302,Outgoing transfers not observed: graph cut off at hop 4.
100000002660298100,peripheral,0.9,7,0.184065582229,Outgoing transfers not observed: graph cut off at hop 4.
100000002662768100,peripheral,0.9,2,0.585518102372,Single inflow of 84K KZT; 0 further outgoing transfers observed.
100000002663511100,peripheral,0.9,0,0.376139604093,Single inflow of 269K KZT; 0 further outgoing transfers observed.
100000002666248100,peripheral,0.9,2,0.613158828217,Single inflow of 70K KZT; 0 further outgoing transfers observed.
100000002670463100,peripheral,0.9,7,0.149044782583,Outgoing transfers not observed: graph cut off at hop 4.
100000002670860100,terminal,0.75,13,0.66580059059,Money stops here in the observed graph: receives 450K KZT from 2 payers; no outgoing transfers were traced.
100000002670960100,terminal,0.800516666667,13,0.368386380493,Money stops here in the observed graph: receives 480K KZT from 1 payers; no outgoing transfers were traced.
100000002671326100,peripheral,0.9,9,0.305283985424,Outgoing transfers not observed: graph cut off at hop 4.
100000002671806100,peripheral,0.9,10,0.464106214096,Single inflow of 12K KZT; 0 further outgoing transfers observed.
100000002677201100,peripheral,0.6,9,0.423094287123,"Limited role evidence: 1 payers, 1 recipients, 150K KZT received in observed graph."
100000002679516100,terminal,0.75,10,0.682454127912,Money stops here in the observed graph: receives 102K KZT from 3 payers; no outgoing transfers were traced.
100000002680477100,peripheral,0.9,13,0.408686558776,Single inflow of 25K KZT; 0 further outgoing transfers observed.
100000002681449100,peripheral,0.6,9,0.565962288836,"Limited role evidence: 2 payers, 2 recipients, 95K KZT received in observed graph."
100000002681544100,terminal,0.5,6,0.435622446112,Money stops here in the observed graph: receives 166K KZT from 2 payers; no outgoing transfers were traced.
100000002686226100,peripheral,0.9,16,0.311233651662,Outgoing transfers not observed: graph cut off at hop 4.
100000002689717100,peripheral,0.9,7,0.202156437295,Outgoing transfers not observed: graph cut off at hop 4.
100000002691583100,peripheral,0.9,25,0.31484629453,Single inflow of 285K KZT; 0 further outgoing transfers observed.
100000002691858100,peripheral,0.9,31,0.533691741412,Single inflow of 52K KZT; 0 further outgoing transfers observed.
100000002692044100,peripheral,0.9,10,0.5823394189,Single inflow of 97K KZT; 0 further outgoing transfers observed.
100000002692750100,peripheral,0.6,6,0.71024687775,"Limited role evidence: 3 payers, 1 recipients, 113K KZT received in observed graph."
100000002695812100,peripheral,0.9,7,0.233742876755,Outgoing transfers not observed: graph cut off at hop 4.
100000002696152100,peripheral,0.6,11,0.519560420323,"Limited role evidence: 1 payers, 2 recipients, 22K KZT received in observed graph."
100000002697752100,terminal,0.5,3,0.461121015705,Money stops here in the observed graph: receives 191K KZT from 2 payers; no outgoing transfers were traced.
100000002700161100,peripheral,0.9,48,0.31921491125,Outgoing transfers not observed: graph cut off at hop 4.
100000002702968100,peripheral,0.9,7,0.184984636363,Outgoing transfers not observed: graph cut off at hop 4.
100000002703376100,peripheral,0.9,0,0.444895909633,Single inflow of 47K KZT; 0 further outgoing transfers observed.
100000002704875100,terminal,0.75,3,0.628140101626,Money stops here in the observed graph: receives 245K KZT from 3 payers; no outgoing transfers were traced.
100000002705460100,peripheral,0.9,4,0.496584066964,Single inflow of 95K KZT; 0 further outgoing transfers observed.
100000002706810100,peripheral,0.9,7,0.156687443279,Outgoing transfers not observed: graph cut off at hop 4.
100000002707106100,peripheral,0.9,14,0.108606400671,Outgoing transfers not observed: graph cut off at hop 4.
100000002708624100,peripheral,0.9,24,0.364530499238,Single inflow of 25K KZT; 0 further outgoing transfers observed.
100000002710570100,peripheral,0.9,30,0.624629729443,Single inflow of 225K KZT; 0 further outgoing transfers observed.
100000002712416100,terminal,0.5,13,0.394506866417,Money stops here in the observed graph: receives 117K KZT from 2 payers; no outgoing transfers were traced.
100000002713074100,peripheral,0.6,16,0.497897001442,"Limited role evidence: 2 payers, 1 recipients, 700K KZT received in observed graph."
100000002713974100,peripheral,0.9,3,0.195964914705,Outgoing transfers not observed: graph cut off at hop 4.
100000002718366100,consolidator,0.6,8,0.810568892206,"Signs of consolidation: receives from 6 payers (1 seeds within 2 hops), 2.5M KZT in, forwards 0%."
100000002720627100,peripheral,0.9,11,0.653583389766,Single inflow of 199K KZT; 0 further outgoing transfers observed.
100000002721825100,peripheral,0.9,0,0.57425450659,Single inflow of 11K KZT; 0 further outgoing transfers observed.
100000002722108100,terminal,1,13,0.402660880541,Money stops here in the observed graph: receives 800K KZT from 1 payers; no outgoing transfers were traced.
100000002723439100,peripheral,0.9,11,0.269344131644,Outgoing transfers not observed: graph cut off at hop 4.
100000002723538100,distributor,0.6,3,0.733091937661,Fan-out hypothesis: sends 560K KZT to 12 recipients after receiving from 3 payers.
100000002723674100,peripheral,0.9,20,0.253043013576,Outgoing transfers not observed: graph cut off at hop 4.
100000002726055100,peripheral,0.9,20,0.240176255695,Outgoing transfers not observed: graph cut off at hop 4.
100000002727288100,peripheral,0.9,15,0.359900677658,Single inflow of 16K KZT; 0 further outgoing transfers observed.
100000002728246100,peripheral,0.9,5,0.207767504641,Outgoing transfers not observed: graph cut off at hop 4.
100000002729875100,peripheral,0.9,7,0.223294682385,Outgoing transfers not observed: graph cut off at hop 4.
100000002731501100,peripheral,0.6,23,0.636998954259,"Limited role evidence: 3 payers, 7 recipients, 570K KZT received in observed graph."
100000002733083100,peripheral,0.9,7,0.157606497413,Outgoing transfers not observed: graph cut off at hop 4.
100000002733905100,peripheral,0.6,1,0.608390803009,"Limited role evidence: 3 payers, 2 recipients, 100K KZT received in observed graph."
100000002734815100,peripheral,0.9,8,0.15489770628,Outgoing transfers not observed: graph cut off at hop 4.
100000002736033100,peripheral,0.6,16,0.371233375255,"Limited role evidence: 1 payers, 1 recipients, 35K KZT received in observed graph."
100000002736316100,terminal,0.75,0,0.458426044935,Money stops here in the observed graph: receives 267K KZT from 3 payers; no outgoing transfers were traced.
100000002737980100,peripheral,0.9,4,0.312773240092,Single inflow of 33K KZT; 0 further outgoing transfers observed.
100000002738256100,transit,0.587217043941,51,0.751500661074,Pass-through hypothesis: forwards 117% of 150K KZT received; 100% forwarded within 2 days.
100000002741024100,consolidator,0.5,0,0.872760525358,"Signs of consolidation: receives from 5 payers (1 seeds within 2 hops), 818K KZT in, forwards 53%."
100000002742067100,peripheral,0.9,15,0.385330145436,Single inflow of 13K KZT; 0 further outgoing transfers observed.
100000002744581100,peripheral,0.9,6,0.538874377508,Single inflow of 12K KZT; 0 further outgoing transfers observed.
100000002748040100,peripheral,0.9,7,0.163991505084,Outgoing transfers not observed: graph cut off at hop 4.
100000002748180100,peripheral,0.6,13,0.519318563972,"Limited role evidence: 1 payers, 8 recipients, 10K KZT received in observed graph."
100000002748511100,peripheral,0.9,4,0.311959220716,Outgoing transfers not observed: graph cut off at hop 4.
100000002748532100,peripheral,0.6,17,0.632438234495,"Limited role evidence: 3 payers, 2 recipients, 356K KZT received in observed graph."
100000002748581100,peripheral,0.9,14,0.250374301496,Single inflow of 41K KZT; 0 further outgoing transfers observed.
100000002748761100,terminal,1,13,0.402108066024,Money stops here in the observed graph: receives 797K KZT from 1 payers; no outgoing transfers were traced.
100000002750332100,peripheral,0.9,8,0.456435912674,Single inflow of 11K KZT; 0 further outgoing transfers observed.
100000002750956100,peripheral,0.9,0,0.546337373486,Single inflow of 47K KZT; 0 further outgoing transfers observed.
100000002752565100,peripheral,0.9,3,0.250285851173,Outgoing transfers not observed: graph cut off at hop 4.
100000002753146100,terminal,1,13,0.403006389614,Money stops here in the observed graph: receives 804K KZT from 1 payers; no outgoing transfers were traced.
100000002755292100,peripheral,0.9,5,0.289209521309,Single inflow of 203K KZT; 0 further outgoing transfers observed.
100000002757240100,peripheral,0.9,2,0.519802276674,Single inflow of 51K KZT; 0 further outgoing transfers observed.
100000002757791100,peripheral,0.9,26,0.377521640385,Single inflow of 73K KZT; 0 further outgoing transfers observed.
100000002757797100,peripheral,0.9,10,0.583997862451,Single inflow of 100K KZT; 0 further outgoing transfers observed.
100000002760175100,peripheral,0.9,11,0.650957520811,Single inflow of 187K KZT; 0 further outgoing transfers observed.
100000002762076100,peripheral,0.6,6,0.683608128216,"Limited role evidence: 2 payers, 1 recipients, 140K KZT received in observed graph."
100000002769809100,peripheral,0.9,18,0.408962966034,Single inflow of 113K KZT; 0 further outgoing transfers observed.
100000002773323100,peripheral,0.6,9,0.381840503798,"Limited role evidence: 2 payers, 1 recipients, 285K KZT received in observed graph."
100000002774456100,peripheral,0.9,11,0.587176545923,Single inflow of 50K KZT; 0 further outgoing transfers observed.
100000002778085100,peripheral,0.9,4,0.549516056958,Single inflow of 66K KZT; 0 further outgoing transfers observed.
100000002779485100,peripheral,0.9,3,0.617374038909,Single inflow of 91K KZT; 0 further outgoing transfers observed.
100000002781227100,transit,0.722071394727,61,0.876574945525,Pass-through hypothesis: forwards 111% of 191K KZT received; 81% forwarded within 2 days.
100000002784085100,peripheral,0.9,8,0.600927807031,Single inflow of 200K KZT; 0 further outgoing transfers observed.
100000002791494100,peripheral,0.9,7,0.229147606083,Outgoing transfers not observed: graph cut off at hop 4.
100000002793851100,peripheral,0.9,4,0.455537589084,Single inflow of 11K KZT; 0 further outgoing transfers observed.
100000002793881100,terminal,1,8,0.480745931055,Money stops here in the observed graph: receives 786K KZT from 3 payers; no outgoing transfers were traced.
100000002794197100,peripheral,0.9,6,0.49381999438,Single inflow of 30K KZT; 0 further outgoing transfers observed.
100000002794374100,peripheral,0.9,45,0.183678612067,Outgoing transfers not observed: graph cut off at hop 4.
100000002796853100,peripheral,0.6,61,0.682191541017,"Limited role evidence: 1 payers, 1 recipients, 199K KZT received in observed graph."
100000002799941100,terminal,1,18,0.49774497745,Money stops here in the observed graph: receives 600K KZT from 1 payers; no outgoing transfers were traced.
100000002807334100,peripheral,0.9,5,0.216514412335,Single inflow of 55K KZT; 0 further outgoing transfers observed.
100000002809568100,peripheral,0.9,0,0.455744894528,Single inflow of 10K KZT; 0 further outgoing transfers observed.
100000002809896100,peripheral,0.9,7,0.317403061671,Single inflow of 38K KZT; 0 further outgoing transfers observed.
100000002810870100,peripheral,0.9,1,0.526505152692,Single inflow of 34K KZT; 0 further outgoing transfers observed.
100000002812641100,peripheral,0.6,8,0.633889372602,"Limited role evidence: 1 payers, 1 recipients, 10K KZT received in observed graph."
100000002815005100,terminal,0.794166666667,8,0.424427952145,Money stops here in the observed graph: receives 476K KZT from 1 payers; no outgoing transfers were traced.
100000002818726100,peripheral,0.9,12,0.248992265204,Single inflow of 11K KZT; 0 further outgoing transfers observed.
100000002820010100,peripheral,0.9,6,0.469910766523,Single inflow of 30K KZT; 0 further outgoing transfers observed.
100000002821425100,peripheral,0.9,13,0.269791911402,Single inflow of 275K KZT; 0 further outgoing transfers observed.
100000002822472100,terminal,0.5,13,0.367764464161,Money stops here in the observed graph: receives 267K KZT from 2 payers; no outgoing transfers were traced.
100000002824176100,peripheral,0.9,6,0.662152014779,Single inflow of 144K KZT; 0 further outgoing transfers observed.
100000002826669100,peripheral,0.9,0,0.585172593299,Single inflow of 160K KZT; 0 further outgoing transfers observed.
100000002830055100,peripheral,0.9,1,0.472640288201,Single inflow of 14K KZT; 0 further outgoing transfers observed.
100000002831727100,peripheral,0.6,18,0.470947293743,"Limited role evidence: 1 payers, 1 recipients, 6K KZT received in observed graph."
100000002832753100,peripheral,0.9,15,0.280034182364,Outgoing transfers not observed: graph cut off at hop 4.
100000002835874100,peripheral,0.9,8,0.164717074137,Outgoing transfers not observed: graph cut off at hop 4.
100000002836052100,peripheral,0.9,3,0.553385758577,Single inflow of 15K KZT; 0 further outgoing transfers observed.
100000002836736100,terminal,0.848333333333,6,0.756738578622,Money stops here in the observed graph: receives 509K KZT from 2 payers; no outgoing transfers were traced.
100000002838519100,peripheral,0.9,14,0.256317057553,Single inflow of 47K KZT; 0 further outgoing transfers observed.
100000002838861100,consolidator,0.5,8,0.972439892938,"Signs of consolidation: receives from 5 payers (2 seeds within 2 hops), 555K KZT in, forwards 2%."
100000002842321100,peripheral,0.9,5,0.272763289431,Single inflow of 160K KZT; 0 further outgoing transfers observed.
100000002842337100,peripheral,0.9,6,0.584550676967,Single inflow of 50K KZT; 0 further outgoing transfers observed.
100000002844652100,peripheral,0.9,6,0.529545632535,Single inflow of 61K KZT; 0 further outgoing transfers observed.
100000002844897100,peripheral,0.9,8,0.455122978196,Single inflow of 11K KZT; 0 further outgoing transfers observed.
100000002845605100,peripheral,0.9,0,0.558775700117,Single inflow of 58K KZT; 0 further outgoing transfers observed.
100000002847207100,peripheral,0.9,2,0.588696785844,Single inflow of 46K KZT; 0 further outgoing transfers observed.
100000002849158100,peripheral,0.6,8,0.468252322973,"Limited role evidence: 3 payers, 1 recipients, 723K KZT received in observed graph."
100000002852402100,peripheral,0.9,15,0.536110304923,Single inflow of 55K KZT; 0 further outgoing transfers observed.
100000002858835100,peripheral,0.9,1,0.506880237342,Single inflow of 24K KZT; 0 further outgoing transfers observed.
100000002860934100,peripheral,0.9,27,0.297931552349,Outgoing transfers not observed: graph cut off at hop 4.
100000002861485100,peripheral,0.9,4,0.501628499431,Single inflow of 29K KZT; 0 further outgoing transfers observed.
100000002862113100,peripheral,0.9,14,0.257215381143,Single inflow of 47K KZT; 0 further outgoing transfers observed.
100000002863356100,peripheral,0.6,1,0.508400477263,"Limited role evidence: 1 payers, 1 recipients, 45K KZT received in observed graph."
100000002864256100,peripheral,0.9,2,0.644669255681,Single inflow of 136K KZT; 0 further outgoing transfers observed.
100000002864680100,peripheral,0.9,10,0.554076776723,Single inflow of 56K KZT; 0 further outgoing transfers observed.
100000002870463100,terminal,0.75,6,0.766032772687,Possible holding point: receives 207K KZT from 3 payers; observed onward flow is 5%.
100000002870937100,peripheral,0.9,6,0.543987911789,Single inflow of 84K KZT; 0 further outgoing transfers observed.
100000002871199100,peripheral,0.9,14,0.220591419397,Single inflow of 23K KZT; 0 further outgoing transfers observed.
100000002872399100,terminal,1,6,0.625168723597,Money stops here in the observed graph: receives 1.1M KZT from 1 payers; no outgoing transfers were traced.
100000002876914100,peripheral,0.9,7,0.126987483358,Outgoing transfers not observed: graph cut off at hop 4.
100000002877262100,peripheral,0.9,9,0.259703046469,Single inflow of 100K KZT; 0 further outgoing transfers observed.
100000002878467100,terminal,0.5,9,0.403213695058,Money stops here in the observed graph: receives 200K KZT from 2 payers; no outgoing transfers were traced.
100000002878483100,peripheral,0.9,7,0.11361282714,Outgoing transfers not observed: graph cut off at hop 4.
100000002881669100,peripheral,0.9,10,0.483212865837,Single inflow of 19K KZT; 0 further outgoing transfers observed.
100000002883402100,terminal,0.75,8,0.373776322033,Money stops here in the observed graph: receives 300K KZT from 3 payers; no outgoing transfers were traced.
100000002884708100,peripheral,0.9,9,0.247044976068,Outgoing transfers not observed: graph cut off at hop 4.
100000002886166100,peripheral,0.9,23,0.360315288546,Single inflow of 185K KZT; 0 further outgoing transfers observed.
100000002890167100,peripheral,0.9,4,0.57784780095,Single inflow of 118K KZT; 0 further outgoing transfers observed.
100000002891765100,peripheral,0.9,14,0.268133467852,Single inflow of 56K KZT; 0 further outgoing transfers observed.
100000002893020100,peripheral,0.9,7,0.269722809588,Single inflow of 18K KZT; 0 further outgoing transfers observed.
100000002894076100,terminal,1,6,0.759594786959,Money stops here in the observed graph: receives 1.1M KZT from 4 payers; no outgoing transfers were traced.
100000002896506100,peripheral,0.9,5,0.200124843945,Outgoing transfers not observed: graph cut off at hop 4.
100000002901457100,peripheral,0.6,0,0.517660120421,"Limited role evidence: 1 payers, 3 recipients, 340K KZT received in observed graph."
100000002904919100,peripheral,0.6,0,0.358034928664,"Limited role evidence: 1 payers, 1 recipients, 60K KZT received in observed graph."
100000002906470100,peripheral,0.9,18,0.365981637344,Single inflow of 130K KZT; 0 further outgoing transfers observed.
100000002908521100,peripheral,0.9,1,0.225186690069,Single inflow of 44K KZT; 0 further outgoing transfers observed.
100000002911170100,terminal,0.5,29,0.520272169014,Money stops here in the observed graph: receives 300K KZT from 1 payers; no outgoing transfers were traced.
100000002913340100,peripheral,0.9,1,0.194436382566,Single inflow of 24K KZT; 0 further outgoing transfers observed.
100000002914245100,peripheral,0.9,3,0.309179945732,Single inflow of 141K KZT; 0 further outgoing transfers observed.
100000002916006100,peripheral,0.6,19,0.0845709468331,"Limited role evidence: 0 payers, 1 recipients, 0 KZT received in observed graph."
100000002921047100,peripheral,0.6,6,0.686026691728,"Limited role evidence: 2 payers, 1 recipients, 338K KZT received in observed graph."
100000002922000100,peripheral,0.9,42,0.226680671301,Outgoing transfers not observed: graph cut off at hop 4.
100000002926970100,peripheral,0.9,7,0.366119840974,Single inflow of 85K KZT; 0 further outgoing transfers observed.
100000002933386100,peripheral,0.6,2,0.474229629937,"Limited role evidence: 1 payers, 1 recipients, 15K KZT received in observed graph."
100000002934441100,terminal,0.5,0,0.617636625804,Money stops here in the observed graph: receives 61K KZT from 2 payers; no outgoing transfers were traced.
100000002936322100,terminal,1,3,0.482404374606,Money stops here in the observed graph: receives 787K KZT from 2 payers; no outgoing transfers were traced.
100000002938501100,peripheral,0.6,4,0.512615687955,"Limited role evidence: 1 payers, 1 recipients, 8K KZT received in observed graph."
100000002939838100,terminal,0.952055,4,0.751578976464,Money stops here in the observed graph: receives 571K KZT from 3 payers; no outgoing transfers were traced.
100000002941114100,terminal,0.5,11,0.815475121043,Possible holding point: receives 129K KZT from 2 payers; observed onward flow is 12%.
100000002943472100,peripheral,0.9,9,0.288242095904,Single inflow of 170K KZT; 0 further outgoing transfers observed.
100000002945031100,peripheral,0.9,12,0.268133467852,Single inflow of 15K KZT; 0 further outgoing transfers observed.
100000002945626100,terminal,0.973333333333,8,0.450064725366,Money stops here in the observed graph: receives 584K KZT from 3 payers; no outgoing transfers were traced.
100000002947299100,peripheral,0.9,2,0.545991864413,Single inflow of 85K KZT; 0 further outgoing transfers observed.
100000002948492100,peripheral,0.9,14,0.222180761133,Single inflow of 24K KZT; 0 further outgoing transfers observed.
100000002951898100,peripheral,0.9,14,0.248992265204,Single inflow of 40K KZT; 0 further outgoing transfers observed.
100000002952631100,peripheral,0.9,4,0.531825992417,Single inflow of 48K KZT; 0 further outgoing transfers observed.
100000002952756100,peripheral,0.9,7,0.353681514343,Single inflow of 47K KZT; 0 further outgoing transfers observed.
100000002954780100,peripheral,0.9,8,0.275803769274,Single inflow of 133K KZT; 0 further outgoing transfers observed.
100000002956769100,terminal,1,13,0.469827844346,Money stops here in the observed graph: receives 840K KZT from 3 payers; no outgoing transfers were traced.
100000002956779100,terminal,0.685,2,0.498090486523,Money stops here in the observed graph: receives 411K KZT from 1 payers; no outgoing transfers were traced.
100000002956898100,terminal,0.5,15,0.602848837477,Money stops here in the observed graph: receives 290K KZT from 2 payers; no outgoing transfers were traced.
100000002957306100,terminal,0.66415,11,0.750266041986,Money stops here in the observed graph: receives 398K KZT from 2 payers; no outgoing transfers were traced.
100000002957787100,coordinator,0.503702505482,0,0.814065444025,Bridge hypothesis: top 1% betweenness; links 4 payers and 34 recipients.
100000002958139100,peripheral,0.9,8,0.311183898356,Single inflow of 210K KZT; 0 further outgoing transfers observed.
100000002958286100,peripheral,0.9,8,0.611569486481,Single inflow of 257K KZT; 0 further outgoing transfers observed.
100000002958343100,peripheral,0.6,6,0.729975445822,"Limited role evidence: 1 payers, 2 recipients, 2.9M KZT received in observed graph."
100000002958345100,terminal,0.511666666667,13,0.339087211097,Money stops here in the observed graph: receives 307K KZT from 1 payers; no outgoing transfers were traced.
100000002963189100,peripheral,0.6,14,0.479032206052,"Limited role evidence: 1 payers, 7 recipients, 490K KZT received in observed graph."
100000002964966100,peripheral,0.9,2,0.591115349356,Single inflow of 200K KZT; 0 further outgoing transfers observed.
100000002968096100,peripheral,0.9,3,0.187403199875,Outgoing transfers not observed: graph cut off at hop 4.
100000002969048100,peripheral,0.9,6,0.549377853329,Single inflow of 108K KZT; 0 further outgoing transfers observed.
100000002970466100,peripheral,0.6,0,0.265887658877,"Limited role evidence: 1 payers, 2 recipients, 23K KZT received in observed graph."
100000002971593100,peripheral,0.9,5,0.229921546406,Outgoing transfers not observed: graph cut off at hop 4.
100000002973903100,terminal,0.75,10,0.683559756946,Money stops here in the observed graph: receives 93K KZT from 3 payers; no outgoing transfers were traced.
100000002974256100,peripheral,0.9,10,0.562230790847,Single inflow of 7K KZT; 0 further outgoing transfers observed.
100000002975287100,peripheral,0.9,16,0.224633875552,Single inflow of 15K KZT; 0 further outgoing transfers observed.
100000002975437100,terminal,0.883333333333,30,0.501545577254,Possible holding point: receives 530K KZT from 1 payers; observed onward flow is 2%.
100000002981489100,peripheral,0.9,5,0.119828535364,Outgoing transfers not observed: graph cut off at hop 4.
100000002981527100,peripheral,0.9,8,0.594432236457,Single inflow of 168K KZT; 0 further outgoing transfers observed.
100000002982252100,peripheral,0.9,1,0.495685743374,Single inflow of 20K KZT; 0 further outgoing transfers observed.
100000002983426100,peripheral,0.9,7,0.369367626261,Single inflow of 89K KZT; 0 further outgoing transfers observed.
100000002983879100,terminal,0.5,2,0.624408603637,Money stops here in the observed graph: receives 200K KZT from 2 payers; no outgoing transfers were traced.
100000002984403100,peripheral,0.6,24,0.42710219237,"Limited role evidence: 1 payers, 1 recipients, 20K KZT received in observed graph."
100000002986245100,peripheral,0.9,7,0.112814701181,Outgoing transfers not observed: graph cut off at hop 4.
100000002988894100,peripheral,0.6,2,0.760552998788,"Limited role evidence: 1 payers, 3 recipients, 306K KZT received in observed graph."
100000002989353100,peripheral,0.6,13,0.372235351567,"Limited role evidence: 1 payers, 2 recipients, 500K KZT received in observed graph."
100000002990675100,peripheral,0.9,5,0.214234052453,Single inflow of 51K KZT; 0 further outgoing transfers observed.
100000002991079100,terminal,0.5,4,0.75162504434,Possible holding point: receives 149K KZT from 2 payers; observed onward flow is 7%.
100000002992171100,peripheral,0.9,1,0.475162504434,Single inflow of 15K KZT; 0 further outgoing transfers observed.
100000002994441100,peripheral,0.9,3,0.225713245897,Outgoing transfers not observed: graph cut off at hop 4.
100000002999140100,peripheral,0.9,10,0.127277710979,Outgoing transfers not observed: graph cut off at hop 4.
100000003001138100,peripheral,0.9,27,0.206364737805,Outgoing transfers not observed: graph cut off at hop 4.
100000003001564100,peripheral,0.6,4,0.55718635838,"Limited role evidence: 1 payers, 1 recipients, 24K KZT received in observed graph."
100000003001661100,peripheral,0.6,27,0.518765749455,"Limited role evidence: 1 payers, 5 recipients, 110K KZT received in observed graph."
100000003003821100,peripheral,0.9,2,0.609289126599,Single inflow of 40K KZT; 0 further outgoing transfers observed.
100000003004487100,peripheral,0.6,30,0.690760166029,"Limited role evidence: 4 payers, 2 recipients, 184K KZT received in observed graph."
100000003005167100,peripheral,0.9,7,0.11678114534,Outgoing transfers not observed: graph cut off at hop 4.
100000003006633100,peripheral,0.9,33,0.229090942595,Single inflow of 10K KZT; 0 further outgoing transfers observed.
100000003009900100,peripheral,0.9,7,0.261015980946,Single inflow of 16K KZT; 0 further outgoing transfers observed.
100000003010908100,peripheral,0.9,7,0.224890934303,Outgoing transfers not observed: graph cut off at hop 4.
100000003014659100,peripheral,0.9,11,0.666021716397,Single inflow of 280K KZT; 0 further outgoing transfers observed.
100000003016438100,peripheral,0.6,9,0.440162435332,"Limited role evidence: 1 payers, 1 recipients, 200K KZT received in observed graph."
100000003016635100,consolidator,0.8,4,0.561095678373,"Signs of consolidation: seed receives from 8 payers, 587K KZT observed in and 9.4M KZT observed out."
100000003016773100,peripheral,0.9,9,0.496031252447,Single inflow of 47K KZT; 0 further outgoing transfers observed.
100000003022835100,peripheral,0.9,2,0.641248715858,Single inflow of 125K KZT; 0 further outgoing transfers observed.
100000003024542100,peripheral,0.9,2,0.523879283737,Single inflow of 8K KZT; 0 further outgoing transfers observed.
100000003025903100,peripheral,0.9,5,0.282791344767,Outgoing transfers not observed: graph cut off at hop 4.
100000003031003100,terminal,0.75,13,0.368248176864,Money stops here in the observed graph: receives 280K KZT from 3 payers; no outgoing transfers were traced.
100000003031633100,terminal,0.69,8,0.416619447093,Money stops here in the observed graph: receives 414K KZT from 1 payers; no outgoing transfers were traced.
100000003031761100,terminal,0.767346666667,3,0.440459573135,Money stops here in the observed graph: receives 460K KZT from 1 payers; no outgoing transfers were traced.
100000003031890100,peripheral,0.9,23,0.526228745434,Single inflow of 215K KZT; 0 further outgoing transfers observed.
100000003034546100,terminal,0.811191666667,8,0.659374121831,Money stops here in the observed graph: receives 487K KZT from 1 payers; no outgoing transfers were traced.
100000003035737100,terminal,1,5,0.53623468819,Possible holding point: receives 809K KZT from 2 payers; observed onward flow is 1%.
100000003036198100,peripheral,0.9,2,0.353681514343,Single inflow of 15K KZT; 0 further outgoing transfers observed.
100000003037476100,peripheral,0.9,8,0.248496114175,Outgoing transfers not observed: graph cut off at hop 4.
100000003037660100,peripheral,0.9,2,0.598509243519,Single inflow of 53K KZT; 0 further outgoing transfers observed.
100000003039473100,peripheral,0.9,4,0.546682882559,Single inflow of 23K KZT; 0 further outgoing transfers observed.
100000003040087100,peripheral,0.9,7,0.181937246339,Outgoing transfers not observed: graph cut off at hop 4.
100000003042994100,peripheral,0.9,4,0.615853798987,Single inflow of 286K KZT; 0 further outgoing transfers observed.
100000003044431100,terminal,0.5,2,0.52275983434,Money stops here in the observed graph: receives 60K KZT from 2 payers; no outgoing transfers were traced.
100000003044518100,peripheral,0.9,6,0.498588019588,Single inflow of 34K KZT; 0 further outgoing transfers observed.
100000003047800100,peripheral,0.9,13,0.184549294931,Outgoing transfers not observed: graph cut off at hop 4.
100000003050771100,peripheral,0.9,12,0.420572070889,Single inflow of 229K KZT; 0 further outgoing transfers observed.
100000003054328100,peripheral,0.6,13,0.560054083687,"Limited role evidence: 1 payers, 2 recipients, 140K KZT received in observed graph."
100000003057225100,peripheral,0.9,4,0.60735427579,Single inflow of 236K KZT; 0 further outgoing transfers observed.
100000003060187100,peripheral,0.9,18,0.349535405466,Single inflow of 93K KZT; 0 further outgoing transfers observed.
100000003060517100,terminal,0.526591666667,16,0.463677782845,Money stops here in the observed graph: receives 316K KZT from 1 payers; no outgoing transfers were traced.
100000003061115100,peripheral,0.9,0,0.269344131644,Outgoing transfers not observed: graph cut off at hop 4.
100000003062895100,terminal,0.547406666667,9,0.622404651013,Money stops here in the observed graph: receives 328K KZT from 2 payers; no outgoing transfers were traced.
100000003066385100,terminal,0.5,0,0.543213971466,Money stops here in the observed graph: receives 20K KZT from 2 payers; no outgoing transfers were traced.
100000003068941100,peripheral,0.6,0,0.59567606912,"Limited role evidence: 3 payers, 1 recipients, 94K KZT received in observed graph."
100000003069463100,peripheral,0.6,25,0.241702023762,"Limited role evidence: 1 payers, 1 recipients, 12K KZT received in observed graph."
100000003071649100,peripheral,0.9,8,0.299367488057,Single inflow of 190K KZT; 0 further outgoing transfers observed.
100000003071930100,terminal,0.796016666667,8,0.773426666851,Possible holding point: receives 478K KZT from 3 payers; observed onward flow is 1%.
100000003072205100,peripheral,0.9,8,0.178502886152,Outgoing transfers not observed: graph cut off at hop 4.
100000003072676100,peripheral,0.9,16,0.266060413413,Single inflow of 32K KZT; 0 further outgoing transfers observed.
100000003073398100,peripheral,0.9,6,0.538390664806,Single inflow of 93K KZT; 0 further outgoing transfers observed.
100000003073635100,peripheral,0.9,3,0.368054691783,Single inflow of 129K KZT; 0 further outgoing transfers observed.
100000003074515100,peripheral,0.9,8,0.186580888281,Outgoing transfers not observed: graph cut off at hop 4.
100000003078839100,peripheral,0.9,3,0.202059694754,Outgoing transfers not observed: graph cut off at hop 4.
100000003083865100,peripheral,0.9,7,0.156905113995,Outgoing transfers not observed: graph cut off at hop 4.
100000003084870100,peripheral,0.9,13,0.172262992293,Outgoing transfers not observed: graph cut off at hop 4.
100000003086040100,peripheral,0.9,0,0.548755936998,Single inflow of 10K KZT; 0 further outgoing transfers observed.
100000003087877100,peripheral,0.9,3,0.280364489038,Single inflow of 91K KZT; 0 further outgoing transfers observed.
100000003089018100,peripheral,0.9,8,0.551589111397,Single inflow of 230K KZT; 0 further outgoing transfers observed.
100000003089553100,peripheral,0.9,9,0.282299339847,Single inflow of 150K KZT; 0 further outgoing transfers observed.
100000003091142100,peripheral,0.9,0,0.24327201699,Outgoing transfers not observed: graph cut off at hop 4.
100000003093299100,peripheral,0.9,0,0.174431407235,Single inflow of 15K KZT; 0 further outgoing transfers observed.
100000003095610100,peripheral,0.9,7,0.286169041466,Single inflow of 24K KZT; 0 further outgoing transfers observed.
100000003096787100,peripheral,0.9,7,0.160170174735,Outgoing transfers not observed: graph cut off at hop 4.
100000003097324100,terminal,0.5,17,0.453243408839,Money stops here in the observed graph: receives 294K KZT from 2 payers; no outgoing transfers were traced.
100000003097947100,peripheral,0.9,3,0.197657909163,Outgoing transfers not observed: graph cut off at hop 4.
100000003102157100,peripheral,0.9,0,0.585518102372,Single inflow of 97K KZT; 0 further outgoing transfers observed.
100000003104347100,terminal,0.696666666667,21,0.686807542233,Possible holding point: receives 418K KZT from 1 payers; observed onward flow is 8%.
100000003105089100,peripheral,0.9,20,0.203535018496,Outgoing transfers not observed: graph cut off at hop 4.
100000003105929100,peripheral,0.6,5,0.40440224627,"Limited role evidence: 1 payers, 1 recipients, 430K KZT received in observed graph."
100000003109805100,peripheral,0.9,16,0.249061367018,Single inflow of 37K KZT; 0 further outgoing transfers observed.
100000003111305100,terminal,1,26,0.493737072202,Money stops here in the observed graph: receives 509K KZT from 4 payers; no outgoing transfers were traced.
100000003112436100,peripheral,0.9,4,0.578538819096,Single inflow of 100K KZT; 0 further outgoing transfers observed.
100000003112578100,peripheral,0.9,13,0.216790819594,Single inflow of 101K KZT; 0 further outgoing transfers observed.
100000003115284100,consolidator,0.8,11,1,"Signs of consolidation: receives from 8 payers (4 seeds within 2 hops), 2.2M KZT in, forwards 24%."
100000003116106100,terminal,0.823416666667,5,0.40653058216,Money stops here in the observed graph: receives 494K KZT from 1 payers; no outgoing transfers were traced.
100000003119550100,peripheral,0.9,1,0.497378737832,Single inflow of 21K KZT; 0 further outgoing transfers observed.
100000003122817100,terminal,0.741133333333,25,0.403766509575,Money stops here in the observed graph: receives 445K KZT from 1 payers; no outgoing transfers were traced.
100000003123296100,peripheral,0.9,10,0.575429237438,Single inflow of 86K KZT; 0 further outgoing transfers observed.
100000003125997100,peripheral,0.9,9,0.271278982453,Outgoing transfers not observed: graph cut off at hop 4.
100000003128638100,peripheral,0.9,8,0.174246214372,Outgoing transfers not observed: graph cut off at hop 4.
100000003131016100,peripheral,0.6,3,0.642596201243,"Limited role evidence: 1 payers, 1 recipients, 406K KZT received in observed graph."
100000003131693100,terminal,0.588795,2,0.74098336489,Money stops here in the observed graph: receives 353K KZT from 1 payers; no outgoing transfers were traced.
100000003132484100,peripheral,0.9,8,0.480621547789,Single inflow of 90K KZT; 0 further outgoing transfers observed.
100000003133045100,peripheral,0.9,49,0.169796057511,Outgoing transfers not observed: graph cut off at hop 4.
100000003134474100,peripheral,0.9,5,0.253622086783,Single inflow of 116K KZT; 0 further outgoing transfers observed.
100000003134550100,peripheral,0.9,9,0.142272804751,Outgoing transfers not observed: graph cut off at hop 4.
100000003134934100,terminal,1,0,0.643895315358,Money stops here in the observed graph: receives 379K KZT from 4 payers; no outgoing transfers were traced.
100000003134937100,peripheral,0.9,4,0.453948247348,Single inflow of 10K KZT; 0 further outgoing transfers observed.
100000003146511100,peripheral,0.9,12,0.183485126986,Outgoing transfers not observed: graph cut off at hop 4.
100000003147719100,peripheral,0.9,8,0.257768195659,Single inflow of 100K KZT; 0 further outgoing transfers observed.
100000003148220100,peripheral,0.6,57,0.634960450728,"Limited role evidence: 1 payers, 2 recipients, 6K KZT received in observed graph."
100000003149149100,peripheral,0.9,5,0.300473117091,Single inflow of 245K KZT; 0 further outgoing transfers observed.
100000003152964100,peripheral,0.6,3,0.442131837049,"Limited role evidence: 1 payers, 1 recipients, 142K KZT received in observed graph."
100000003154105100,peripheral,0.6,20,0.552971147689,"Limited role evidence: 1 payers, 7 recipients, 60K KZT received in observed graph."
100000003157333100,peripheral,0.9,6,0.469910766523,Single inflow of 30K KZT; 0 further outgoing transfers observed.
100000003157679100,terminal,1,8,0.463470477401,Money stops here in the observed graph: receives 541K KZT from 4 payers; no outgoing transfers were traced.
100000003158727100,terminal,0.75,6,0.669670292209,Money stops here in the observed graph: receives 368K KZT from 3 payers; no outgoing transfers were traced.
100000003159641100,peripheral,0.6,15,0.535799346758,"Limited role evidence: 4 payers, 1 recipients, 64K KZT received in observed graph."
100000003163256100,transit,0.719132369299,4,0.635409612523,Pass-through hypothesis: forwards 111% of 13K KZT received; 0% forwarded within 2 days.
100000003163886100,terminal,0.833333333333,54,0.544112295056,Money stops here in the observed graph: receives 500K KZT from 1 payers; no outgoing transfers were traced.
100000003164661100,terminal,0.993666666667,28,0.566086672103,Money stops here in the observed graph: receives 596K KZT from 1 payers; no outgoing transfers were traced.
100000003166017100,peripheral,0.9,7,0.156905113995,Outgoing transfers not observed: graph cut off at hop 4.
100000003166755100,peripheral,0.9,2,0.382911581925,Single inflow of 24K KZT; 0 further outgoing transfers observed.
100000003171006100,terminal,0.808333333333,8,0.426777413842,Money stops here in the observed graph: receives 485K KZT from 2 payers; no outgoing transfers were traced.
100000003171587100,peripheral,0.6,5,0.458681721649,"Limited role evidence: 2 payers, 2 recipients, 700K KZT received in observed graph."
100000003173783100,peripheral,0.9,29,0.20336571905,Outgoing transfers not observed: graph cut off at hop 4.
100000003177533100,peripheral,0.9,3,0.198189993136,Outgoing transfers not observed: graph cut off at hop 4.
100000003178549100,peripheral,0.6,16,0.501352092173,"Limited role evidence: 2 payers, 4 recipients, 250K KZT received in observed graph."
100000003180305100,peripheral,0.9,0,0.268715305131,Outgoing transfers not observed: graph cut off at hop 4.
100000003180820100,peripheral,0.9,8,0.185178121444,Outgoing transfers not observed: graph cut off at hop 4.
100000003186579100,peripheral,0.9,3,0.280808122688,Outgoing transfers not observed: graph cut off at hop 4.
100000003187359100,peripheral,0.9,1,0.490434005464,Single inflow of 19K KZT; 0 further outgoing transfers observed.
100000003188607100,peripheral,0.6,6,0.583479598841,"Limited role evidence: 1 payers, 1 recipients, 18K KZT received in observed graph."
100000003190207100,peripheral,0.6,19,0.403745779031,"Limited role evidence: 1 payers, 1 recipients, 5K KZT received in observed graph."
100000003191430100,peripheral,0.9,4,0.599614872553,Single inflow of 180K KZT; 0 further outgoing transfers observed.
100000003192220100,peripheral,0.9,53,0.603415472357,Single inflow of 60K KZT; 0 further outgoing transfers observed.
100000003192309100,peripheral,0.6,1,0.24249669463,"Limited role evidence: 1 payers, 1 recipients, 17K KZT received in observed graph."
100000003194831100,peripheral,0.9,7,0.128873962897,Outgoing transfers not observed: graph cut off at hop 4.
100000003199390100,peripheral,0.9,5,0.235967955185,Outgoing transfers not observed: graph cut off at hop 4.
100000003200071100,peripheral,0.6,66,0.0845709468331,"Limited role evidence: 0 payers, 1 recipients, 0 KZT received in observed graph."
100000003204491100,peripheral,0.6,0,0.409446678736,"Limited role evidence: 1 payers, 1 recipients, 140K KZT received in observed graph."
100000003205210100,peripheral,0.9,2,0.645498477457,Single inflow of 138K KZT; 0 further outgoing transfers observed.
100000003207060100,peripheral,0.9,0,0.277954217744,Outgoing transfers not observed: graph cut off at hop 4.
100000003213473100,distributor,0.55,0,0.429458564249,Fan-out hypothesis: sends 240K KZT to 11 recipients after receiving from 1 payers.
100000003214786100,peripheral,0.9,0,0.221819358643,Outgoing transfers not observed: graph cut off at hop 4.
100000003215448100,peripheral,0.6,3,0.42889883955,"Limited role evidence: 1 payers, 2 recipients, 91K KZT received in observed graph."
100000003216073100,peripheral,0.6,3,0.285996286929,"Limited role evidence: 1 payers, 1 recipients, 37K KZT received in observed graph."
100000003218308100,peripheral,0.9,0,0.166622902184,Single inflow of 11K KZT; 0 further outgoing transfers observed.
100000003219438100,peripheral,0.9,32,0.570108397713,Single inflow of 32K KZT; 0 further outgoing transfers observed.
100000003220685100,peripheral,0.9,5,0.277857475204,Outgoing transfers not observed: graph cut off at hop 4.
100000003221384100,terminal,0.852,15,0.634635672199,Money stops here in the observed graph: receives 511K KZT from 1 payers; no outgoing transfers were traced.
100000003221510100,peripheral,0.6,0,0.266785982467,"Limited role evidence: 1 payers, 2 recipients, 24K KZT received in observed graph."
100000003230328100,peripheral,0.9,0,0.209267014018,Outgoing transfers not observed: graph cut off at hop 4.
100000003230329100,peripheral,0.9,8,0.18856411036,Outgoing transfers not observed: graph cut off at hop 4.
100000003232675100,peripheral,0.9,12,0.235871212645,Outgoing transfers not observed: graph cut off at hop 4.
100000003235780100,terminal,0.5,0,0.553371938214,Money stops here in the observed graph: receives 65K KZT from 2 payers; no outgoing transfers were traced.
100000003237045100,peripheral,0.6,4,0.552971147689,"Limited role evidence: 1 payers, 1 recipients, 340K KZT received in observed graph."
100000003239379100,peripheral,0.9,10,0.579022531798,Single inflow of 92K KZT; 0 further outgoing transfers observed.
100000003239859100,peripheral,0.9,10,0.483212865837,Single inflow of 19K KZT; 0 further outgoing transfers observed.
100000003241965100,peripheral,0.9,7,0.256662566626,Single inflow of 15K KZT; 0 further outgoing transfers observed.
100000003242289100,distributor,1,16,0.765569790529,Fan-out hypothesis: sends 2.4M KZT to 23 recipients after receiving from 3 payers.
100000003242795100,peripheral,0.9,5,0.25044340331,Single inflow of 111K KZT; 0 further outgoing transfers observed.
100000003246024100,peripheral,0.6,3,0.610532959262,"Limited role evidence: 1 payers, 1 recipients, 25K KZT received in observed graph."
100000003247600100,peripheral,0.9,2,0.28342017128,Outgoing transfers not observed: graph cut off at hop 4.
100000003249054100,consolidator,0.7,2,0.768382234384,"Signs of consolidation: receives from 7 payers (1 seeds within 2 hops), 100K KZT in, forwards 15%."
100000003252446100,peripheral,0.9,9,0.144884853343,Outgoing transfers not observed: graph cut off at hop 4.
100000003254277100,transit,0.786432926829,0,0.383948109144,Pass-through hypothesis: forwards 91% of 49K KZT received; 100% forwarded within 2 days.
100000003254723100,peripheral,0.9,2,0.6485389573,Single inflow of 270K KZT; 0 further outgoing transfers observed.
100000003265158100,transit,0.861403527985,10,0.864343924338,Pass-through hypothesis: forwards 106% of 146K KZT received; 100% forwarded within 2 days.
100000003265658100,peripheral,0.9,70,0.0845709468331,Known seed with 0 observed transfers in this graph.
100000003270419100,peripheral,0.9,12,0.547304798891,Single inflow of 150K KZT; 0 further outgoing transfers observed.
100000003271151100,peripheral,0.9,3,0.367087266378,Single inflow of 127K KZT; 0 further outgoing transfers observed.
100000003275398100,terminal,0.5,23,0.60139769937,Possible holding point: receives 300K KZT from 1 payers; observed onward flow is 7%.
100000003278020100,peripheral,0.9,0,0.510128022629,Single inflow of 190K KZT; 0 further outgoing transfers observed.
100000003284932100,peripheral,0.9,2,0.612260504628,Single inflow of 70K KZT; 0 further outgoing transfers observed.
100000003286537100,terminal,0.5,8,0.354151406683,Money stops here in the observed graph: receives 153K KZT from 2 payers; no outgoing transfers were traced.
100000003289281100,peripheral,0.9,0,0.307557435125,Outgoing transfers not observed: graph cut off at hop 4.
100000003289405100,terminal,0.591666666667,2,0.594694823353,Money stops here in the observed graph: receives 355K KZT from 1 payers; no outgoing transfers were traced.
100000003292191100,peripheral,0.9,17,0.242911305518,Single inflow of 112K KZT; 0 further outgoing transfers observed.
100000003292979100,peripheral,0.9,2,0.561263365443,Single inflow of 49K KZT; 0 further outgoing transfers observed.
100000003293377100,peripheral,0.9,5,0.212782914346,Single inflow of 50K KZT; 0 further outgoing transfers observed.
100000003299365100,transit,1,2,0.764630005851,Pass-through hypothesis: forwards 100% of 200K KZT received; 100% forwarded within 2 days.
100000003321423100,peripheral,0.9,11,0.60735427579,Single inflow of 100K KZT; 0 further outgoing transfers observed.
100000003321895100,peripheral,0.6,50,0.446658005906,"Limited role evidence: 1 payers, 2 recipients, 24K KZT received in observed graph."
100000003336565100,peripheral,0.9,1,0.385191941807,Single inflow of 17K KZT; 0 further outgoing transfers observed.
100000003338583100,peripheral,0.9,23,0.227501600859,Single inflow of 22K KZT; 0 further outgoing transfers observed.
100000003345947100,peripheral,0.9,3,0.244868268907,Outgoing transfers not observed: graph cut off at hop 4.
100000003349739100,peripheral,0.9,71,0.0845709468331,Known seed with 0 observed transfers in this graph.
100000003360542100,terminal,0.528333333333,11,0.840420876119,Possible holding point: receives 317K KZT from 2 payers; observed onward flow is 16%.
100000003366154100,peripheral,0.6,2,0.726243947833,"Limited role evidence: 1 payers, 3 recipients, 125K KZT received in observed graph."
100000003366471100,terminal,0.549648333333,3,0.552819123697,Possible holding point: receives 330K KZT from 2 payers; observed onward flow is 6%.
100000003370425100,peripheral,0.9,12,0.324342265895,Outgoing transfers not observed: graph cut off at hop 4.
100000003377795100,peripheral,0.9,6,0.438814949947,Single inflow of 7K KZT; 0 further outgoing transfers observed.
100000003390036100,peripheral,0.6,11,0.797107858719,"Limited role evidence: 2 payers, 2 recipients, 231K KZT received in observed graph."
100000003404627100,terminal,1,9,0.804649170087,Money stops here in the observed graph: receives 878K KZT from 4 payers; no outgoing transfers were traced.
100000003406094100,peripheral,0.6,4,0.562679952642,"Limited role evidence: 1 payers, 3 recipients, 70K KZT received in observed graph."
100000003447411100,peripheral,0.9,3,0.166797038757,Outgoing transfers not observed: graph cut off at hop 4.
100000003448713100,peripheral,0.9,3,0.162395253166,Outgoing transfers not observed: graph cut off at hop 4.
100000003449074100,peripheral,0.9,0,0.455744894528,Single inflow of 10K KZT; 0 further outgoing transfers observed.
100000003457710100,peripheral,0.6,5,0.387956014392,"Limited role evidence: 1 payers, 1 recipients, 327K KZT received in observed graph."
100000003470579100,peripheral,0.9,25,0.251108162767,Outgoing transfers not observed: graph cut off at hop 4.
100000003476560100,peripheral,0.9,2,0.594363134643,Single inflow of 50K KZT; 0 further outgoing transfers observed.
100000003481025100,peripheral,0.9,0,0.196400256137,Outgoing transfers not observed: graph cut off at hop 4.
100000003484058100,peripheral,0.6,14,0.376001400463,"Limited role evidence: 1 payers, 1 recipients, 110K KZT received in observed graph."
100000003486846100,peripheral,0.9,4,0.24124042364,Outgoing transfers not observed: graph cut off at hop 4.
100000003486970100,peripheral,0.9,5,0.269031791442,Single inflow of 150K KZT; 0 further outgoing transfers observed.
100000003497735100,peripheral,0.9,18,0.363701277462,Single inflow of 125K KZT; 0 further outgoing transfers observed.
100000003500764100,peripheral,0.9,16,0.222859340953,Outgoing transfers not observed: graph cut off at hop 4.
100000003509750100,transit,0.881820391299,6,0.786397077454,Pass-through hypothesis: forwards 95% of 82K KZT received; 74% forwarded within 2 days.
100000003528285100,peripheral,0.6,2,0.49741328874,"Limited role evidence: 4 payers, 4 recipients, 119K KZT received in observed graph."
100000003557488100,peripheral,0.6,30,0.530858567013,"Limited role evidence: 1 payers, 2 recipients, 665K KZT received in observed graph."
100000003561031100,peripheral,0.6,3,0.297847248135,"Limited role evidence: 1 payers, 1 recipients, 13K KZT received in observed graph."
100000003567087100,peripheral,0.9,1,0.564442048915,Single inflow of 62K KZT; 0 further outgoing transfers observed.
100000003568904100,peripheral,0.9,12,0.242352962855,Outgoing transfers not observed: graph cut off at hop 4.
100000003574895100,peripheral,0.6,0,0.25942663921,"Limited role evidence: 1 payers, 1 recipients, 28K KZT received in observed graph."
100000003581109100,peripheral,0.9,0,0.204421594778,Single inflow of 43K KZT; 0 further outgoing transfers observed.
100000003582677100,peripheral,0.6,2,0.365774331901,"Limited role evidence: 2 payers, 4 recipients, 30K KZT received in observed graph."
100000003589877100,peripheral,0.6,9,0.637551768776,"Limited role evidence: 2 payers, 6 recipients, 176K KZT received in observed graph."
100000003594472100,peripheral,0.9,30,0.260463166429,Single inflow of 20K KZT; 0 further outgoing transfers observed.
100000003603979100,peripheral,0.9,23,0.591599062058,Single inflow of 165K KZT; 0 further outgoing transfers observed.
100000003610172100,peripheral,0.9,5,0.225152139162,Single inflow of 70K KZT; 0 further outgoing transfers observed.
100000003616818100,peripheral,0.6,23,0.652823269806,"Limited role evidence: 3 payers, 3 recipients, 78K KZT received in observed graph."
100000003617552100,peripheral,0.9,28,0.593672116496,Single inflow of 25K KZT; 0 further outgoing transfers observed.
100000003622955100,peripheral,0.9,11,0.340062928719,Outgoing transfers not observed: graph cut off at hop 4.
100000003626268100,peripheral,0.9,3,0.22019892109,Outgoing transfers not observed: graph cut off at hop 4.
100000003631015100,peripheral,0.9,38,0.164330103975,Outgoing transfers not observed: graph cut off at hop 4.
100000003632533100,peripheral,0.9,5,0.205639168751,Outgoing transfers not observed: graph cut off at hop 4.
100000003635170100,transit,0.860335195531,11,0.891431835667,Pass-through hypothesis: forwards 94% of 268K KZT received; 100% forwarded within 2 days.
100000003635660100,peripheral,0.9,0,0.279673470892,Single inflow of 19K KZT; 0 further outgoing transfers observed.
100000003636627100,peripheral,0.6,6,0.524777607327,"Limited role evidence: 1 payers, 1 recipients, 77K KZT received in observed graph."
100000003646145100,peripheral,0.9,31,0.30025337332,Outgoing transfers not observed: graph cut off at hop 4.
100000003647799100,peripheral,0.9,5,0.244189689088,Single inflow of 100K KZT; 0 further outgoing transfers observed.
100000003650146100,peripheral,0.9,4,0.310078269322,Single inflow of 14K KZT; 0 further outgoing transfers observed.
100000003664994100,peripheral,0.9,39,0.256719230114,Outgoing transfers not observed: graph cut off at hop 4.
100000003671721100,peripheral,0.9,7,0.387057690802,Single inflow of 5K KZT; 0 further outgoing transfers observed.
100000003677936100,peripheral,0.6,6,0.382566072852,"Limited role evidence: 1 payers, 1 recipients, 71K KZT received in observed graph."
100000003684369100,consolidator,1,2,0.604270492143,"Signs of consolidation: seed receives from 24 payers, 3.8M KZT observed in and 8.6M KZT observed out."
100000003692843100,peripheral,0.9,50,0.288208927033,Outgoing transfers not observed: graph cut off at hop 4.
100000003696422100,peripheral,0.9,30,0.295077647406,Outgoing transfers not observed: graph cut off at hop 4.
100000003701161100,peripheral,0.6,21,0.820878882946,"Limited role evidence: 4 payers, 3 recipients, 1.5M KZT received in observed graph."
100000003711830100,peripheral,0.9,3,0.312807790999,Single inflow of 50K KZT; 0 further outgoing transfers observed.
100000003713616100,peripheral,0.9,4,0.469841664709,Single inflow of 16K KZT; 0 further outgoing transfers observed.
100000003718221100,peripheral,0.6,21,0.715947777455,"Limited role evidence: 2 payers, 4 recipients, 350K KZT received in observed graph."
100000003718715100,peripheral,0.9,12,0.26233029746,Outgoing transfers not observed: graph cut off at hop 4.
100000003724440100,terminal,0.5,2,0.531259357537,Money stops here in the observed graph: receives 50K KZT from 2 payers; no outgoing transfers were traced.
100000003736419100,peripheral,0.6,0,0.360315288546,"Limited role evidence: 1 payers, 1 recipients, 23K KZT received in observed graph."
100000003739818100,peripheral,0.9,2,0.603069963284,Single inflow of 57K KZT; 0 further outgoing transfers observed.
100000003741418100,consolidator,0.9,5,0.77947307563,"Signs of consolidation: receives from 9 payers (1 seeds within 2 hops), 152K KZT in, forwards 26%."
100000003747133100,consolidator,0.5,44,0.800272721828,"Signs of consolidation: receives from 5 payers (1 seeds within 2 hops), 237K KZT in, forwards 105%."
100000003760160100,peripheral,0.9,5,0.247333821653,Single inflow of 104K KZT; 0 further outgoing transfers observed.
100000003770083100,peripheral,0.9,72,0.0845709468331,Known seed with 0 observed transfers in this graph.
100000003781406100,peripheral,0.9,10,0.530651261569,Single inflow of 45K KZT; 0 further outgoing transfers observed.
100000003782913100,peripheral,0.9,14,0.166313326055,Outgoing transfers not observed: graph cut off at hop 4.
100000003786516100,peripheral,0.9,0,0.137580791538,Outgoing transfers not observed: graph cut off at hop 4.
100000003792647100,peripheral,0.9,5,0.199447646162,Outgoing transfers not observed: graph cut off at hop 4.
100000003795588100,terminal,0.666666666667,0,0.458978859452,Money stops here in the observed graph: receives 400K KZT from 1 payers; no outgoing transfers were traced.
100000003796063100,distributor,0.75,5,0.67870880956,Fan-out hypothesis: sends 959K KZT to 15 recipients after receiving from 1 payers.
100000003798151100,terminal,0.583333333333,4,0.732622045322,Money stops here in the observed graph: receives 350K KZT from 1 payers; no outgoing transfers were traced.
100000003809101100,peripheral,0.6,11,0.760207489715,"Limited role evidence: 2 payers, 2 recipients, 166K KZT received in observed graph."
100000003814002100,peripheral,0.9,5,0.197926024204,Single inflow of 30K KZT; 0 further outgoing transfers observed.
100000003819173100,peripheral,0.9,3,0.143143487615,Outgoing transfers not observed: graph cut off at hop 4.
100000003823811100,peripheral,0.6,19,0.679911181134,"Limited role evidence: 1 payers, 3 recipients, 30K KZT received in observed graph."
100000003824464100,peripheral,0.9,21,0.518454791289,Single inflow of 200K KZT; 0 further outgoing transfers observed.
100000003831201100,peripheral,0.9,0,0.604451999576,Single inflow of 40K KZT; 0 further outgoing transfers observed.
100000003831324100,terminal,0.5,6,0.673609095642,Money stops here in the observed graph: receives 300K KZT from 2 payers; no outgoing transfers were traced.
100000003832231100,peripheral,0.9,2,0.570523008601,Single inflow of 35K KZT; 0 further outgoing transfers observed.
100000003834495100,terminal,1,0,0.592207158027,Possible holding point: receives 602K KZT from 3 payers; observed onward flow is 3%.
100000003835149100,peripheral,0.6,22,0.715913226548,"Limited role evidence: 1 payers, 2 recipients, 248K KZT received in observed graph."
100000003838587100,peripheral,0.9,14,0.203414090321,Outgoing transfers not observed: graph cut off at hop 4.
100000003843844100,peripheral,0.6,12,0.344905583887,"Limited role evidence: 1 payers, 1 recipients, 17K KZT received in observed graph."
100000003854444100,distributor,0.7,18,0.80032800328,Fan-out hypothesis: sends 2.3M KZT to 14 recipients after receiving from 1 payers.
100000003865939100,peripheral,0.9,67,0.638519194181,Single inflow of 81K KZT; 0 further outgoing transfers observed.
100000003873332100,peripheral,0.6,18,0.595883374564,"Limited role evidence: 1 payers, 4 recipients, 23K KZT received in observed graph."
100000003877908100,peripheral,0.9,2,0.579540795408,Single inflow of 40K KZT; 0 further outgoing transfers observed.
100000003880331100,distributor,0.8,3,0.52720308102,Fan-out hypothesis: sends 3.9M KZT to 16 recipients after receiving from 1 payers.
100000003886323100,terminal,0.5,4,0.725573660231,Possible holding point: receives 78K KZT from 2 payers; observed onward flow is 10%.
100000003888197100,peripheral,0.9,5,0.232131422438,Single inflow of 83K KZT; 0 further outgoing transfers observed.
100000003888271100,peripheral,0.6,41,0.544160666326,"Limited role evidence: 1 payers, 2 recipients, 12K KZT received in observed graph."
100000003888527100,peripheral,0.9,39,0.385330145436,Single inflow of 30K KZT; 0 further outgoing transfers observed.
100000003896956100,peripheral,0.6,4,0.305033836855,"Limited role evidence: 1 payers, 1 recipients, 10K KZT received in observed graph."
100000003899325100,peripheral,0.9,3,0.265092988009,Single inflow of 50K KZT; 0 further outgoing transfers observed.
100000003899899100,terminal,0.5,4,0.588924821832,Possible holding point: receives 218K KZT from 2 payers; observed onward flow is 5%.
100000003900547100,peripheral,0.9,4,0.48932837643,Single inflow of 24K KZT; 0 further outgoing transfers observed.
100000003904497100,peripheral,0.9,8,0.201721095863,Outgoing transfers not observed: graph cut off at hop 4.
100000003917461100,peripheral,0.6,10,0.517625569514,"Limited role evidence: 1 payers, 2 recipients, 10K KZT received in observed graph."
100000003920950100,terminal,0.538816666667,6,0.461397422963,Money stops here in the observed graph: receives 323K KZT from 1 payers; no outgoing transfers were traced.
100000003922499100,peripheral,0.9,10,0.627946616545,Single inflow of 50K KZT; 0 further outgoing transfers observed.
100000003923946100,peripheral,0.6,6,0.747769163085,"Limited role evidence: 1 payers, 4 recipients, 282K KZT received in observed graph."
100000003927792100,peripheral,0.9,15,0.388025116206,Single inflow of 13K KZT; 0 further outgoing transfers observed.
100000003934614100,peripheral,0.6,32,0.415113027535,"Limited role evidence: 2 payers, 1 recipients, 17K KZT received in observed graph."
100000003942602100,transit,1,1,0.622867633171,Pass-through hypothesis: forwards 100% of 30K KZT received; 100% forwarded within 2 days.
100000003943247100,peripheral,0.9,0,0.202141234895,Single inflow of 40K KZT; 0 further outgoing transfers observed.
100000003943483100,peripheral,0.9,10,0.533000723266,Single inflow of 10K KZT; 0 further outgoing transfers observed.
100000003946524100,transit,0.794534117841,2,0.845548230763,Pass-through hypothesis: forwards 108% of 134K KZT received; 0% forwarded within 2 days.
100000003950749100,peripheral,0.9,4,0.274084516126,Outgoing transfers not observed: graph cut off at hop 4.
100000003951827100,peripheral,0.6,0,0.223493695611,"Limited role evidence: 1 payers, 2 recipients, 9K KZT received in observed graph."
100000003962994100,peripheral,0.9,36,0.432526684817,Single inflow of 10K KZT; 0 further outgoing transfers observed.
100000003964910100,terminal,1,16,0.516264263766,Money stops here in the observed graph: receives 1.0M KZT from 2 payers; no outgoing transfers were traced.
100000003968044100,peripheral,0.6,3,0.411381529546,"Limited role evidence: 1 payers, 3 recipients, 40K KZT received in observed graph."
100000003970394100,peripheral,0.9,10,0.574669117478,Single inflow of 85K KZT; 0 further outgoing transfers observed.
100000003971049100,peripheral,0.9,0,0.454017349162,Single inflow of 56K KZT; 0 further outgoing transfers observed.
100000003975102100,peripheral,0.6,4,0.384313888083,"Limited role evidence: 1 payers, 2 recipients, 26K KZT received in observed graph."
100000003977183100,peripheral,0.6,6,0.425795707395,"Limited role evidence: 2 payers, 4 recipients, 124K KZT received in observed graph."
100000003980083100,peripheral,0.9,66,0.607077868531,Single inflow of 30K KZT; 0 further outgoing transfers observed.
100000003985389100,peripheral,0.9,3,0.248205886553,Outgoing transfers not observed: graph cut off at hop 4.
100000003986141100,peripheral,0.9,16,0.186386021164,Single inflow of 5K KZT; 0 further outgoing transfers observed.
100000003988112100,peripheral,0.6,19,0.650750215367,"Limited role evidence: 1 payers, 1 recipients, 92K KZT received in observed graph."
100000003989033100,peripheral,0.9,7,0.272971976911,Outgoing transfers not observed: graph cut off at hop 4.
100000003996562100,peripheral,0.9,0,0.325902584869,Single inflow of 8K KZT; 0 further outgoing transfers observed.
100000004004621100,terminal,0.75,12,0.644586333504,Money stops here in the observed graph: receives 75K KZT from 3 payers; no outgoing transfers were traced.
100000004005964100,peripheral,0.6,23,0.624007813112,"Limited role evidence: 3 payers, 3 recipients, 98K KZT received in observed graph."
100000004006327100,peripheral,0.9,9,0.291207945787,Outgoing transfers not observed: graph cut off at hop 4.
100000004007116100,peripheral,0.6,23,0.382303025277,"Limited role evidence: 3 payers, 4 recipients, 765K KZT received in observed graph."
100000004007197100,peripheral,0.9,23,0.193710813513,Single inflow of 10K KZT; 0 further outgoing transfers observed.
100000004013952100,peripheral,0.9,0,0.218457555362,Outgoing transfers not observed: graph cut off at hop 4.
100000004015047100,consolidator,0.9,6,0.988390895145,"Signs of consolidation: receives from 9 payers (4 seeds within 2 hops), 919K KZT in, forwards 8%."
100000004017410100,peripheral,0.6,32,0.59222097839,"Limited role evidence: 2 payers, 5 recipients, 194K KZT received in observed graph."
100000004019056100,peripheral,0.9,12,0.28134020666,Outgoing transfers not observed: graph cut off at hop 4.
100000004019124100,terminal,0.75,4,0.474580206476,Money stops here in the observed graph: receives 193K KZT from 3 payers; no outgoing transfers were traced.
100000004021459100,peripheral,0.9,73,0.0845709468331,Known seed with 0 observed transfers in this graph.
100000004030553100,peripheral,0.9,3,0.236016326455,Outgoing transfers not observed: graph cut off at hop 4.
100000004035925100,peripheral,0.9,62,0.243804100962,Outgoing transfers not observed: graph cut off at hop 4.
100000004041163100,peripheral,0.6,19,0.471575659577,"Limited role evidence: 1 payers, 2 recipients, 50K KZT received in observed graph."
100000004041294100,peripheral,0.9,24,0.156300473117,Outgoing transfers not observed: graph cut off at hop 4.
100000004047887100,peripheral,0.9,37,0.11470118072,Outgoing transfers not observed: graph cut off at hop 4.
100000004049912100,peripheral,0.9,18,0.208444702425,Outgoing transfers not observed: graph cut off at hop 4.
100000004058740100,peripheral,0.9,1,0.519353114879,Single inflow of 30K KZT; 0 further outgoing transfers observed.
100000004064431100,peripheral,0.6,23,0.297709044506,"Limited role evidence: 1 payers, 1 recipients, 26K KZT received in observed graph."
100000004066370100,peripheral,0.9,35,0.331404471348,Outgoing transfers not observed: graph cut off at hop 4.
100000004066647100,peripheral,0.9,18,0.313118749165,Single inflow of 51K KZT; 0 further outgoing transfers observed.
100000004070318100,coordinator,0.50078183975,0,0.872180070115,Bridge hypothesis: top 1% betweenness; links 4 payers and 19 recipients.
100000004070530100,peripheral,0.9,37,0.111170077993,Outgoing transfers not observed: graph cut off at hop 4.
100000004071070100,terminal,0.5,0,0.660479750865,Possible holding point: receives 41K KZT from 2 payers; observed onward flow is 15%.
100000004071080100,consolidator,0.9,0,0.906827719963,"Signs of consolidation: receives from 9 payers (1 seeds within 2 hops), 239K KZT in, forwards 19%."
100000004071444100,peripheral,0.6,0,0.440404291683,"Limited role evidence: 1 payers, 1 recipients, 247K KZT received in observed graph."
100000004076740100,peripheral,0.6,32,0.741688203399,"Limited role evidence: 3 payers, 6 recipients, 93K KZT received in observed graph."
100000004077081100,peripheral,0.6,2,0.353128699826,"Limited role evidence: 1 payers, 4 recipients, 140K KZT received in observed graph."
100000004094958100,transit,0.935897435897,46,0.762280544154,Pass-through hypothesis: forwards 103% of 39K KZT received; 100% forwarded within 2 days.
100000004096559100,peripheral,0.9,6,0.523533774664,Single inflow of 46K KZT; 0 further outgoing transfers observed.
100000004097972100,peripheral,0.6,0,0.465661004925,"Limited role evidence: 1 payers, 2 recipients, 119K KZT received in observed graph."
100000004099450100,peripheral,0.9,0,0.324589650391,Single inflow of 31K KZT; 0 further outgoing transfers observed.
100000004105288100,terminal,0.5,2,0.750542449245,Money stops here in the observed graph: receives 215K KZT from 2 payers; no outgoing transfers were traced.
100000004107228100,peripheral,0.9,2,0.126890740818,Outgoing transfers not observed: graph cut off at hop 4.
100000004114962100,terminal,0.5,5,0.449442809035,Money stops here in the observed graph: receives 165K KZT from 2 payers; no outgoing transfers were traced.
100000004130144100,peripheral,0.9,6,0.583272293397,Single inflow of 200K KZT; 0 further outgoing transfers observed.
100000004134060100,peripheral,0.9,17,0.538252461176,Single inflow of 88K KZT; 0 further outgoing transfers observed.
100000004135268100,transit,0.518159806295,51,0.859023084613,Pass-through hypothesis: forwards 81% of 1.2M KZT received; 85% forwarded within 2 days.
100000004140487100,distributor,0.5,2,0.445628388868,Fan-out hypothesis: sends 263K KZT to 10 recipients after receiving from 1 payers.
100000004140994100,peripheral,0.9,1,0.18528039213,Single inflow of 19K KZT; 0 further outgoing transfers observed.
100000004144536100,terminal,1,23,0.732138332619,Money stops here in the observed graph: receives 168K KZT from 4 payers; no outgoing transfers were traced.
100000004150593100,distributor,0.55,4,0.729429541486,Fan-out hypothesis: sends 871K KZT to 11 recipients after receiving from 1 payers.
100000004156082100,coordinator,0.500557173155,15,0.989054272565,Bridge hypothesis: top 1% betweenness; links 5 payers and 26 recipients.
100000004158362100,peripheral,0.9,0,0.434185128368,Single inflow of 12K KZT; 0 further outgoing transfers observed.
100000004159526100,peripheral,0.6,14,0.798213487753,"Limited role evidence: 4 payers, 4 recipients, 275K KZT received in observed graph."
100000004160650100,distributor,0.5,23,0.713121513238,Fan-out hypothesis: sends 1.5M KZT to 10 recipients after receiving from 2 payers.
100000004167082100,peripheral,0.9,12,0.234178218187,Outgoing transfers not observed: graph cut off at hop 4.
100000004174835100,peripheral,0.9,74,0.0845709468331,Known seed with 0 observed transfers in this graph.
100000004177936100,peripheral,0.9,3,0.210524667044,Outgoing transfers not observed: graph cut off at hop 4.
100000004180097100,peripheral,0.6,0,0.75758162076,"Limited role evidence: 3 payers, 3 recipients, 105K KZT received in observed graph."
100000004183610100,peripheral,0.6,12,0.406648055245,"Limited role evidence: 1 payers, 1 recipients, 22K KZT received in observed graph."
100000004184158100,peripheral,0.9,0,0.361766426653,Single inflow of 204K KZT; 0 further outgoing transfers observed.
100000004185681100,peripheral,0.9,2,0.359140557698,Single inflow of 10K KZT; 0 further outgoing transfers observed.
100000004186824100,terminal,0.752833333333,4,0.76959151614,Possible holding point: receives 452K KZT from 2 payers; observed onward flow is 2%.
100000004188160100,coordinator,0.501680506129,4,0.893187021758,Bridge hypothesis: top 1% betweenness; links 2 payers and 5 recipients.
100000004192107100,peripheral,0.9,2,0.476682744356,Single inflow of 25K KZT; 0 further outgoing transfers observed.
100000004192865100,peripheral,0.9,28,0.601826130621,Single inflow of 67K KZT; 0 further outgoing transfers observed.
100000004193835100,peripheral,0.6,4,0.403551833271,"Limited role evidence: 1 payers, 1 recipients, 47K KZT received in observed graph."
100000004200745100,peripheral,0.9,10,0.328357081324,Outgoing transfers not observed: graph cut off at hop 4.
100000004206046100,peripheral,0.9,4,0.455744894528,Single inflow of 11K KZT; 0 further outgoing transfers observed.
100000004209339100,peripheral,0.6,11,0.701747354552,"Limited role evidence: 1 payers, 2 recipients, 138K KZT received in observed graph."
100000004213658100,peripheral,0.9,1,0.509782513555,Single inflow of 25K KZT; 0 further outgoing transfers observed.
100000004217419100,terminal,0.5,3,0.566052121195,Possible holding point: receives 118K KZT from 2 payers; observed onward flow is 7%.
100000004218576100,peripheral,0.9,1,0.512442933418,Single inflow of 26K KZT; 0 further outgoing transfers observed.
100000004221668100,peripheral,0.6,26,0.732739518406,"Limited role evidence: 4 payers, 3 recipients, 1.1M KZT received in observed graph."
100000004222274100,peripheral,0.9,0,0.20965398418,Outgoing transfers not observed: graph cut off at hop 4.
100000004225615100,peripheral,0.9,8,0.491401430868,Single inflow of 90K KZT; 0 further outgoing transfers observed.
100000004226848100,terminal,0.50311,2,0.736560848755,Money stops here in the observed graph: receives 302K KZT from 1 payers; no outgoing transfers were traced.
100000004232712100,peripheral,0.9,5,0.206413109075,Outgoing transfers not observed: graph cut off at hop 4.
100000004235471100,peripheral,0.9,5,0.220247292361,Outgoing transfers not observed: graph cut off at hop 4.
100000004241142100,peripheral,0.9,0,0.214104141041,Outgoing transfers not observed: graph cut off at hop 4.
100000004254434100,peripheral,0.9,1,0.544817133565,Single inflow of 44K KZT; 0 further outgoing transfers observed.
100000004257714100,peripheral,0.9,1,0.234204476876,Single inflow of 52K KZT; 0 further outgoing transfers observed.
100000004260869100,peripheral,0.9,4,0.255509948358,Outgoing transfers not observed: graph cut off at hop 4.
100000004261340100,peripheral,0.9,0,0.239644171723,Outgoing transfers not observed: graph cut off at hop 4.
100000004263867100,peripheral,0.9,7,0.121207116566,Outgoing transfers not observed: graph cut off at hop 4.
100000004265639100,peripheral,0.9,3,0.238338147426,Outgoing transfers not observed: graph cut off at hop 4.
100000004268036100,peripheral,0.9,7,0.111895647046,Outgoing transfers not observed: graph cut off at hop 4.
100000004269433100,peripheral,0.6,59,0.0845709468331,"Limited role evidence: 0 payers, 1 recipients, 0 KZT received in observed graph."
100000004272302100,peripheral,0.9,44,0.141547235697,Outgoing transfers not observed: graph cut off at hop 4.
100000004278574100,peripheral,0.6,5,0.260912328224,"Limited role evidence: 1 payers, 1 recipients, 25K KZT received in observed graph."
100000004285800100,peripheral,0.6,0,0.500730175841,"Limited role evidence: 1 payers, 1 recipients, 5K KZT received in observed graph."
100000004286573100,peripheral,0.9,10,0.477166457058,Single inflow of 17K KZT; 0 further outgoing transfers observed.
100000004291560100,peripheral,0.9,0,0.20849860184,Single inflow of 47K KZT; 0 further outgoing transfers observed.
100000004291663100,peripheral,0.9,0,0.160702258708,Outgoing transfers not observed: graph cut off at hop 4.
100000004292885100,peripheral,0.9,1,0.276425685605,Single inflow of 113K KZT; 0 further outgoing transfers observed.
100000004299488100,consolidator,0.6,0,0.930322336931,"Signs of consolidation: receives from 6 payers (1 seeds within 2 hops), 1.7M KZT in, forwards 20%."
100000004315838100,peripheral,0.6,2,0.6319890727,"Limited role evidence: 2 payers, 1 recipients, 50K KZT received in observed graph."
100000004318918100,peripheral,0.9,11,0.609634635672,Single inflow of 76K KZT; 0 further outgoing transfers observed.
100000004321983100,peripheral,0.6,26,0.436672793694,"Limited role evidence: 1 payers, 2 recipients, 11K KZT received in observed graph."
100000004325327100,transit,0.971158055269,0,0.73384514744,Pass-through hypothesis: forwards 99% of 71K KZT received; 100% forwarded within 2 days.
100000004326224100,peripheral,0.9,5,0.235919583915,Outgoing transfers not observed: graph cut off at hop 4.
100000004330371100,peripheral,0.6,4,0.76836150384,"Limited role evidence: 2 payers, 2 recipients, 264K KZT received in observed graph."
100000004331458100,terminal,0.5,46,0.710993177348,Money stops here in the observed graph: receives 250K KZT from 2 payers; no outgoing transfers were traced.
100000004336228100,peripheral,0.9,3,0.314569887272,Single inflow of 51K KZT; 0 further outgoing transfers observed.
100000004336312100,transit,0.508792788807,32,0.768154198396,Pass-through hypothesis: forwards 80% of 90K KZT received; 52% forwarded within 2 days.
100000004340038100,peripheral,0.6,12,0.311874916502,"Limited role evidence: 1 payers, 1 recipients, 10K KZT received in observed graph."
100000004350094100,peripheral,0.9,18,0.252607672144,Outgoing transfers not observed: graph cut off at hop 4.
100000004351795100,coordinator,0.501455839534,0,0.872041866486,Bridge hypothesis: top 1% betweenness; links 3 payers and 14 recipients.
100000004356593100,peripheral,0.6,2,0.493889096194,"Limited role evidence: 1 payers, 1 recipients, 50K KZT received in observed graph."
100000004358004100,distributor,0.55,2,0.159101400003,Fan-out hypothesis: sends 981K KZT to 11 recipients after receiving from 0 payers.
100000004360785100,peripheral,0.9,4,0.567620732387,Single inflow of 95K KZT; 0 further outgoing transfers observed.
100000004368189100,terminal,0.641,13,0.418796154254,Possible holding point: receives 385K KZT from 1 payers; observed onward flow is 7%.
100000004377043100,peripheral,0.9,27,0.215555279148,Outgoing transfers not observed: graph cut off at hop 4.
100000004379306100,peripheral,0.9,3,0.240514854587,Outgoing transfers not observed: graph cut off at hop 4.
100000004386258100,peripheral,0.6,10,0.746594432236,"Limited role evidence: 3 payers, 3 recipients, 62K KZT received in observed graph."
100000004386286100,peripheral,0.9,10,0.333677921049,Outgoing transfers not observed: graph cut off at hop 4.
100000004386331100,transit,0.6875,10,0.653721593396,Pass-through hypothesis: forwards 88% of 20K KZT received; 0% forwarded within 2 days.
100000004388209100,peripheral,0.9,1,0.463622501394,Single inflow of 12K KZT; 0 further outgoing transfers observed.
100000004388353100,terminal,0.5,11,0.68915700393,Money stops here in the observed graph: receives 63K KZT from 2 payers; no outgoing transfers were traced.
100000004388983100,peripheral,0.6,63,0.0845709468331,"Limited role evidence: 0 payers, 2 recipients, 0 KZT received in observed graph."
100000004390333100,peripheral,0.6,0,0.637413565147,"Limited role evidence: 2 payers, 9 recipients, 65K KZT received in observed graph."
100000004394765100,terminal,1,4,0.834478120062,Possible holding point: receives 604K KZT from 3 payers; observed onward flow is 14%.
100000004398811100,peripheral,0.6,2,0.60376098143,"Limited role evidence: 1 payers, 3 recipients, 426K KZT received in observed graph."
100000004399686100,terminal,1,22,0.578455896919,Money stops here in the observed graph: receives 806K KZT from 1 payers; no outgoing transfers were traced.
100000004400305100,coordinator,0.502579172508,0,0.859465336226,Bridge hypothesis: top 1% betweenness; links 7 payers and 82 recipients.
100000004400361100,peripheral,0.9,4,0.46072022518,Single inflow of 10K KZT; 0 further outgoing transfers observed.
100000004400480100,peripheral,0.9,13,0.193933321356,Outgoing transfers not observed: graph cut off at hop 4.
100000004403548100,peripheral,0.9,3,0.204961970968,Outgoing transfers not observed: graph cut off at hop 4.
100000004403641100,peripheral,0.9,13,0.144691368262,Outgoing transfers not observed: graph cut off at hop 4.
100000004403675100,coordinator,0.502803839103,19,0.987510998705,Bridge hypothesis: top 1% betweenness; links 4 payers and 5 recipients.
100000004407753100,peripheral,0.6,27,0.466041064905,"Limited role evidence: 1 payers, 1 recipients, 250K KZT received in observed graph."
100000004408683100,terminal,0.5,4,0.684872691424,Money stops here in the observed graph: receives 113K KZT from 2 payers; no outgoing transfers were traced.
100000004410489100,peripheral,0.9,2,0.487669932879,Single inflow of 54K KZT; 0 further outgoing transfers observed.
100000004417753100,terminal,0.5,2,0.471071677009,Money stops here in the observed graph: receives 192K KZT from 2 payers; no outgoing transfers were traced.
100000004418967100,peripheral,0.9,9,0.252704414685,Outgoing transfers not observed: graph cut off at hop 4.
100000004420041100,peripheral,0.6,10,0.423681652547,"Limited role evidence: 1 payers, 7 recipients, 70K KZT received in observed graph."
100000004424023100,peripheral,0.6,6,0.679945732042,"Limited role evidence: 1 payers, 1 recipients, 50K KZT received in observed graph."
100000004433250100,peripheral,0.9,0,0.153688424525,Outgoing transfers not observed: graph cut off at hop 4.
100000004435304100,peripheral,0.9,1,0.414767518462,Single inflow of 26K KZT; 0 further outgoing transfers observed.
100000004441291100,peripheral,0.9,2,0.58579450963,Single inflow of 20K KZT; 0 further outgoing transfers observed.
100000004445291100,peripheral,0.9,24,0.351470256276,Single inflow of 20K KZT; 0 further outgoing transfers observed.
100000004449824100,peripheral,0.9,7,0.121207116566,Outgoing transfers not observed: graph cut off at hop 4.
100000004450649100,peripheral,0.6,5,0.42672213239,"Limited role evidence: 2 payers, 2 recipients, 193K KZT received in observed graph."
100000004451012100,peripheral,0.6,18,0.431870217579,"Limited role evidence: 1 payers, 3 recipients, 91K KZT received in observed graph."
100000004456564100,peripheral,0.9,14,0.530271201588,Single inflow of 10K KZT; 0 further outgoing transfers observed.
100000004463277100,peripheral,0.9,28,0.630641587315,Single inflow of 35K KZT; 0 further outgoing transfers observed.
100000004467157100,peripheral,0.6,32,0.547097493447,"Limited role evidence: 1 payers, 1 recipients, 20K KZT received in observed graph."
100000004472936100,peripheral,0.9,12,0.229437833704,Outgoing transfers not observed: graph cut off at hop 4.
100000004475818100,peripheral,0.6,5,0.371026069811,"Limited role evidence: 1 payers, 3 recipients, 13K KZT received in observed graph."
100000004479404100,peripheral,0.6,42,0.637068056074,"Limited role evidence: 2 payers, 1 recipients, 1.5M KZT received in observed graph."
100000004480280100,peripheral,0.6,2,0.727729636847,"Limited role evidence: 1 payers, 2 recipients, 147K KZT received in observed graph."
100000004486525100,consolidator,0.8,0,0.829364585781,"Signs of consolidation: receives from 8 payers (1 seeds within 2 hops), 361K KZT in, forwards 75%."
100000004488265100,peripheral,0.9,3,0.295774193697,Single inflow of 39K KZT; 0 further outgoing transfers observed.
100000004491749100,peripheral,0.9,6,0.408617456961,Single inflow of 50K KZT; 0 further outgoing transfers observed.
100000004491881100,peripheral,0.9,1,0.483972985797,Single inflow of 17K KZT; 0 further outgoing transfers observed.
100000004493586100,peripheral,0.9,0,0.173740389089,Single inflow of 8K KZT; 0 further outgoing transfers observed.
100000004494983100,peripheral,0.9,1,0.528785512574,Single inflow of 35K KZT; 0 further outgoing transfers observed.
100000004497606100,peripheral,0.9,1,0.478583044257,Single inflow of 16K KZT; 0 further outgoing transfers observed.
100000004500444100,peripheral,0.6,14,0.433114050242,"Limited role evidence: 2 payers, 1 recipients, 180K KZT received in observed graph."
100000004500781100,peripheral,0.9,14,0.247770545121,Outgoing transfers not observed: graph cut off at hop 4.
100000004502048100,peripheral,0.9,18,0.219086381875,Outgoing transfers not observed: graph cut off at hop 4.
100000004508696100,peripheral,0.6,36,0.500177361324,"Limited role evidence: 1 payers, 3 recipients, 7K KZT received in observed graph."
100000004509286100,peripheral,0.9,2,0.579540795408,Single inflow of 40K KZT; 0 further outgoing transfers observed.
100000004526651100,peripheral,0.9,8,0.144642996992,Outgoing transfers not observed: graph cut off at hop 4.
100000004527381100,peripheral,0.6,15,0.671204352493,"Limited role evidence: 1 payers, 1 recipients, 119K KZT received in observed graph."
100000004539443100,terminal,0.5,2,0.607133149983,Money stops here in the observed graph: receives 62K KZT from 2 payers; no outgoing transfers were traced.
100000004544958100,peripheral,0.6,11,0.728697062252,"Limited role evidence: 1 payers, 2 recipients, 168K KZT received in observed graph."
100000004549591100,peripheral,0.9,36,0.280953236499,Outgoing transfers not observed: graph cut off at hop 4.
100000004552204100,peripheral,0.6,31,0.544264319048,"Limited role evidence: 1 payers, 2 recipients, 22K KZT received in observed graph."
100000004553349100,peripheral,0.9,5,0.257146279328,Single inflow of 8K KZT; 0 further outgoing transfers observed.
100000004559194100,peripheral,0.9,4,0.615370086285,Single inflow of 282K KZT; 0 further outgoing transfers observed.
100000004564736100,peripheral,0.9,21,0.383671701886,Single inflow of 15K KZT; 0 further outgoing transfers observed.
100000004569484100,coordinator,0.503028505698,7,0.610076887286,Bridge hypothesis: top 1% betweenness; links 2 payers and 4 recipients.
100000004569637100,peripheral,0.9,3,0.227696467976,Outgoing transfers not observed: graph cut off at hop 4.
100000004571634100,peripheral,0.9,11,0.225471389545,Outgoing transfers not observed: graph cut off at hop 4.
100000004573782100,peripheral,0.9,6,0.513790418803,Single inflow of 15K KZT; 0 further outgoing transfers observed.
100000004580202100,peripheral,0.6,21,0.573701692073,"Limited role evidence: 1 payers, 3 recipients, 9K KZT received in observed graph."
100000004580254100,terminal,0.5,16,0.362581828065,Money stops here in the observed graph: receives 28K KZT from 2 payers; no outgoing transfers were traced.
100000004584730100,peripheral,0.9,42,0.157267898522,Outgoing transfers not observed: graph cut off at hop 4.
100000004586598100,peripheral,0.9,65,0.226729042571,Outgoing transfers not observed: graph cut off at hop 4.
100000004587414100,terminal,0.889338333333,5,0.446540532821,Money stops here in the observed graph: receives 534K KZT from 2 payers; no outgoing transfers were traced.
100000004588479100,peripheral,0.9,4,0.596021578193,Single inflow of 178K KZT; 0 further outgoing transfers observed.
100000004591973100,peripheral,0.6,10,0.517867425865,"Limited role evidence: 1 payers, 1 recipients, 10K KZT received in observed graph."
100000004592467100,peripheral,0.9,2,0.335162228027,Single inflow of 7K KZT; 0 further outgoing transfers observed.
100000004596284100,peripheral,0.9,4,0.30228496667,Outgoing transfers not observed: graph cut off at hop 4.
100000004601193100,peripheral,0.9,11,0.282259260795,Outgoing transfers not observed: graph cut off at hop 4.
100000004603109100,terminal,1,22,0.676787779114,Possible holding point: receives 2.7M KZT from 3 payers; observed onward flow is 15%.
100000004610802100,peripheral,0.9,58,0.247044976068,Outgoing transfers not observed: graph cut off at hop 4.
100000004611571100,peripheral,0.9,0,0.185349493944,Single inflow of 23K KZT; 0 further outgoing transfers observed.
100000004613582100,peripheral,0.6,6,0.51023167535,"Limited role evidence: 1 payers, 1 recipients, 5K KZT received in observed graph."
100000004616845100,peripheral,0.9,56,0.116200690097,Outgoing transfers not observed: graph cut off at hop 4.
100000004622227100,peripheral,0.6,0,0.588074869513,"Limited role evidence: 1 payers, 3 recipients, 25K KZT received in observed graph."
100000004629688100,peripheral,0.6,15,0.329841388302,"Limited role evidence: 1 payers, 1 recipients, 5K KZT received in observed graph."
100000004634420100,peripheral,0.9,1,0.199999078642,Single inflow of 26K KZT; 0 further outgoing transfers observed.
100000004635886100,peripheral,0.9,4,0.289900539455,Single inflow of 23K KZT; 0 further outgoing transfers observed.
100000004644615100,peripheral,0.6,7,0.418291711007,"Limited role evidence: 1 payers, 2 recipients, 51K KZT received in observed graph."
100000004652395100,peripheral,0.9,0,0.229776432596,Outgoing transfers not observed: graph cut off at hop 4.
100000004655046100,peripheral,0.9,7,0.218505926632,Outgoing transfers not observed: graph cut off at hop 4.
100000004657034100,peripheral,0.9,5,0.265369395267,Single inflow of 141K KZT; 0 further outgoing transfers observed.
100000004659919100,peripheral,0.6,48,0.550863542343,"Limited role evidence: 1 payers, 1 recipients, 110K KZT received in observed graph."
100000004662806100,peripheral,0.6,10,0.668198423557,"Limited role evidence: 2 payers, 2 recipients, 107K KZT received in observed graph."
100000004664515100,peripheral,0.9,0,0.5312731779,Single inflow of 38K KZT; 0 further outgoing transfers observed.
100000004664905100,terminal,0.548366666667,4,0.706570661212,Money stops here in the observed graph: receives 329K KZT from 2 payers; no outgoing transfers were traced.
100000004666651100,terminal,0.715416666667,64,0.666284303292,Money stops here in the observed graph: receives 429K KZT from 1 payers; no outgoing transfers were traced.
100000004670388100,peripheral,0.6,47,0.519284013065,"Limited role evidence: 1 payers, 2 recipients, 160K KZT received in observed graph."
100000004671609100,peripheral,0.9,13,0.326109890312,Single inflow of 100K KZT; 0 further outgoing transfers observed.
100000004673335100,peripheral,0.9,29,0.244481298746,Outgoing transfers not observed: graph cut off at hop 4.
100000004674178100,peripheral,0.9,24,0.160025060925,Outgoing transfers not observed: graph cut off at hop 4.
100000004674389100,peripheral,0.9,11,0.216619447093,Outgoing transfers not observed: graph cut off at hop 4.
100000004674412100,peripheral,0.9,11,0.259234536166,Outgoing transfers not observed: graph cut off at hop 4.
100000004674799100,peripheral,0.9,0,0.631401707275,Single inflow of 140K KZT; 0 further outgoing transfers observed.
100000004676985100,transit,0.600278983261,0,0.367778284524,Pass-through hypothesis: forwards 84% of 32K KZT received; 0% forwarded within 2 days.
100000004677680100,peripheral,0.6,11,0.77720653611,"Limited role evidence: 2 payers, 1 recipients, 63K KZT received in observed graph."
100000004679953100,terminal,0.75,3,0.743401928401,Possible holding point: receives 344K KZT from 3 payers; observed onward flow is 10%.
100000004687099100,peripheral,0.9,6,0.552763842245,Single inflow of 30K KZT; 0 further outgoing transfers observed.
100000004687282100,peripheral,0.9,4,0.558775700117,Single inflow of 20K KZT; 0 further outgoing transfers observed.
100000004689658100,terminal,0.760166666667,3,0.526905943217,Possible holding point: receives 456K KZT from 1 payers; observed onward flow is 2%.
100000004691350100,peripheral,0.9,47,0.282694602227,Outgoing transfers not observed: graph cut off at hop 4.
100000004692798100,terminal,0.5,10,0.804349728891,Possible holding point: receives 240K KZT from 2 payers; observed onward flow is 6%.
100000004697956100,transit,1,6,0.536939526699,Pass-through hypothesis: forwards 100% of 10K KZT received; 0% forwarded within 2 days.
100000004698193100,terminal,0.5,6,0.734453243409,Possible holding point: receives 223K KZT from 2 payers; observed onward flow is 17%.
100000004707703100,transit,0.920079398245,4,0.863998415265,Pass-through hypothesis: forwards 97% of 239K KZT received; 89% forwarded within 2 days.
100000004713684100,peripheral,0.9,0,0.199308060496,Single inflow of 38K KZT; 0 further outgoing transfers observed.
100000004714705100,peripheral,0.6,19,0.0845709468331,"Limited role evidence: 0 payers, 1 recipients, 0 KZT received in observed graph."
100000004715209100,peripheral,0.6,49,0.271450354953,"Limited role evidence: 1 payers, 5 recipients, 5K KZT received in observed graph."
100000004717647100,peripheral,0.6,42,0.497827899627,"Limited role evidence: 1 payers, 5 recipients, 300K KZT received in observed graph."
100000004722630100,peripheral,0.9,47,0.299672918077,Outgoing transfers not observed: graph cut off at hop 4.
100000004722765100,peripheral,0.6,44,0.564407498008,"Limited role evidence: 1 payers, 3 recipients, 230K KZT received in observed graph."
100000004723755100,peripheral,0.6,2,0.0845709468331,"Limited role evidence: 0 payers, 1 recipients, 0 KZT received in observed graph."
100000004726132100,terminal,0.581666666667,0,0.520755881716,Possible holding point: receives 349K KZT from 1 payers; observed onward flow is 7%.
100000004732589100,peripheral,0.9,7,0.536594017626,Single inflow of 228K KZT; 0 further outgoing transfers observed.
100000004737477100,transit,0.5414129602,0,0.694698969462,Pass-through hypothesis: forwards 82% of 50K KZT received; 37% forwarded within 2 days.
100000004737764100,terminal,1,2,0.552197207365,Money stops here in the observed graph: receives 600K KZT from 1 payers; no outgoing transfers were traced.
100000004739664100,transit,0.583333333333,1,0.629881467354,Pass-through hypothesis: forwards 83% of 12K KZT received; 0% forwarded within 2 days.
100000004741837100,peripheral,0.9,4,0.494511012526,Single inflow of 26K KZT; 0 further outgoing transfers observed.
100000004744306100,peripheral,0.6,19,0.708622985106,"Limited role evidence: 1 payers, 2 recipients, 69K KZT received in observed graph."
100000004746397100,peripheral,0.6,5,0.388785236167,"Limited role evidence: 1 payers, 1 recipients, 220K KZT received in observed graph."
100000004747154100,peripheral,0.9,49,0.16945745862,Outgoing transfers not observed: graph cut off at hop 4.
100000004750321100,terminal,0.5,7,0.3698375186,Money stops here in the observed graph: receives 50K KZT from 2 payers; no outgoing transfers were traced.
100000004750897100,peripheral,0.9,15,0.368192895412,Single inflow of 10K KZT; 0 further outgoing transfers observed.
100000004756901100,peripheral,0.9,4,0.604521101391,Single inflow of 153K KZT; 0 further outgoing transfers observed.
100000004759121100,consolidator,0.6,0,0.913737901424,"Signs of consolidation: receives from 6 payers (1 seeds within 2 hops), 710K KZT in, forwards 44%."
100000004765639100,peripheral,0.6,0,0.526159643619,"Limited role evidence: 1 payers, 2 recipients, 5K KZT received in observed graph."
100000004770073100,transit,0.99790842853,0,0.337788096982,Pass-through hypothesis: forwards 100% of 5K KZT received; 100% forwarded within 2 days.
100000004777215100,peripheral,0.9,20,0.276503079638,Outgoing transfers not observed: graph cut off at hop 4.
100000004779204100,peripheral,0.6,0,0.262328915424,"Limited role evidence: 1 payers, 1 recipients, 30K KZT received in observed graph."
100000004780083100,peripheral,0.9,58,0.138983558375,Outgoing transfers not observed: graph cut off at hop 4.
100000004780327100,peripheral,0.9,7,0.126987483358,Outgoing transfers not observed: graph cut off at hop 4.
100000004783447100,peripheral,0.9,1,0.512753891584,Single inflow of 26K KZT; 0 further outgoing transfers observed.
100000004784224100,peripheral,0.6,22,0.599407567109,"Limited role evidence: 1 payers, 1 recipients, 24K KZT received in observed graph."
100000004788983100,peripheral,0.9,0,0.228131809408,Outgoing transfers not observed: graph cut off at hop 4.
100000004790991100,peripheral,0.9,4,0.608321701195,Single inflow of 239K KZT; 0 further outgoing transfers observed.
100000004791226100,peripheral,0.9,0,0.212943230556,Outgoing transfers not observed: graph cut off at hop 4.
100000004792397100,peripheral,0.9,1,0.575014626551,Single inflow of 74K KZT; 0 further outgoing transfers observed.
100000004797167100,peripheral,0.9,3,0.238434889967,Outgoing transfers not observed: graph cut off at hop 4.
100000004798515100,peripheral,0.9,10,0.233646134214,Outgoing transfers not observed: graph cut off at hop 4.
100000004800452100,peripheral,0.9,5,0.209847469261,Outgoing transfers not observed: graph cut off at hop 4.
100000004800648100,peripheral,0.9,10,0.215603650419,Outgoing transfers not observed: graph cut off at hop 4.
100000004806903100,peripheral,0.9,2,0.569901092269,Single inflow of 18K KZT; 0 further outgoing transfers observed.
100000004813068100,peripheral,0.6,22,0.0845709468331,"Limited role evidence: 0 payers, 3 recipients, 0 KZT received in observed graph."
100000004816564100,peripheral,0.6,15,0.613158828217,"Limited role evidence: 1 payers, 1 recipients, 285K KZT received in observed graph."
100000004820260100,transit,0.798783091375,15,0.825888764506,Pass-through hypothesis: forwards 92% of 234K KZT received; 100% forwarded within 2 days.
100000004825069100,peripheral,0.9,1,0.422576023513,Single inflow of 30K KZT; 0 further outgoing transfers observed.
100000004840086100,peripheral,0.9,0,0.28342017128,Outgoing transfers not observed: graph cut off at hop 4.
100000004841728100,peripheral,0.9,1,0.55628803479,Single inflow of 52K KZT; 0 further outgoing transfers observed.
100000004847758100,distributor,0.75,2,0.754167991118,Fan-out hypothesis: sends 489K KZT to 15 recipients after receiving from 4 payers.
100000004848236100,peripheral,0.9,0,0.182033988879,Outgoing transfers not observed: graph cut off at hop 4.
100000004850609100,peripheral,0.9,0,0.158912521709,Outgoing transfers not observed: graph cut off at hop 4.
100000004856746100,peripheral,0.9,32,0.214200883582,Outgoing transfers not observed: graph cut off at hop 4.
100000004877085100,peripheral,0.6,12,0.385572001787,"Limited role evidence: 1 payers, 3 recipients, 25K KZT received in observed graph."
100000004889043100,terminal,0.5,0,0.372325183926,Money stops here in the observed graph: receives 272K KZT from 2 payers; no outgoing transfers were traced.
100000004890713100,peripheral,0.9,7,0.194175177707,Outgoing transfers not observed: graph cut off at hop 4.
100000004891562100,peripheral,0.9,7,0.174391328183,Outgoing transfers not observed: graph cut off at hop 4.
100000004892144100,terminal,1,22,0.632148006873,Possible holding point: receives 4.5M KZT from 2 payers; observed onward flow is 4%.
100000004904960100,terminal,0.5,0,0.645415555279,Money stops here in the observed graph: receives 32K KZT from 2 payers; no outgoing transfers were traced.
100000004905207100,terminal,0.633333333333,14,0.624685010895,Money stops here in the observed graph: receives 380K KZT from 1 payers; no outgoing transfers were traced.
100000004906181100,peripheral,0.6,34,0.333883844456,"Limited role evidence: 1 payers, 7 recipients, 100K KZT received in observed graph."
100000004908173100,peripheral,0.9,9,0.19702908265,Outgoing transfers not observed: graph cut off at hop 4.
100000004911971100,peripheral,0.9,34,0.119102966311,Outgoing transfers not observed: graph cut off at hop 4.
100000004917367100,terminal,0.5,5,0.373223507516,Money stops here in the observed graph: receives 120K KZT from 2 payers; no outgoing transfers were traced.
100000004921657100,peripheral,0.6,2,0.439367764464,"Limited role evidence: 1 payers, 1 recipients, 8K KZT received in observed graph."
100000004931931100,peripheral,0.6,0,0.361904630282,"Limited role evidence: 1 payers, 1 recipients, 24K KZT received in observed graph."
100000004948177100,terminal,0.75,4,0.710854973718,Money stops here in the observed graph: receives 437K KZT from 3 payers; no outgoing transfers were traced.
100000004950490100,peripheral,0.9,6,0.535902999479,Single inflow of 10K KZT; 0 further outgoing transfers observed.
100000004959752100,peripheral,0.9,3,0.478341187906,Single inflow of 22K KZT; 0 further outgoing transfers observed.
100000004962193100,consolidator,0.8,0,0.754181811481,"Signs of consolidation: receives from 8 payers (1 seeds within 2 hops), 900K KZT in, forwards 0%."
100000004970752100,peripheral,0.9,0,0.481934482266,Single inflow of 10K KZT; 0 further outgoing transfers observed.
100000004971871100,peripheral,0.6,57,0.337131169064,"Limited role evidence: 1 payers, 1 recipients, 25K KZT received in observed graph."
100000004975919100,peripheral,0.6,3,0.340033905957,"Limited role evidence: 1 payers, 2 recipients, 22K KZT received in observed graph."
100000004976946100,peripheral,0.9,38,0.162782223328,Outgoing transfers not observed: graph cut off at hop 4.
100000004979264100,peripheral,0.9,9,0.212604631664,Outgoing transfers not observed: graph cut off at hop 4.
100000004979283100,peripheral,0.9,7,0.321480068733,Single inflow of 40K KZT; 0 further outgoing transfers observed.
100000004979498100,peripheral,0.6,51,0.691243878731,"Limited role evidence: 1 payers, 1 recipients, 700K KZT received in observed graph."
100000004981068100,peripheral,0.9,3,0.22861552211,Outgoing transfers not observed: graph cut off at hop 4.
100000004984689100,peripheral,0.9,3,0.316228330823,Single inflow of 53K KZT; 0 further outgoing transfers observed.
100000004988240100,peripheral,0.9,0,0.208686558776,Outgoing transfers not observed: graph cut off at hop 4.
100000004991593100,peripheral,0.9,3,0.195916543435,Outgoing transfers not observed: graph cut off at hop 4.
100000004991812100,peripheral,0.9,21,0.361904630282,Single inflow of 10K KZT; 0 further outgoing transfers observed.
100000004993576100,peripheral,0.9,15,0.518765749455,Single inflow of 167K KZT; 0 further outgoing transfers observed.
100000004997515100,terminal,1,8,0.554339363618,Possible holding point: receives 395K KZT from 4 payers; observed onward flow is 14%.
100000005008589100,peripheral,0.9,0,0.255349632148,Single inflow of 43K KZT; 0 further outgoing transfers observed.
100000005010159100,peripheral,0.9,3,0.214297626122,Outgoing transfers not observed: graph cut off at hop 4.
100000005017150100,peripheral,0.9,75,0.0845709468331,Known seed with 0 observed transfers in this graph.
100000005022552100,peripheral,0.6,4,0.417116980159,"Limited role evidence: 1 payers, 1 recipients, 241K KZT received in observed graph."
100000005022964100,peripheral,0.9,2,0.538528868435,Single inflow of 20K KZT; 0 further outgoing transfers observed.
100000005025629100,peripheral,0.9,5,0.175262011047,Outgoing transfers not observed: graph cut off at hop 4.
100000005030592100,peripheral,0.9,15,0.370162297129,Single inflow of 10K KZT; 0 further outgoing transfers observed.
100000005031696100,peripheral,0.6,48,0.643425423018,"Limited role evidence: 1 payers, 2 recipients, 5K KZT received in observed graph."
100000005032294100,peripheral,0.9,14,0.530271201588,Single inflow of 10K KZT; 0 further outgoing transfers observed.
100000005034574100,peripheral,0.9,63,0.646880513749,Single inflow of 259K KZT; 0 further outgoing transfers observed.
100000005037490100,peripheral,0.6,12,0.383913558237,"Limited role evidence: 1 payers, 2 recipients, 15K KZT received in observed graph."
100000005041147100,peripheral,0.9,0,0.246948233527,Outgoing transfers not observed: graph cut off at hop 4.
100000005041905100,peripheral,0.6,1,0.156810444509,"Limited role evidence: 1 payers, 1 recipients, 5K KZT received in observed graph."
100000005042822100,peripheral,0.9,30,0.266877196862,Outgoing transfers not observed: graph cut off at hop 4.
100000005048668100,peripheral,0.6,3,0.323553123172,"Limited role evidence: 2 payers, 8 recipients, 17K KZT received in observed graph."
100000005049404100,peripheral,0.9,5,0.195529573273,Outgoing transfers not observed: graph cut off at hop 4.
100000005052998100,peripheral,0.6,0,0.227017888156,"Limited role evidence: 1 payers, 1 recipients, 10K KZT received in observed graph."
100000005053653100,peripheral,0.6,12,0.548479529739,"Limited role evidence: 2 payers, 1 recipients, 63K KZT received in observed graph."
100000005055454100,peripheral,0.9,28,0.43570536829,Single inflow of 6K KZT; 0 further outgoing transfers observed.
100000005056870100,peripheral,0.9,43,0.534140903207,Single inflow of 20K KZT; 0 further outgoing transfers observed.
100000005059998100,peripheral,0.9,0,0.417669794675,Single inflow of 18K KZT; 0 further outgoing transfers observed.
100000005061890100,peripheral,0.9,2,0.411174224102,Single inflow of 90K KZT; 0 further outgoing transfers observed.
100000005074393100,peripheral,0.6,12,0.814728821446,"Limited role evidence: 4 payers, 6 recipients, 563K KZT received in observed graph."
100000005075949100,peripheral,0.9,44,0.341078725394,Outgoing transfers not observed: graph cut off at hop 4.
100000005077484100,peripheral,0.6,28,0.691416633267,"Limited role evidence: 1 payers, 2 recipients, 150K KZT received in observed graph."
100000005079473100,peripheral,0.9,3,0.185081378904,Outgoing transfers not observed: graph cut off at hop 4.
100000005079754100,peripheral,0.6,2,0.699881605558,"Limited role evidence: 1 payers, 2 recipients, 70K KZT received in observed graph."
100000005082652100,peripheral,0.9,6,0.476613642541,Single inflow of 30K KZT; 0 further outgoing transfers observed.
100000005087431100,peripheral,0.9,76,0.0845709468331,Known seed with 0 observed transfers in this graph.
100000005087923100,peripheral,0.9,26,0.296722270593,Outgoing transfers not observed: graph cut off at hop 4.
100000005089460100,peripheral,0.9,1,0.170147094729,Single inflow of 12K KZT; 0 further outgoing transfers observed.
100000005092518100,peripheral,0.9,1,0.512442933418,Single inflow of 26K KZT; 0 further outgoing transfers observed.
100000005093521100,peripheral,0.9,2,0.518696647641,Single inflow of 15K KZT; 0 further outgoing transfers observed.
100000005100475100,peripheral,0.9,6,0.399496017432,Single inflow of 40K KZT; 0 further outgoing transfers observed.
100000005105153100,peripheral,0.9,0,0.526159643619,Single inflow of 30K KZT; 0 further outgoing transfers observed.
100000005124479100,terminal,0.5,0,0.755494745959,Possible holding point: receives 138K KZT from 2 payers; observed onward flow is 16%.
100000005127767100,peripheral,0.9,36,0.419224585504,Single inflow of 7K KZT; 0 further outgoing transfers observed.
100000005133757100,terminal,0.5,3,0.640578428256,Money stops here in the observed graph: receives 65K KZT from 2 payers; no outgoing transfers were traced.
100000005140601100,peripheral,0.6,3,0.680498546558,"Limited role evidence: 3 payers, 2 recipients, 53K KZT received in observed graph."
100000005142492100,peripheral,0.6,6,0.454639265494,"Limited role evidence: 1 payers, 1 recipients, 10K KZT received in observed graph."
100000005142589100,peripheral,0.9,0,0.498449815959,Single inflow of 50K KZT; 0 further outgoing transfers observed.
100000005146665100,peripheral,0.9,56,0.103672531107,Outgoing transfers not observed: graph cut off at hop 4.
100000005168487100,peripheral,0.6,11,0.571214026747,"Limited role evidence: 1 payers, 1 recipients, 15K KZT received in observed graph."
100000005171642100,transit,0.952640642939,26,0.719333766371,Pass-through hypothesis: forwards 98% of 697K KZT received; 96% forwarded within 2 days.
100000005172860100,peripheral,0.9,0,0.203315965744,Single inflow of 15K KZT; 0 further outgoing transfers observed.
100000005175148100,terminal,0.5,15,0.663312925264,Possible holding point: receives 79K KZT from 2 payers; observed onward flow is 19%.
100000005182219100,terminal,0.5,5,0.441012387652,Money stops here in the observed graph: receives 55K KZT from 2 payers; no outgoing transfers were traced.
100000005183943100,terminal,1,41,0.740568754002,Money stops here in the observed graph: receives 681K KZT from 1 payers; no outgoing transfers were traced.
100000005186109100,peripheral,0.9,15,0.368469302671,Single inflow of 5K KZT; 0 further outgoing transfers observed.
100000005186131100,transit,1,0,0.336958875207,Pass-through hypothesis: forwards 100% of 10K KZT received; 100% forwarded within 2 days.
100000005187208100,peripheral,0.9,5,0.290107844899,Single inflow of 14K KZT; 0 further outgoing transfers observed.
100000005189258100,peripheral,0.9,5,0.216522704553,Outgoing transfers not observed: graph cut off at hop 4.
100000005198498100,peripheral,0.9,1,0.205458121997,Single inflow of 29K KZT; 0 further outgoing transfers observed.
100000005198906100,peripheral,0.6,5,0.364254091979,"Limited role evidence: 1 payers, 1 recipients, 228K KZT received in observed graph."
100000005203590100,peripheral,0.9,6,0.536732221255,Single inflow of 90K KZT; 0 further outgoing transfers observed.
100000005205745100,peripheral,0.9,6,0.484767656665,Single inflow of 6K KZT; 0 further outgoing transfers observed.
100000005209352100,peripheral,0.9,0,0.221819358643,Outgoing transfers not observed: graph cut off at hop 4.
100000005222360100,peripheral,0.6,14,0.507502153673,"Limited role evidence: 1 payers, 1 recipients, 5K KZT received in observed graph."
100000005226217100,peripheral,0.9,8,0.219570094577,Outgoing transfers not observed: graph cut off at hop 4.
100000005228059100,peripheral,0.9,1,0.511510058921,Single inflow of 26K KZT; 0 further outgoing transfers observed.
100000005233755100,peripheral,0.6,16,0.319476116109,"Limited role evidence: 1 payers, 1 recipients, 25K KZT received in observed graph."
100000005235389100,peripheral,0.9,77,0.0845709468331,Known seed with 0 observed transfers in this graph.
100000005237935150,peripheral,0.9,13,0.426998539648,Single inflow of 35K KZT; 0 further outgoing transfers observed.
100000005241556100,peripheral,0.9,17,0.468943341119,Single inflow of 100K KZT; 0 further outgoing transfers observed.
100000005242320100,distributor,1,13,0.738896490088,Fan-out hypothesis: sends 8.9M KZT to 21 recipients after receiving from 2 payers.
100000005264874100,peripheral,0.6,35,0.515932575056,"Limited role evidence: 1 payers, 2 recipients, 30K KZT received in observed graph."
100000005264990100,peripheral,0.6,19,0.304459831115,"Limited role evidence: 1 payers, 2 recipients, 17K KZT received in observed graph."
100000005265073100,peripheral,0.6,19,0.403745779031,"Limited role evidence: 1 payers, 1 recipients, 5K KZT received in observed graph."
100000005268319100,peripheral,0.6,0,0.296534313658,"Limited role evidence: 1 payers, 5 recipients, 20K KZT received in observed graph."
100000005272139100,peripheral,0.9,4,0.325793404001,Outgoing transfers not observed: graph cut off at hop 4.
100000005287097100,peripheral,0.6,4,0.724965564262,"Limited role evidence: 2 payers, 9 recipients, 127K KZT received in observed graph."
100000005293969100,peripheral,0.9,0,0.194658890409,Outgoing transfers not observed: graph cut off at hop 4.
100000005308954100,peripheral,0.6,4,0.488844663728,"Limited role evidence: 1 payers, 1 recipients, 69K KZT received in observed graph."
100000005314565100,peripheral,0.9,0,0.342832529449,Single inflow of 218K KZT; 0 further outgoing transfers observed.
100000005316708100,peripheral,0.6,6,0.631954521792,"Limited role evidence: 1 payers, 2 recipients, 90K KZT received in observed graph."
100000005317181100,peripheral,0.6,0,0.464106214096,"Limited role evidence: 1 payers, 1 recipients, 141K KZT received in observed graph."
100000005326681100,peripheral,0.9,15,0.436327284621,Single inflow of 31K KZT; 0 further outgoing transfers observed.
100000005328215100,peripheral,0.9,7,0.433632313851,Single inflow of 27K KZT; 0 further outgoing transfers observed.
100000005339662100,peripheral,0.6,15,0.79247803714,"Limited role evidence: 4 payers, 4 recipients, 203K KZT received in observed graph."
100000005342513100,peripheral,0.6,1,0.411796140433,"Limited role evidence: 1 payers, 1 recipients, 235K KZT received in observed graph."
100000005357034100,peripheral,0.9,0,0.163927931414,Single inflow of 10K KZT; 0 further outgoing transfers observed.
100000005357705100,peripheral,0.6,3,0.401810928222,"Limited role evidence: 1 payers, 4 recipients, 53K KZT received in observed graph."
100000005360814100,peripheral,0.9,3,0.224842563032,Outgoing transfers not observed: graph cut off at hop 4.
100000005362848100,peripheral,0.9,7,0.299229284428,Single inflow of 29K KZT; 0 further outgoing transfers observed.
100000005363908100,transit,1,46,0.664155967402,Pass-through hypothesis: forwards 100% of 20K KZT received; 100% forwarded within 2 days.
100000005367180100,peripheral,0.9,3,0.24549709542,Outgoing transfers not observed: graph cut off at hop 4.
100000005367284100,peripheral,0.6,0,0.336993426114,"Limited role evidence: 1 payers, 2 recipients, 14K KZT received in observed graph."
100000005367445100,transit,1,9,0.518005629494,Pass-through hypothesis: forwards 100% of 5K KZT received; 100% forwarded within 2 days.
100000005370558100,peripheral,0.9,0,0.143240230155,Outgoing transfers not observed: graph cut off at hop 4.
100000005370580100,peripheral,0.9,12,0.203460618876,Single inflow of 24K KZT; 0 further outgoing transfers observed.
100000005375968100,peripheral,0.6,0,0.359451515863,"Limited role evidence: 1 payers, 2 recipients, 170K KZT received in observed graph."
100000005382566100,consolidator,0.7,19,0.594250729024,"Signs of consolidation: seed receives from 7 payers, 393K KZT observed in and 50K KZT observed out."
100000005386383100,peripheral,0.6,19,0.286921790566,"Limited role evidence: 2 payers, 1 recipients, 38K KZT received in observed graph."
100000005392290100,peripheral,0.6,67,0.0845709468331,"Limited role evidence: 0 payers, 1 recipients, 0 KZT received in observed graph."
100000005394708100,peripheral,0.6,19,0.633198354455,"Limited role evidence: 1 payers, 1 recipients, 26K KZT received in observed graph."
100000005395727100,peripheral,0.9,15,0.218635377365,Single inflow of 17K KZT; 0 further outgoing transfers observed.
100000005402643100,peripheral,0.6,8,0.569590134104,"Limited role evidence: 1 payers, 1 recipients, 128K KZT received in observed graph."
100000005409156100,terminal,0.5,5,0.458978859452,Money stops here in the observed graph: receives 260K KZT from 2 payers; no outgoing transfers were traced.
100000005409680100,terminal,0.5,18,0.316185027019,Money stops here in the observed graph: receives 55K KZT from 2 payers; no outgoing transfers were traced.
100000005413948100,terminal,0.5,9,0.696481796279,Possible holding point: receives 28K KZT from 2 payers; observed onward flow is 18%.
100000005417257100,peripheral,0.6,19,0.0845709468331,"Limited role evidence: 0 payers, 2 recipients, 0 KZT received in observed graph."
100000005432267100,terminal,0.583335,2,0.733658572541,Money stops here in the observed graph: receives 350K KZT from 2 payers; no outgoing transfers were traced.
100000005454368100,terminal,0.5,12,0.287162264881,Money stops here in the observed graph: receives 49K KZT from 2 payers; no outgoing transfers were traced.
100000005456919100,terminal,0.799916666667,40,0.749206480829,Possible holding point: receives 480K KZT from 2 payers; observed onward flow is 1%.
100000005473151100,terminal,1,7,0.780164093776,Possible holding point: receives 1.2M KZT from 3 payers; observed onward flow is 18%.
100000005474472100,peripheral,0.9,22,0.604866610464,Single inflow of 100K KZT; 0 further outgoing transfers observed.
100000005475379100,peripheral,0.6,11,0.477511966131,"Limited role evidence: 1 payers, 3 recipients, 108K KZT received in observed graph."
100000005480435100,peripheral,0.9,78,0.0845709468331,Known seed with 0 observed transfers in this graph.
100000005481280100,peripheral,0.6,15,0.521184312967,"Limited role evidence: 1 payers, 3 recipients, 33K KZT received in observed graph."
100000005485830100,peripheral,0.6,43,0.0845709468331,"Limited role evidence: 0 payers, 5 recipients, 0 KZT received in observed graph."
100000005493505100,terminal,0.75,12,0.43024448222,Money stops here in the observed graph: receives 62K KZT from 3 payers; no outgoing transfers were traced.
100000005495211100,peripheral,0.9,0,0.261507985866,Outgoing transfers not observed: graph cut off at hop 4.
100000005495722100,peripheral,0.9,79,0.0845709468331,Known seed with 0 observed transfers in this graph.
100000005496254100,peripheral,0.9,0,0.465695555832,Single inflow of 13K KZT; 0 further outgoing transfers observed.
100000005497148100,peripheral,0.9,5,0.214345997393,Outgoing transfers not observed: graph cut off at hop 4.
100000005498992100,distributor,0.8,8,0.159101400003,Fan-out hypothesis: sends 2.3M KZT to 16 recipients after receiving from 0 payers.
100000005505655100,peripheral,0.6,24,0.633129252641,"Limited role evidence: 2 payers, 1 recipients, 33K KZT received in observed graph."
100000005507142100,peripheral,0.6,35,0.676836150384,"Limited role evidence: 3 payers, 3 recipients, 51K KZT received in observed graph."
100000005514161100,terminal,1,6,0.862556490733,Possible holding point: receives 402K KZT from 4 payers; observed onward flow is 12%.
100000005519347100,peripheral,0.6,4,0.455101786973,"Limited role evidence: 2 payers, 1 recipients, 73K KZT received in observed graph."
100000005519998100,transit,0.917582417582,32,0.779348692363,Pass-through hypothesis: forwards 103% of 182K KZT received; 33% forwarded within 2 days.
100000005523088100,terminal,1,19,0.478753956079,Money stops here in the observed graph: receives 700K KZT from 1 payers; no outgoing transfers were traced.
100000005527892100,peripheral,0.6,17,0.683020762792,"Limited role evidence: 3 payers, 8 recipients, 220K KZT received in observed graph."
100000005530114100,terminal,0.5,16,0.490627490545,Possible holding point: receives 137K KZT from 2 payers; observed onward flow is 18%.
100000005532138100,peripheral,0.9,6,0.25044340331,Single inflow of 25K KZT; 0 further outgoing transfers observed.
100000005539201100,peripheral,0.6,4,0.609911042931,"Limited role evidence: 1 payers, 1 recipients, 46K KZT received in observed graph."
100000005539910100,peripheral,0.6,2,0.711559812227,"Limited role evidence: 1 payers, 2 recipients, 102K KZT received in observed graph."
100000005543136100,peripheral,0.6,12,0.0845709468331,"Limited role evidence: 0 payers, 1 recipients, 0 KZT received in observed graph."
100000005546031100,terminal,0.75,46,0.76727660535,Possible holding point: receives 67K KZT from 3 payers; observed onward flow is 12%.
100000005547096100,peripheral,0.6,46,0.636826199723,"Limited role evidence: 1 payers, 2 recipients, 8K KZT received in observed graph."
100000005550592100,peripheral,0.9,80,0.0845709468331,Known seed with 0 observed transfers in this graph.
100000005553088100,peripheral,0.9,3,0.139128672186,Outgoing transfers not observed: graph cut off at hop 4.
100000005560900100,peripheral,0.9,81,0.0845709468331,Known seed with 0 observed transfers in this graph.
100000005561741100,peripheral,0.9,7,0.487186220177,Single inflow of 25K KZT; 0 further outgoing transfers observed.
100000005567828100,peripheral,0.9,7,0.23267870881,Outgoing transfers not observed: graph cut off at hop 4.
100000005568407100,peripheral,0.9,82,0.0845709468331,Known seed with 0 observed transfers in this graph.
100000005572303100,peripheral,0.6,4,0.608494455731,"Limited role evidence: 1 payers, 1 recipients, 75K KZT received in observed graph."
100000005578559100,distributor,1,7,0.762252903428,Fan-out hypothesis: sends 893K KZT to 21 recipients after receiving from 2 payers.
100000005584222100,peripheral,0.6,0,0.755992279024,"Limited role evidence: 2 payers, 2 recipients, 193K KZT received in observed graph."
100000005588444100,peripheral,0.9,6,0.456988727191,Single inflow of 12K KZT; 0 further outgoing transfers observed.
100000005589319100,peripheral,0.9,2,0.16108922887,Outgoing transfers not observed: graph cut off at hop 4.
100000005602999100,peripheral,0.6,11,0.539427192025,"Limited role evidence: 1 payers, 2 recipients, 5K KZT received in observed graph."
100000005608515100,peripheral,0.9,6,0.468183221158,Single inflow of 64K KZT; 0 further outgoing transfers observed.
100000005610717100,peripheral,0.6,0,0.484145740334,"Limited role evidence: 4 payers, 1 recipients, 484K KZT received in observed graph."
100000005612411100,peripheral,0.6,2,0.732774069314,"Limited role evidence: 3 payers, 8 recipients, 116K KZT received in observed graph."
100000005614315100,terminal,0.758333333333,4,0.735869830608,Money stops here in the observed graph: receives 455K KZT from 1 payers; no outgoing transfers were traced.
100000005616568100,peripheral,0.9,5,0.261121015705,Outgoing transfers not observed: graph cut off at hop 4.
100000005619339100,transit,0.7787,4,0.556702645678,Pass-through hypothesis: forwards 109% of 5K KZT received; 0% forwarded within 2 days.
100000005620225100,terminal,0.5,0,0.610035426197,Money stops here in the observed graph: receives 50K KZT from 2 payers; no outgoing transfers were traced.
100000005621418100,peripheral,0.9,25,0.163991505084,Outgoing transfers not observed: graph cut off at hop 4.
100000005628518100,peripheral,0.9,18,0.40260559909,Single inflow of 77K KZT; 0 further outgoing transfers observed.
100000005634552100,peripheral,0.6,0,0.573425284815,"Limited role evidence: 1 payers, 3 recipients, 26K KZT received in observed graph."
100000005636951100,peripheral,0.9,26,0.322649271437,Outgoing transfers not observed: graph cut off at hop 4.
100000005660203100,terminal,0.954831666667,4,0.82103781712,Possible holding point: receives 573K KZT from 1 payers; observed onward flow is 7%.
100000005661528100,peripheral,0.9,3,0.228330822634,Single inflow of 25K KZT; 0 further outgoing transfers observed.
100000005661829100,transit,0.829849166446,18,0.459683697961,Pass-through hypothesis: forwards 107% of 38K KZT received; 84% forwarded within 2 days.
100000005664632100,peripheral,0.9,64,0.562852707179,Single inflow of 199K KZT; 0 further outgoing transfers observed.
100000005664922100,peripheral,0.6,22,0.67175716701,"Limited role evidence: 2 payers, 3 recipients, 22K KZT received in observed graph."
100000005665181100,distributor,0.55,5,0.72079181466,Fan-out hypothesis: sends 182K KZT to 11 recipients after receiving from 4 payers.
100000005667841100,terminal,0.5,9,0.3939540519,Money stops here in the observed graph: receives 186K KZT from 2 payers; no outgoing transfers were traced.
100000005668605100,terminal,0.75,19,0.46098096936,Money stops here in the observed graph: receives 94K KZT from 3 payers; no outgoing transfers were traced.
100000005669845100,peripheral,0.9,28,0.550379829641,Single inflow of 20K KZT; 0 further outgoing transfers observed.
100000005674387100,peripheral,0.9,1,0.201208360398,Single inflow of 26K KZT; 0 further outgoing transfers observed.
100000005685783100,peripheral,0.9,1,0.211008379747,Outgoing transfers not observed: graph cut off at hop 4.
100000005704413100,coordinator,0.502354505913,7,0.743374287675,Bridge hypothesis: top 1% betweenness; links 3 payers and 32 recipients.
100000005709551100,peripheral,0.9,12,0.301164135237,Single inflow of 25K KZT; 0 further outgoing transfers observed.
100000005711521100,peripheral,0.9,12,0.257493170437,Outgoing transfers not observed: graph cut off at hop 4.
100000005723580100,peripheral,0.9,9,0.213330200718,Outgoing transfers not observed: graph cut off at hop 4.
100000005730108100,peripheral,0.9,0,0.488706460098,Single inflow of 8K KZT; 0 further outgoing transfers observed.
100000005744674100,peripheral,0.6,19,0.0845709468331,"Limited role evidence: 0 payers, 1 recipients, 0 KZT received in observed graph."
100000005745873100,peripheral,0.9,38,0.160557144897,Outgoing transfers not observed: graph cut off at hop 4.
100000005754335100,peripheral,0.9,39,0.403849431753,Single inflow of 44K KZT; 0 further outgoing transfers observed.
100000005756189100,peripheral,0.6,5,0.291558983006,"Limited role evidence: 1 payers, 1 recipients, 65K KZT received in observed graph."
100000005756535100,peripheral,0.9,1,0.394797094038,Single inflow of 20K KZT; 0 further outgoing transfers observed.
100000005767403100,peripheral,0.9,32,0.352687830249,Outgoing transfers not observed: graph cut off at hop 4.
100000005778283100,terminal,1,6,0.763671794021,Money stops here in the observed graph: receives 616K KZT from 3 payers; no outgoing transfers were traced.
100000005782781100,consolidator,0.6,6,0.798061463761,"Signs of consolidation: receives from 6 payers (1 seeds within 2 hops), 172K KZT in, forwards 735%."
100000005782886100,peripheral,0.9,8,0.212217661502,Outgoing transfers not observed: graph cut off at hop 4.
100000005783452100,peripheral,0.9,13,0.198286735676,Outgoing transfers not observed: graph cut off at hop 4.
100000005799271100,peripheral,0.9,11,0.622902184078,Single inflow of 45K KZT; 0 further outgoing transfers observed.
100000005807278100,peripheral,0.9,43,0.480897955047,Single inflow of 8K KZT; 0 further outgoing transfers observed.
100000005809252100,peripheral,0.9,5,0.544264319048,Single inflow of 25K KZT; 0 further outgoing transfers observed.
100000005815602100,peripheral,0.6,4,0.526332398155,"Limited role evidence: 1 payers, 1 recipients, 20K KZT received in observed graph."
100000005820746100,terminal,1,22,0.623095669159,Possible holding point: receives 2.0M KZT from 1 payers; observed onward flow is 3%.
100000005830339100,consolidator,0.5,2,0.647281304274,"Signs of consolidation: receives from 5 payers (0 seeds within 2 hops), 476K KZT in, forwards 71%."
100000005834479100,peripheral,0.6,3,0.385053738178,"Limited role evidence: 1 payers, 2 recipients, 8K KZT received in observed graph."
100000005844459100,terminal,0.5,0,0.682177720654,Money stops here in the observed graph: receives 243K KZT from 2 payers; no outgoing transfers were traced.
100000005847078100,peripheral,0.9,1,0.178404761576,Single inflow of 16K KZT; 0 further outgoing transfers observed.
100000005849100100,peripheral,0.9,2,0.607146970346,Single inflow of 33K KZT; 0 further outgoing transfers observed.
100000005849862100,peripheral,0.9,6,0.225326275735,Outgoing transfers not observed: graph cut off at hop 4.
100000005852946100,peripheral,0.9,2,0.546959289818,Single inflow of 24K KZT; 0 further outgoing transfers observed.
100000005857058100,terminal,0.75,0,0.5022365954,Money stops here in the observed graph: receives 80K KZT from 3 payers; no outgoing transfers were traced.
100000005873152100,transit,1,11,0.605039365,Pass-through hypothesis: forwards 100% of 10K KZT received; 0% forwarded within 2 days.
100000005877725100,peripheral,0.9,1,0.571490434005,Single inflow of 70K KZT; 0 further outgoing transfers observed.
100000005878334100,peripheral,0.9,3,0.253381612468,Outgoing transfers not observed: graph cut off at hop 4.
100000005882013100,terminal,0.5,12,0.674991131934,Possible holding point: receives 135K KZT from 2 payers; observed onward flow is 7%.
100000005888829100,peripheral,0.9,8,0.212894859286,Outgoing transfers not observed: graph cut off at hop 4.
100000005893892100,peripheral,0.9,5,0.246228192619,Single inflow of 103K KZT; 0 further outgoing transfers observed.
100000005895525100,peripheral,0.9,43,0.631125300017,Single inflow of 120K KZT; 0 further outgoing transfers observed.
100000005897462100,peripheral,0.9,11,0.623109489522,Single inflow of 98K KZT; 0 further outgoing transfers observed.
100000005901606100,peripheral,0.9,1,0.530236650681,Single inflow of 36K KZT; 0 further outgoing transfers observed.
100000005904580100,terminal,0.5,10,0.635119384902,Money stops here in the observed graph: receives 72K KZT from 2 payers; no outgoing transfers were traced.
100000005910114100,coordinator,0.504376505266,0,0.705644696896,Bridge hypothesis: top 1% betweenness; links 3 payers and 19 recipients.
100000005910895100,peripheral,0.9,11,0.277954217744,Outgoing transfers not observed: graph cut off at hop 4.
100000005911352100,peripheral,0.6,36,0.647709735524,"Limited role evidence: 2 payers, 3 recipients, 15K KZT received in observed graph."
100000005931985100,peripheral,0.9,13,0.472122024591,Single inflow of 76K KZT; 0 further outgoing transfers observed.
100000005932987100,peripheral,0.9,32,0.559259412819,Single inflow of 25K KZT; 0 further outgoing transfers observed.
100000005933757100,coordinator,0.503477838887,14,0.851311322102,Bridge hypothesis: top 1% betweenness; links 4 payers and 34 recipients.
100000005939154100,peripheral,0.9,4,0.463346094135,Single inflow of 22K KZT; 0 further outgoing transfers observed.
100000005940652100,peripheral,0.9,9,0.504415605954,Single inflow of 8K KZT; 0 further outgoing transfers observed.
100000005941908100,peripheral,0.9,14,0.468045017529,Single inflow of 10K KZT; 0 further outgoing transfers observed.
100000005942793100,terminal,1,0,0.554615770877,Money stops here in the observed graph: receives 55K KZT from 4 payers; no outgoing transfers were traced.
100000005958064100,peripheral,0.6,14,0.511510058921,"Limited role evidence: 1 payers, 2 recipients, 6K KZT received in observed graph."
100000005961971100,peripheral,0.9,1,0.549308751514,Single inflow of 47K KZT; 0 further outgoing transfers observed.
100000005974542100,peripheral,0.9,21,0.460512919736,Single inflow of 94K KZT; 0 further outgoing transfers observed.
100000005979037100,peripheral,0.9,3,0.202736892537,Outgoing transfers not observed: graph cut off at hop 4.
100000005995391100,peripheral,0.9,1,0.18078877418,Single inflow of 17K KZT; 0 further outgoing transfers observed.
100000005996909100,peripheral,0.9,15,0.378696371233,Single inflow of 6K KZT; 0 further outgoing transfers observed.
100000006008169100,peripheral,0.9,10,0.564580252544,Single inflow of 70K KZT; 0 further outgoing transfers observed.
100000006020215100,transit,0.683333333333,12,0.502941433909,Pass-through hypothesis: forwards 113% of 30K KZT received; 0% forwarded within 2 days.
100000006030946100,peripheral,0.9,1,0.574807321107,Single inflow of 73K KZT; 0 further outgoing transfers observed.
100000006048193100,peripheral,0.9,0,0.328182944751,Single inflow of 42K KZT; 0 further outgoing transfers observed.
100000006069103100,transit,0.550057250741,53,0.860543324534,Pass-through hypothesis: forwards 118% of 229K KZT received; 17% forwarded within 2 days.
100000006100920100,peripheral,0.9,0,0.29971299713,Single inflow of 100K KZT; 0 further outgoing transfers observed.
100000006111439100,transit,0.58313077297,5,0.47060178467,Pass-through hypothesis: forwards 117% of 21K KZT received; 0% forwarded within 2 days.
100000006111442100,peripheral,0.9,9,0.293770241073,Single inflow of 64K KZT; 0 further outgoing transfers observed.
100000006122699100,terminal,0.5,4,0.603816262882,Money stops here in the observed graph: receives 46K KZT from 2 payers; no outgoing transfers were traced.
100000006126743100,peripheral,0.9,5,0.216721717779,Single inflow of 55K KZT; 0 further outgoing transfers observed.
100000006161893100,peripheral,0.9,4,0.581855706198,Single inflow of 14K KZT; 0 further outgoing transfers observed.
100000006165886100,peripheral,0.6,0,0.390236374274,"Limited role evidence: 2 payers, 1 recipients, 184K KZT received in observed graph."
100000006169033100,peripheral,0.6,39,0.489432029152,"Limited role evidence: 1 payers, 3 recipients, 49K KZT received in observed graph."
100000006171671100,peripheral,0.9,0,0.198867190919,Outgoing transfers not observed: graph cut off at hop 4.
100000006177176100,peripheral,0.9,4,0.448351000364,Single inflow of 9K KZT; 0 further outgoing transfers observed.
100000006209210100,peripheral,0.9,6,0.382980683739,Single inflow of 229K KZT; 0 further outgoing transfers observed.
100000006225798100,terminal,1,16,0.546150798587,Possible holding point: receives 722K KZT from 3 payers; observed onward flow is 4%.
100000006232642100,peripheral,0.9,39,0.267747879726,Outgoing transfers not observed: graph cut off at hop 4.
100000006232815100,peripheral,0.6,28,0.421898365051,"Limited role evidence: 1 payers, 5 recipients, 160K KZT received in observed graph."
100000006240939100,peripheral,0.6,26,0.60286265784,"Limited role evidence: 1 payers, 5 recipients, 160K KZT received in observed graph."
100000006248077100,peripheral,0.9,4,0.53486647226,Single inflow of 50K KZT; 0 further outgoing transfers observed.
100000006249740100,peripheral,0.6,52,0.0845709468331,"Limited role evidence: 0 payers, 3 recipients, 0 KZT received in observed graph."
100000006257675100,peripheral,0.9,20,0.282162518254,Outgoing transfers not observed: graph cut off at hop 4.
100000006274203100,terminal,1,18,0.620884411091,Possible holding point: receives 3.4M KZT from 2 payers; observed onward flow is 2%.
100000006288612100,peripheral,0.9,10,0.164136618894,Outgoing transfers not observed: graph cut off at hop 4.
100000006308406100,peripheral,0.9,20,0.313555472633,Outgoing transfers not observed: graph cut off at hop 4.
100000006326645100,peripheral,0.9,1,0.509160597224,Single inflow of 25K KZT; 0 further outgoing transfers observed.
100000006351075100,peripheral,0.9,38,0.122343841416,Outgoing transfers not observed: graph cut off at hop 4.
100000006369769100,peripheral,0.9,1,0.538321562991,Single inflow of 40K KZT; 0 further outgoing transfers observed.
100000006381453100,peripheral,0.9,8,0.224552335411,Outgoing transfers not observed: graph cut off at hop 4.
100000006385877100,peripheral,0.6,8,0.638380990551,"Limited role evidence: 1 payers, 1 recipients, 54K KZT received in observed graph."
100000006412162100,peripheral,0.9,7,0.132308323083,Outgoing transfers not observed: graph cut off at hop 4.
100000006416061100,peripheral,0.9,0,0.263926549378,Outgoing transfers not observed: graph cut off at hop 4.
100000006424479100,peripheral,0.6,12,0.759101860682,"Limited role evidence: 1 payers, 2 recipients, 500K KZT received in observed graph."
100000006443391100,peripheral,0.6,8,0.717364364655,"Limited role evidence: 3 payers, 2 recipients, 87K KZT received in observed graph."
100000006444163100,peripheral,0.9,0,0.31304964735,Single inflow of 6K KZT; 0 further outgoing transfers observed.
100000006445501100,peripheral,0.9,11,0.617650446167,Single inflow of 91K KZT; 0 further outgoing transfers observed.
100000006446271100,terminal,0.5,2,0.68991712389,Money stops here in the observed graph: receives 80K KZT from 2 payers; no outgoing transfers were traced.
100000006471232100,peripheral,0.9,1,0.222802677465,Single inflow of 42K KZT; 0 further outgoing transfers observed.
100000006476758100,peripheral,0.9,11,0.429555306789,Single inflow of 5K KZT; 0 further outgoing transfers observed.
100000006490557100,peripheral,0.9,6,0.369229422631,Single inflow of 5K KZT; 0 further outgoing transfers observed.
100000006490615100,peripheral,0.9,12,0.233452649133,Outgoing transfers not observed: graph cut off at hop 4.
100000006491272100,peripheral,0.9,1,0.201208360398,Single inflow of 26K KZT; 0 further outgoing transfers observed.
100000006491963100,peripheral,0.9,7,0.134001317541,Outgoing transfers not observed: graph cut off at hop 4.
100000006492770100,peripheral,0.6,0,0.379456491194,"Limited role evidence: 1 payers, 1 recipients, 269K KZT received in observed graph."
100000006512787100,peripheral,0.9,0,0.208783301316,Outgoing transfers not observed: graph cut off at hop 4.
100000006518161100,transit,0.992851733423,4,0.914857350821,Pass-through hypothesis: forwards 100% of 594K KZT received; 71% forwarded within 2 days.
100000006522972100,peripheral,0.9,5,0.269653707773,Single inflow of 10K KZT; 0 further outgoing transfers observed.
100000006523053100,peripheral,0.9,2,0.548617733368,Single inflow of 5K KZT; 0 further outgoing transfers observed.
100000006527156100,peripheral,0.9,44,0.201285754431,Outgoing transfers not observed: graph cut off at hop 4.
100000006530134100,terminal,0.5,5,0.354773323014,Money stops here in the observed graph: receives 145K KZT from 2 payers; no outgoing transfers were traced.
100000006532229100,peripheral,0.9,9,0.263365442643,Single inflow of 105K KZT; 0 further outgoing transfers observed.
100000006534886100,peripheral,0.6,4,0.640177637731,"Limited role evidence: 1 payers, 1 recipients, 72K KZT received in observed graph."
100000006557763100,peripheral,0.9,2,0.542744079126,Single inflow of 10K KZT; 0 further outgoing transfers observed.
100000006562026100,terminal,0.5,52,0.760055465723,Money stops here in the observed graph: receives 75K KZT from 2 payers; no outgoing transfers were traced.
100000006564102100,peripheral,0.9,2,0.601895232435,Single inflow of 233K KZT; 0 further outgoing transfers observed.
100000006567935100,peripheral,0.9,29,0.433217702964,Single inflow of 200K KZT; 0 further outgoing transfers observed.
100000006573438100,peripheral,0.9,39,0.275320056571,Single inflow of 5K KZT; 0 further outgoing transfers observed.
100000006579678100,peripheral,0.6,4,0.73346508746,"Limited role evidence: 2 payers, 6 recipients, 193K KZT received in observed graph."
100000006595426100,peripheral,0.9,0,0.499486343178,Single inflow of 85K KZT; 0 further outgoing transfers observed.
100000006612238100,peripheral,0.6,1,0.509022393595,"Limited role evidence: 1 payers, 1 recipients, 160K KZT received in observed graph."
100000006638021100,peripheral,0.9,45,0.248351000364,Outgoing transfers not observed: graph cut off at hop 4.
100000006641671100,transit,0.659090909091,3,0.517660120421,Pass-through hypothesis: forwards 114% of 22K KZT received; 80% forwarded within 2 days.
100000006656003100,peripheral,0.6,1,0.494096401638,"Limited role evidence: 1 payers, 1 recipients, 20K KZT received in observed graph."
100000006658598100,peripheral,0.9,4,0.448696509437,Single inflow of 9K KZT; 0 further outgoing transfers observed.
100000006664478100,transit,0.772727272727,26,0.632714641753,Pass-through hypothesis: forwards 109% of 55K KZT received; 67% forwarded within 2 days.
100000006679055100,peripheral,0.9,2,0.482694602227,Single inflow of 25K KZT; 0 further outgoing transfers observed.
100000006684930100,peripheral,0.9,12,0.471983820962,Single inflow of 10K KZT; 0 further outgoing transfers observed.
100000006687202100,peripheral,0.9,0,0.549965218753,Single inflow of 50K KZT; 0 further outgoing transfers observed.
100000006689603100,peripheral,0.9,3,0.17584246629,Outgoing transfers not observed: graph cut off at hop 4.
100000006693788100,peripheral,0.9,0,0.228712264651,Outgoing transfers not observed: graph cut off at hop 4.
100000006701983100,peripheral,0.9,1,0.202866803949,Single inflow of 27K KZT; 0 further outgoing transfers observed.
100000006704530100,transit,0.875138734739,25,0.529856590701,Pass-through hypothesis: forwards 95% of 450K KZT received; 0% forwarded within 2 days.
100000006706519100,peripheral,0.9,0,0.206461480345,Outgoing transfers not observed: graph cut off at hop 4.
100000006707582100,distributor,0.7,7,0.819538307743,Fan-out hypothesis: sends 961K KZT to 14 recipients after receiving from 2 payers.
100000006710485100,peripheral,0.9,1,0.188148117436,Single inflow of 20K KZT; 0 further outgoing transfers observed.
100000006714366100,peripheral,0.6,12,0.315813719935,"Limited role evidence: 1 payers, 1 recipients, 10K KZT received in observed graph."
100000006734214100,consolidator,0.5,5,0.691230058368,"Signs of consolidation: receives from 5 payers (0 seeds within 2 hops), 610K KZT in, forwards 6%."
100000006734554100,peripheral,0.6,28,0.596747147247,"Limited role evidence: 1 payers, 1 recipients, 16K KZT received in observed graph."
100000006735545100,peripheral,0.9,3,0.134436658973,Outgoing transfers not observed: graph cut off at hop 4.
100000006745291100,peripheral,0.9,11,0.612951522774,Single inflow of 83K KZT; 0 further outgoing transfers observed.
100000006746688100,peripheral,0.9,1,0.221558844802,Single inflow of 41K KZT; 0 further outgoing transfers observed.
100000006755850100,terminal,0.739126333333,5,0.772562894168,Money stops here in the observed graph: receives 443K KZT from 1 payers; no outgoing transfers were traced.
100000006756956100,peripheral,0.9,0,0.227164384003,Outgoing transfers not observed: graph cut off at hop 4.
100000006787636100,peripheral,0.9,53,0.543573300902,Single inflow of 20K KZT; 0 further outgoing transfers observed.
100000006788200100,peripheral,0.6,6,0.698430467451,"Limited role evidence: 4 payers, 3 recipients, 272K KZT received in observed graph."
100000006789108100,peripheral,0.9,11,0.568449954162,Single inflow of 38K KZT; 0 further outgoing transfers observed.
100000006831291100,peripheral,0.6,52,0.0845709468331,"Limited role evidence: 0 payers, 1 recipients, 0 KZT received in observed graph."
100000006844004100,peripheral,0.9,0,0.413316380355,Single inflow of 21K KZT; 0 further outgoing transfers observed.
100000006844768100,peripheral,0.6,0,0.713529213944,"Limited role evidence: 1 payers, 2 recipients, 282K KZT received in observed graph."
100000006852430100,peripheral,0.9,11,0.662497523852,Single inflow of 37K KZT; 0 further outgoing transfers observed.
100000006866783100,consolidator,1,0,0.541774811007,"Signs of consolidation: seed receives from 13 payers, 839K KZT observed in and 3.9M KZT observed out."
100000006866831100,peripheral,0.9,0,0.239886028074,Outgoing transfers not observed: graph cut off at hop 4.
100000006882208100,peripheral,0.9,4,0.505429099235,Single inflow of 18K KZT; 0 further outgoing transfers observed.
100000006888238100,peripheral,0.6,57,0.606905113995,"Limited role evidence: 1 payers, 1 recipients, 18K KZT received in observed graph."
100000006889963100,peripheral,0.6,5,0.782239451608,"Limited role evidence: 4 payers, 1 recipients, 1.4M KZT received in observed graph."
100000006894637100,peripheral,0.9,0,0.281608321701,Single inflow of 53K KZT; 0 further outgoing transfers observed.
100000006901046100,peripheral,0.6,4,0.659940756711,"Limited role evidence: 1 payers, 1 recipients, 76K KZT received in observed graph."
100000006903193100,peripheral,0.9,0,0.19910904727,Outgoing transfers not observed: graph cut off at hop 4.
100000006912294100,peripheral,0.6,8,0.601929783343,"Limited role evidence: 1 payers, 2 recipients, 6K KZT received in observed graph."
100000006918814100,peripheral,0.9,2,0.15480096374,Outgoing transfers not observed: graph cut off at hop 4.
100000006919124100,peripheral,0.9,0,0.187906261085,Single inflow of 25K KZT; 0 further outgoing transfers observed.
100000006952718100,peripheral,0.9,4,0.553523962206,Single inflow of 71K KZT; 0 further outgoing transfers observed.
100000006965162100,peripheral,0.9,27,0.294979522829,Single inflow of 10K KZT; 0 further outgoing transfers observed.
100000006967370100,peripheral,0.6,16,0.338479115128,"Limited role evidence: 1 payers, 1 recipients, 33K KZT received in observed graph."
100000006972210100,terminal,0.814625,8,0.749367718396,Money stops here in the observed graph: receives 489K KZT from 3 payers; no outgoing transfers were traced.
100000006977207100,distributor,0.75,3,0.742420682634,Fan-out hypothesis: sends 4.2M KZT to 15 recipients after receiving from 1 payers.
100000006989106100,peripheral,0.9,6,0.629950569169,Single inflow of 64K KZT; 0 further outgoing transfers observed.
100000006989232100,peripheral,0.9,0,0.230887589775,Single inflow of 22K KZT; 0 further outgoing transfers observed.
100000006994985100,peripheral,0.6,6,0.655483689668,"Limited role evidence: 1 payers, 1 recipients, 48K KZT received in observed graph."
100000007005380100,peripheral,0.9,5,0.268686282368,Single inflow of 9K KZT; 0 further outgoing transfers observed.
100000007018630100,peripheral,0.6,60,0.0845709468331,"Limited role evidence: 0 payers, 1 recipients, 0 KZT received in observed graph."
100000007020162100,peripheral,0.9,14,0.290107844899,Single inflow of 86K KZT; 0 further outgoing transfers observed.
100000007022818100,peripheral,0.9,1,0.18078877418,Single inflow of 17K KZT; 0 further outgoing transfers observed.
100000007034089100,peripheral,0.9,8,0.192482183249,Outgoing transfers not observed: graph cut off at hop 4.
100000007042175100,peripheral,0.9,0,0.246754748446,Outgoing transfers not observed: graph cut off at hop 4.
100000007055802100,consolidator,0.6,0,0.913565146887,"Signs of consolidation: receives from 6 payers (1 seeds within 2 hops), 2.0M KZT in, forwards 30%."
100000007071852100,peripheral,0.9,3,0.263249351595,Outgoing transfers not observed: graph cut off at hop 4.
100000007129492100,peripheral,0.6,11,0.679208646019,"Limited role evidence: 2 payers, 1 recipients, 51K KZT received in observed graph."
100000007131370100,transit,1,15,0.536524915811,Pass-through hypothesis: forwards 100% of 30K KZT received; 0% forwarded within 2 days.
100000007138613100,terminal,1,0,0.55458121997,Possible holding point: receives 1.0M KZT from 3 payers; observed onward flow is 18%.
100000007140834100,peripheral,0.9,6,0.467423101197,Single inflow of 10K KZT; 0 further outgoing transfers observed.
100000007153161100,peripheral,0.9,0,0.223052826034,Outgoing transfers not observed: graph cut off at hop 4.
100000007170072100,transit,0.9875,3,0.491194125424,Pass-through hypothesis: forwards 100% of 100K KZT received; 100% forwarded within 2 days.
100000007173936100,peripheral,0.9,29,0.276218380161,Single inflow of 10K KZT; 0 further outgoing transfers observed.
100000007175718100,peripheral,0.9,43,0.534140903207,Single inflow of 20K KZT; 0 further outgoing transfers observed.
100000007181706100,terminal,0.5,2,0.715761202556,Money stops here in the observed graph: receives 176K KZT from 2 payers; no outgoing transfers were traced.
100000007197866100,peripheral,0.6,3,0.322862105026,"Limited role evidence: 1 payers, 1 recipients, 20K KZT received in observed graph."
100000007229557100,terminal,1,17,0.491664017764,Money stops here in the observed graph: receives 878K KZT from 3 payers; no outgoing transfers were traced.
100000007242833100,peripheral,0.6,10,0.75129335563,"Limited role evidence: 1 payers, 1 recipients, 108K KZT received in observed graph."
100000007267915100,peripheral,0.6,16,0.28803479046,"Limited role evidence: 2 payers, 1 recipients, 21K KZT received in observed graph."
100000007274584100,peripheral,0.9,2,0.576327561028,Single inflow of 38K KZT; 0 further outgoing transfers observed.
100000007281639100,terminal,0.5,4,0.718248867882,Money stops here in the observed graph: receives 217K KZT from 2 payers; no outgoing transfers were traced.
100000007283257100,peripheral,0.9,63,0.636998954259,Single inflow of 192K KZT; 0 further outgoing transfers observed.
100000007289427100,peripheral,0.9,2,0.556495340234,Single inflow of 12K KZT; 0 further outgoing transfers observed.
100000007303047100,peripheral,0.9,1,0.23441178232,Single inflow of 52K KZT; 0 further outgoing transfers observed.
100000007311010100,peripheral,0.6,2,0.689378129736,"Limited role evidence: 2 payers, 1 recipients, 64K KZT received in observed graph."
100000007322059100,peripheral,0.6,31,0.646154944696,"Limited role evidence: 2 payers, 1 recipients, 29K KZT received in observed graph."
100000007330432100,peripheral,0.9,50,0.288305669574,Outgoing transfers not observed: graph cut off at hop 4.
100000007333038100,peripheral,0.6,13,0.302822578788,"Limited role evidence: 1 payers, 2 recipients, 18K KZT received in observed graph."
100000007334196100,peripheral,0.9,11,0.641421470394,Single inflow of 150K KZT; 0 further outgoing transfers observed.
100000007337374100,peripheral,0.9,1,0.398252184769,Single inflow of 20K KZT; 0 further outgoing transfers observed.
100000007347733100,peripheral,0.9,52,0.569831990455,Single inflow of 23K KZT; 0 further outgoing transfers observed.
100000007357489100,peripheral,0.9,8,0.193256123572,Outgoing transfers not observed: graph cut off at hop 4.
100000007381662100,peripheral,0.9,0,0.141934205859,Outgoing transfers not observed: graph cut off at hop 4.
100000007382152100,peripheral,0.9,0,0.350848339944,Single inflow of 6K KZT; 0 further outgoing transfers observed.
100000007382543100,peripheral,0.6,27,0.667472854504,"Limited role evidence: 3 payers, 5 recipients, 218K KZT received in observed graph."
100000007390016100,peripheral,0.6,68,0.474402384473,"Limited role evidence: 1 payers, 1 recipients, 511K KZT received in observed graph."
100000007392365100,peripheral,0.6,38,0.251652685066,"Limited role evidence: 1 payers, 6 recipients, 10K KZT received in observed graph."
100000007442518100,consolidator,0.5,29,0.83489273095,"Signs of consolidation: receives from 5 payers (1 seeds within 2 hops), 510K KZT in, forwards 867%."
100000007472293100,peripheral,0.6,45,0.272486882172,"Limited role evidence: 1 payers, 3 recipients, 5K KZT received in observed graph."
100000007484343100,terminal,0.5,0,0.313312234246,Money stops here in the observed graph: receives 27K KZT from 2 payers; no outgoing transfers were traced.
100000007487729100,peripheral,0.9,0,0.311944018317,Single inflow of 25K KZT; 0 further outgoing transfers observed.
100000007507343100,terminal,0.616666666667,51,0.738910310451,Money stops here in the observed graph: receives 370K KZT from 1 payers; no outgoing transfers were traced.
100000007510567100,peripheral,0.9,7,0.205687540021,Outgoing transfers not observed: graph cut off at hop 4.
100000007510875100,peripheral,0.9,8,0.381805952891,Single inflow of 5K KZT; 0 further outgoing transfers observed.
100000007511163100,peripheral,0.6,4,0.645152968384,"Limited role evidence: 2 payers, 3 recipients, 64K KZT received in observed graph."
100000007511780100,peripheral,0.9,0,0.265329316215,Outgoing transfers not observed: graph cut off at hop 4.
100000007534354100,peripheral,0.6,7,0.513375807915,"Limited role evidence: 1 payers, 3 recipients, 50K KZT received in observed graph."
100000007536804100,peripheral,0.6,6,0.613607990012,"Limited role evidence: 1 payers, 2 recipients, 100K KZT received in observed graph."
100000007539296100,peripheral,0.9,5,0.248737970526,Outgoing transfers not observed: graph cut off at hop 4.
100000007544358100,transit,0.786821705426,4,0.805780136453,Pass-through hypothesis: forwards 109% of 322K KZT received; 29% forwarded within 2 days.
100000007591246100,peripheral,0.6,12,0.358311335922,"Limited role evidence: 1 payers, 1 recipients, 12K KZT received in observed graph."
100000007593823100,distributor,0.65,0,0.490406364738,Fan-out hypothesis: sends 163K KZT to 13 recipients after receiving from 3 payers.
100000007594394100,consolidator,0.6,18,0.791289485929,"Signs of consolidation: receives from 6 payers (1 seeds within 2 hops), 395K KZT in, forwards 854%."
100000007597382100,peripheral,0.9,5,0.180926977809,Single inflow of 16K KZT; 0 further outgoing transfers observed.
100000007617808100,terminal,0.75,4,0.72481354027,Money stops here in the observed graph: receives 450K KZT from 1 payers; no outgoing transfers were traced.
100000007618425100,peripheral,0.9,16,0.280433590853,Single inflow of 39K KZT; 0 further outgoing transfers observed.
100000007629096100,peripheral,0.6,0,0.696564718456,"Limited role evidence: 4 payers, 1 recipients, 1.1M KZT received in observed graph."
100000007629121100,peripheral,0.9,2,0.592290080204,Single inflow of 29K KZT; 0 further outgoing transfers observed.
100000007631637100,peripheral,0.9,1,0.477581067946,Single inflow of 15K KZT; 0 further outgoing transfers observed.
100000007639767100,coordinator,0.501905172724,0,0.821113829116,Bridge hypothesis: top 1% betweenness; links 4 payers and 10 recipients.
100000007641183100,peripheral,0.9,4,0.499486343178,Single inflow of 28K KZT; 0 further outgoing transfers observed.
100000007641801100,peripheral,0.9,6,0.583272293397,Single inflow of 200K KZT; 0 further outgoing transfers observed.
100000007647294100,terminal,0.641666666667,33,0.49954162463,Money stops here in the observed graph: receives 385K KZT from 1 payers; no outgoing transfers were traced.
100000007648946100,peripheral,0.6,12,0.55283294406,"Limited role evidence: 1 payers, 1 recipients, 20K KZT received in observed graph."
100000007653003100,peripheral,0.9,16,0.314915396345,Single inflow of 100K KZT; 0 further outgoing transfers observed.
100000007653094100,peripheral,0.9,12,0.317763773143,Outgoing transfers not observed: graph cut off at hop 4.
100000007689942100,peripheral,0.6,18,0.44057704622,"Limited role evidence: 1 payers, 2 recipients, 5K KZT received in observed graph."
100000007731977100,peripheral,0.9,0,0.179180083936,Outgoing transfers not observed: graph cut off at hop 4.
100000007737775100,peripheral,0.9,11,0.350364627242,Single inflow of 6K KZT; 0 further outgoing transfers observed.
100000007745062100,peripheral,0.9,10,0.330243560863,Outgoing transfers not observed: graph cut off at hop 4.
100000007747786100,distributor,1,6,0.159101400003,Fan-out hypothesis: sends 4.2M KZT to 31 recipients after receiving from 0 payers.
100000007749092100,peripheral,0.6,4,0.539565395654,"Limited role evidence: 1 payers, 1 recipients, 8K KZT received in observed graph."
100000007749747100,peripheral,0.9,9,0.218989639335,Outgoing transfers not observed: graph cut off at hop 4.
100000007754369100,peripheral,0.9,0,0.308765334844,Single inflow of 82K KZT; 0 further outgoing transfers observed.
100000007777377100,terminal,0.760483333333,4,0.815475121043,Possible holding point: receives 456K KZT from 1 payers; observed onward flow is 2%.
100000007793871100,peripheral,0.9,7,0.404125839011,Single inflow of 26K KZT; 0 further outgoing transfers observed.
100000007797290100,peripheral,0.6,0,0.552349231357,"Limited role evidence: 1 payers, 1 recipients, 100K KZT received in observed graph."
100000007811950100,peripheral,0.9,24,0.26658696924,Outgoing transfers not observed: graph cut off at hop 4.
100000007841978100,peripheral,0.9,5,0.279743954743,Outgoing transfers not observed: graph cut off at hop 4.
100000007861311100,peripheral,0.9,6,0.576811273731,Single inflow of 45K KZT; 0 further outgoing transfers observed.
100000007863304100,peripheral,0.9,5,0.192086920869,Single inflow of 25K KZT; 0 further outgoing transfers observed.
100000007864477100,peripheral,0.6,0,0.445517825965,"Limited role evidence: 2 payers, 6 recipients, 76K KZT received in observed graph."
100000007865484100,peripheral,0.9,38,0.177487089478,Outgoing transfers not observed: graph cut off at hop 4.
100000007867364100,peripheral,0.9,18,0.263974920648,Outgoing transfers not observed: graph cut off at hop 4.
100000007898453100,peripheral,0.6,2,0.636031528855,"Limited role evidence: 1 payers, 2 recipients, 25K KZT received in observed graph."
100000007908818100,peripheral,0.6,3,0.799065743466,"Limited role evidence: 4 payers, 6 recipients, 727K KZT received in observed graph."
100000007930878100,peripheral,0.9,41,0.545577253525,Single inflow of 5K KZT; 0 further outgoing transfers observed.
100000007938486100,peripheral,0.9,1,0.53756144303,Single inflow of 40K KZT; 0 further outgoing transfers observed.
100000007939160100,terminal,1,41,0.802311225359,Possible holding point: receives 795K KZT from 1 payers; observed onward flow is 2%.
100000007953156100,peripheral,0.6,14,0.628084820174,"Limited role evidence: 1 payers, 1 recipients, 18K KZT received in observed graph."
100000007960337100,peripheral,0.9,3,0.164136618894,Outgoing transfers not observed: graph cut off at hop 4.
100000007982728100,peripheral,0.6,6,0.0845709468331,"Limited role evidence: 0 payers, 8 recipients, 0 KZT received in observed graph."
100000007982908100,peripheral,0.9,1,0.424510874322,Single inflow of 31K KZT; 0 further outgoing transfers observed.
100000007988344100,peripheral,0.9,0,0.221069603954,Outgoing transfers not observed: graph cut off at hop 4.
100000007997939100,peripheral,0.9,8,0.208831672586,Outgoing transfers not observed: graph cut off at hop 4.
100000007998965100,consolidator,0.5,7,0.777330919377,"Signs of consolidation: receives from 5 payers (1 seeds within 2 hops), 278K KZT in, forwards 9%."
100000007999728100,peripheral,0.9,14,0.221351539358,Single inflow of 23K KZT; 0 further outgoing transfers observed.
100000008002020100,peripheral,0.6,10,0.629916018261,"Limited role evidence: 1 payers, 1 recipients, 74K KZT received in observed graph."
100000008003034100,peripheral,0.6,12,0.556218932976,"Limited role evidence: 1 payers, 4 recipients, 12K KZT received in observed graph."
100000008008463100,peripheral,0.9,6,0.50356335024,Single inflow of 54K KZT; 0 further outgoing transfers observed.
100000008011159100,peripheral,0.6,39,0.646189495603,"Limited role evidence: 3 payers, 5 recipients, 363K KZT received in observed graph."
100000008011573100,peripheral,0.9,16,0.224633875552,Single inflow of 15K KZT; 0 further outgoing transfers observed.
100000008027922100,peripheral,0.9,21,0.296867384404,Outgoing transfers not observed: graph cut off at hop 4.
100000008028628100,peripheral,0.9,1,0.561332467257,Single inflow of 57K KZT; 0 further outgoing transfers observed.
100000008029279100,peripheral,0.9,3,0.244016934551,Single inflow of 17K KZT; 0 further outgoing transfers observed.
100000008038077100,terminal,0.833083333333,5,0.40742890575,Money stops here in the observed graph: receives 500K KZT from 1 payers; no outgoing transfers were traced.
100000008042075100,peripheral,0.9,22,0.270897540436,Single inflow of 5K KZT; 0 further outgoing transfers observed.
100000008043184100,peripheral,0.9,16,0.268893587812,Single inflow of 51K KZT; 0 further outgoing transfers observed.
100000008050986100,peripheral,0.9,5,0.193981692626,Outgoing transfers not observed: graph cut off at hop 4.
100000008055972100,peripheral,0.9,1,0.204559798407,Single inflow of 28K KZT; 0 further outgoing transfers observed.
100000008060273100,peripheral,0.9,3,0.529200123462,Single inflow of 10K KZT; 0 further outgoing transfers observed.
100000008066326100,peripheral,0.9,0,0.488291849211,Single inflow of 19K KZT; 0 further outgoing transfers observed.
100000008070101100,peripheral,0.9,8,0.261914304536,Single inflow of 100K KZT; 0 further outgoing transfers observed.
100000008071620100,peripheral,0.9,0,0.544955337194,Single inflow of 47K KZT; 0 further outgoing transfers observed.
100000008071749100,peripheral,0.9,7,0.17589083756,Outgoing transfers not observed: graph cut off at hop 4.
100000008074304100,peripheral,0.9,5,0.173569016589,Outgoing transfers not observed: graph cut off at hop 4.
100000008077552100,peripheral,0.9,3,0.393898770448,Single inflow of 214K KZT; 0 further outgoing transfers observed.
100000008086440100,transit,0.518945291965,0,0.600996908845,Pass-through hypothesis: forwards 81% of 200K KZT received; 24% forwarded within 2 days.
100000008088082100,peripheral,0.6,12,0.400601646466,"Limited role evidence: 1 payers, 1 recipients, 39K KZT received in observed graph."
100000008094734100,terminal,1,0,0.737551308097,Money stops here in the observed graph: receives 236K KZT from 4 payers; no outgoing transfers were traced.
100000008097580100,terminal,0.5,3,0.464299699177,Money stops here in the observed graph: receives 32K KZT from 2 payers; no outgoing transfers were traced.
100000008104567100,coordinator,0.50033250656,7,0.8508276094,Bridge hypothesis: top 1% betweenness; links 3 payers and 3 recipients.
100000008106997100,peripheral,0.6,0,0.530720363383,"Limited role evidence: 2 payers, 1 recipients, 36K KZT received in observed graph."
100000008111003100,consolidator,0.6,0,0.839107941641,"Signs of consolidation: receives from 6 payers (1 seeds within 2 hops), 223K KZT in, forwards 16%."
100000008116374100,peripheral,0.9,4,0.505843710122,Single inflow of 31K KZT; 0 further outgoing transfers observed.
100000008117324100,peripheral,0.9,83,0.0845709468331,Known seed with 0 observed transfers in this graph.
100000008121806100,peripheral,0.6,3,0.377936251273,"Limited role evidence: 1 payers, 4 recipients, 67K KZT received in observed graph."
100000008129393100,peripheral,0.9,52,0.521668025669,Single inflow of 10K KZT; 0 further outgoing transfers observed.
100000008130868100,peripheral,0.9,13,0.201382496971,Outgoing transfers not observed: graph cut off at hop 4.
100000008136608100,peripheral,0.9,7,0.298995720294,Outgoing transfers not observed: graph cut off at hop 4.
100000008137435100,peripheral,0.6,21,0.669407705313,"Limited role evidence: 2 payers, 6 recipients, 94K KZT received in observed graph."
100000008141170100,peripheral,0.9,4,0.561401569072,Single inflow of 11K KZT; 0 further outgoing transfers observed.
100000008144528100,consolidator,0.5,4,0.804971645222,"Signs of consolidation: receives from 5 payers (1 seeds within 2 hops), 1.1M KZT in, forwards 0%."
100000008151098100,peripheral,0.9,25,0.165007301758,Outgoing transfers not observed: graph cut off at hop 4.
100000008165763100,consolidator,1,2,0.986317840706,"Signs of consolidation: receives from 15 payers (3 seeds within 2 hops), 1.2M KZT in, forwards 109%."
100000008168850100,peripheral,0.9,5,0.258750823463,Outgoing transfers not observed: graph cut off at hop 4.
100000008169544100,peripheral,0.6,4,0.673830221448,"Limited role evidence: 1 payers, 4 recipients, 137K KZT received in observed graph."
100000008172352100,peripheral,0.6,31,0.692695016838,"Limited role evidence: 3 payers, 7 recipients, 90K KZT received in observed graph."
100000008172721100,peripheral,0.9,3,0.239886028074,Outgoing transfers not observed: graph cut off at hop 4.
100000008173359100,peripheral,0.9,4,0.435912673733,Single inflow of 6K KZT; 0 further outgoing transfers observed.
100000008174521100,peripheral,0.9,4,0.617374038909,Single inflow of 82K KZT; 0 further outgoing transfers observed.
100000008175078100,peripheral,0.9,34,0.232485223729,Outgoing transfers not observed: graph cut off at hop 4.
100000008183752100,peripheral,0.9,17,0.193546351194,Outgoing transfers not observed: graph cut off at hop 4.
100000008188026100,peripheral,0.6,15,0.653514287952,"Limited role evidence: 2 payers, 4 recipients, 86K KZT received in observed graph."
100000008190411100,peripheral,0.9,49,0.192627297059,Outgoing transfers not observed: graph cut off at hop 4.
100000008190442100,peripheral,0.9,1,0.172012843724,Single inflow of 13K KZT; 0 further outgoing transfers observed.
100000008192264100,transit,0.614581413918,5,0.446277945926,Pass-through hypothesis: forwards 115% of 163K KZT received; 87% forwarded within 2 days.
100000008193258100,peripheral,0.6,16,0.363632175648,"Limited role evidence: 1 payers, 1 recipients, 75K KZT received in observed graph."
100000008193577100,peripheral,0.6,40,0.736021854601,"Limited role evidence: 2 payers, 5 recipients, 154K KZT received in observed graph."
100000008200810100,terminal,0.791666666667,13,0.367764464161,Money stops here in the observed graph: receives 475K KZT from 1 payers; no outgoing transfers were traced.
100000008205000100,peripheral,0.9,84,0.0845709468331,Known seed with 0 observed transfers in this graph.
100000008205937100,peripheral,0.9,12,0.537906952103,Single inflow of 35K KZT; 0 further outgoing transfers observed.
100000008213966100,peripheral,0.6,27,0.723721731599,"Limited role evidence: 3 payers, 1 recipients, 187K KZT received in observed graph."
100000008219168100,peripheral,0.9,6,0.522773654703,Single inflow of 53K KZT; 0 further outgoing transfers observed.
100000008221543100,terminal,0.903333333333,16,0.637330642969,Money stops here in the observed graph: receives 542K KZT from 2 payers; no outgoing transfers were traced.
100000008221765100,peripheral,0.9,5,0.259960105219,Outgoing transfers not observed: graph cut off at hop 4.
100000008223661100,peripheral,0.6,9,0.435083451958,"Limited role evidence: 2 payers, 5 recipients, 202K KZT received in observed graph."
100000008223756100,terminal,0.552803333333,3,0.440597776764,Money stops here in the observed graph: receives 332K KZT from 2 payers; no outgoing transfers were traced.
100000008229700100,peripheral,0.6,10,0.555355160293,"Limited role evidence: 1 payers, 1 recipients, 24K KZT received in observed graph."
100000008232832100,peripheral,0.6,9,0.70640021007,"Limited role evidence: 1 payers, 1 recipients, 337K KZT received in observed graph."
100000008237827100,peripheral,0.9,2,0.579989957203,Single inflow of 40K KZT; 0 further outgoing transfers observed.
100000008238112100,peripheral,0.9,5,0.28457969973,Single inflow of 190K KZT; 0 further outgoing transfers observed.
100000008238989100,peripheral,0.9,21,0.518454791289,Single inflow of 200K KZT; 0 further outgoing transfers observed.
100000008244300100,consolidator,0.5,5,0.727923121928,"Signs of consolidation: receives from 5 payers (1 seeds within 2 hops), 65K KZT in, forwards 0%."
100000008251939100,peripheral,0.9,7,0.198383478217,Outgoing transfers not observed: graph cut off at hop 4.
100000008254069100,peripheral,0.6,19,0.625528053033,"Limited role evidence: 1 payers, 5 recipients, 10K KZT received in observed graph."
100000008254576100,peripheral,0.6,33,0.291662635727,"Limited role evidence: 1 payers, 1 recipients, 8K KZT received in observed graph."
100000008255655100,peripheral,0.9,16,0.224697449222,Outgoing transfers not observed: graph cut off at hop 4.
100000008258083100,peripheral,0.6,29,0.662152014779,"Limited role evidence: 2 payers, 2 recipients, 3.1M KZT received in observed graph."
100000008258458100,peripheral,0.6,62,0.356756545094,"Limited role evidence: 1 payers, 2 recipients, 19K KZT received in observed graph."
100000008259451100,peripheral,0.9,14,0.267096940632,Single inflow of 55K KZT; 0 further outgoing transfers observed.
100000008279405100,peripheral,0.9,3,0.398528592027,Single inflow of 235K KZT; 0 further outgoing transfers observed.
100000008283183100,peripheral,0.9,1,0.420088358187,Single inflow of 29K KZT; 0 further outgoing transfers observed.
100000008289539100,peripheral,0.9,15,0.394589788595,Single inflow of 15K KZT; 0 further outgoing transfers observed.
100000008293431100,peripheral,0.6,0,0.300818626164,"Limited role evidence: 1 payers, 5 recipients, 15K KZT received in observed graph."
100000008295429100,terminal,0.586666666667,5,0.385800037776,Money stops here in the observed graph: receives 352K KZT from 1 payers; no outgoing transfers were traced.
100000008297199100,peripheral,0.9,0,0.328943064712,Single inflow of 42K KZT; 0 further outgoing transfers observed.
100000008304115100,peripheral,0.9,10,0.54834132611,Single inflow of 51K KZT; 0 further outgoing transfers observed.
100000008304139100,distributor,1,2,0.775036739131,Fan-out hypothesis: sends 1.7M KZT to 24 recipients after receiving from 4 payers.
100000008306857100,peripheral,0.9,13,0.229436451668,Single inflow of 125K KZT; 0 further outgoing transfers observed.
100000008308418100,peripheral,0.9,0,0.217345016147,Outgoing transfers not observed: graph cut off at hop 4.
100000008309514100,peripheral,0.9,1,0.18078877418,Single inflow of 17K KZT; 0 further outgoing transfers observed.
100000008314203100,peripheral,0.6,9,0.425042497616,"Limited role evidence: 2 payers, 2 recipients, 382K KZT received in observed graph."
100000008314863100,peripheral,0.9,2,0.461687650584,Single inflow of 12K KZT; 0 further outgoing transfers observed.
100000008321975100,peripheral,0.9,20,0.185806947957,Outgoing transfers not observed: graph cut off at hop 4.
100000008324800100,transit,0.926400759734,68,0.74334664695,Pass-through hypothesis: forwards 97% of 526K KZT received; 100% forwarded within 2 days.
100000008327791100,peripheral,0.9,16,0.239208830291,Outgoing transfers not observed: graph cut off at hop 4.
100000008331280100,peripheral,0.9,25,0.176761520424,Outgoing transfers not observed: graph cut off at hop 4.
100000008332511100,peripheral,0.9,6,0.510819040775,Single inflow of 100K KZT; 0 further outgoing transfers observed.
100000008333492100,peripheral,0.9,45,0.202108066024,Outgoing transfers not observed: graph cut off at hop 4.
100000008335401100,peripheral,0.9,7,0.570177499528,Single inflow of 150K KZT; 0 further outgoing transfers observed.
100000008336318100,peripheral,0.9,8,0.164958930488,Outgoing transfers not observed: graph cut off at hop 4.
100000008337304100,peripheral,0.9,3,0.220344034901,Outgoing transfers not observed: graph cut off at hop 4.
100000008343415100,peripheral,0.9,3,0.263491207946,Outgoing transfers not observed: graph cut off at hop 4.
100000008343874100,peripheral,0.6,3,0.444792256911,"Limited role evidence: 2 payers, 2 recipients, 284K KZT received in observed graph."
100000008346837100,coordinator,0.505050505051,12,0.913848464327,Bridge hypothesis: top 1% betweenness; links 9 payers and 25 recipients.
100000008349675100,peripheral,0.6,6,0.570937619489,"Limited role evidence: 1 payers, 1 recipients, 47K KZT received in observed graph."
100000008349740100,peripheral,0.9,34,0.133469233569,Outgoing transfers not observed: graph cut off at hop 4.
100000008352542100,peripheral,0.9,2,0.56271450355,Single inflow of 50K KZT; 0 further outgoing transfers observed.
100000008356606100,terminal,0.5,12,0.626067047187,Money stops here in the observed graph: receives 168K KZT from 2 payers; no outgoing transfers were traced.
100000008376089100,peripheral,0.9,29,0.407166318854,Single inflow of 135K KZT; 0 further outgoing transfers observed.
100000008376785100,peripheral,0.9,5,0.249753767201,Outgoing transfers not observed: graph cut off at hop 4.
100000008379273100,transit,0.861111111111,7,0.49458011434,Pass-through hypothesis: forwards 106% of 36K KZT received; 0% forwarded within 2 days.
100000008383405100,peripheral,0.9,22,0.546613780745,Single inflow of 25K KZT; 0 further outgoing transfers observed.
100000008388049100,terminal,0.827333333333,13,0.369768416785,Money stops here in the observed graph: receives 496K KZT from 1 payers; no outgoing transfers were traced.
100000008389800100,peripheral,0.6,4,0.666298123655,"Limited role evidence: 3 payers, 7 recipients, 189K KZT received in observed graph."
100000008405209100,peripheral,0.9,16,0.274421732981,Single inflow of 54K KZT; 0 further outgoing transfers observed.
100000008406609100,peripheral,0.9,19,0.592911996536,Single inflow of 34K KZT; 0 further outgoing transfers observed.
100000008413748100,distributor,0.9,16,0.753615176601,Fan-out hypothesis: sends 1.4M KZT to 18 recipients after receiving from 2 payers.
100000008416433100,peripheral,0.9,14,0.213819441565,Single inflow of 20K KZT; 0 further outgoing transfers observed.
100000008417029100,peripheral,0.9,8,0.350157321798,Single inflow of 100K KZT; 0 further outgoing transfers observed.
100000008417359100,peripheral,0.6,16,0.253691188597,"Limited role evidence: 1 payers, 2 recipients, 41K KZT received in observed graph."
100000008418835100,peripheral,0.6,59,0.455253810965,"Limited role evidence: 1 payers, 4 recipients, 1.4M KZT received in observed graph."
100000008418934100,terminal,0.6,8,0.641545853661,Money stops here in the observed graph: receives 360K KZT from 1 payers; no outgoing transfers were traced.
100000008422226100,peripheral,0.9,0,0.239663520231,Single inflow of 87K KZT; 0 further outgoing transfers observed.
100000008427027100,terminal,0.5,2,0.56394451585,Money stops here in the observed graph: receives 300K KZT from 1 payers; no outgoing transfers were traced.
100000008430691100,peripheral,0.6,50,0.427171294185,"Limited role evidence: 1 payers, 2 recipients, 20K KZT received in observed graph."
100000008432942100,peripheral,0.9,0,0.206218241958,Single inflow of 45K KZT; 0 further outgoing transfers observed.
100000008436257100,terminal,0.5,16,0.35905763552,Money stops here in the observed graph: receives 35K KZT from 2 payers; no outgoing transfers were traced.
100000008438656100,terminal,0.5,2,0.742607257533,Possible holding point: receives 80K KZT from 2 payers; observed onward flow is 6%.
100000008443341100,peripheral,0.6,10,0.719921131796,"Limited role evidence: 2 payers, 3 recipients, 34K KZT received in observed graph."
100000008454065100,peripheral,0.9,14,0.223217288353,Single inflow of 24K KZT; 0 further outgoing transfers observed.
100000008459449100,peripheral,0.9,0,0.342279714932,Single inflow of 54K KZT; 0 further outgoing transfers observed.
100000008460102100,distributor,1,7,0.460381626288,Fan-out hypothesis: sends 477K KZT to 31 recipients after receiving from 1 payers.
100000008461217100,peripheral,0.9,48,0.26436189081,Outgoing transfers not observed: graph cut off at hop 4.
100000008461532100,peripheral,0.6,25,0.622072962303,"Limited role evidence: 2 payers, 8 recipients, 565K KZT received in observed graph."
100000008463968100,peripheral,0.9,1,0.165931884038,Single inflow of 10K KZT; 0 further outgoing transfers observed.
100000008465789100,distributor,0.8,9,0.418194968467,Fan-out hypothesis: sends 1.9M KZT to 16 recipients after receiving from 1 payers.
100000008466579100,distributor,0.85,9,0.748916253207,Fan-out hypothesis: sends 1.9M KZT to 17 recipients after receiving from 2 payers.
100000008468762100,terminal,0.5,17,0.324990440916,Money stops here in the observed graph: receives 170K KZT from 2 payers; no outgoing transfers were traced.
100000008469048100,peripheral,0.9,0,0.309540657204,Outgoing transfers not observed: graph cut off at hop 4.
100000008470470100,peripheral,0.9,1,0.526228745434,Single inflow of 34K KZT; 0 further outgoing transfers observed.
100000008471634100,peripheral,0.9,24,0.280372781256,Outgoing transfers not observed: graph cut off at hop 4.
100000008472324100,peripheral,0.9,5,0.289762335826,Single inflow of 205K KZT; 0 further outgoing transfers observed.
100000008473207100,peripheral,0.9,3,0.698983281968,Single inflow of 202K KZT; 0 further outgoing transfers observed.
100000008473765100,peripheral,0.9,3,0.279327961819,Single inflow of 30K KZT; 0 further outgoing transfers observed.
100000008474308100,peripheral,0.6,10,0.55732456201,"Limited role evidence: 1 payers, 1 recipients, 14K KZT received in observed graph."
100000008474391100,peripheral,0.9,21,0.398252184769,Single inflow of 20K KZT; 0 further outgoing transfers observed.
100000008477350100,coordinator,0.502129839318,0,0.970304646867,Bridge hypothesis: top 1% betweenness; links 11 payers and 39 recipients.
100000008478414100,peripheral,0.9,1,0.354545287026,Single inflow of 10K KZT; 0 further outgoing transfers observed.
100000008486520100,peripheral,0.6,4,0.582270317085,"Limited role evidence: 1 payers, 1 recipients, 36K KZT received in observed graph."
100000008488166100,peripheral,0.9,1,0.158261582616,Single inflow of 6K KZT; 0 further outgoing transfers observed.
100000008489604100,peripheral,0.9,1,0.167728531218,Single inflow of 11K KZT; 0 further outgoing transfers observed.
100000008489922100,distributor,1,8,0.673180664391,Fan-out hypothesis: sends 3.8M KZT to 36 recipients after receiving from 3 payers.
100000008490127100,peripheral,0.6,5,0.4244072216,"Limited role evidence: 1 payers, 6 recipients, 432K KZT received in observed graph."
100000008491390100,peripheral,0.9,0,0.198478838721,Single inflow of 36K KZT; 0 further outgoing transfers observed.
100000008493007100,transit,1,1,0.365221517384,Pass-through hypothesis: forwards 100% of 26K KZT received; 100% forwarded within 2 days.
100000008497298100,terminal,1,8,0.667666339585,Money stops here in the observed graph: receives 600K KZT from 1 payers; no outgoing transfers were traced.
100000008501413100,transit,0.95,11,0.541776653722,Pass-through hypothesis: forwards 102% of 5K KZT received; 100% forwarded within 2 days.
100000008502995100,peripheral,0.9,0,0.51254658614,Single inflow of 25K KZT; 0 further outgoing transfers observed.
100000008503177100,peripheral,0.9,3,0.287343772314,Single inflow of 34K KZT; 0 further outgoing transfers observed.
100000008507703100,peripheral,0.9,1,0.205043511109,Single inflow of 28K KZT; 0 further outgoing transfers observed.
100000008512552100,peripheral,0.6,16,0.652201353474,"Limited role evidence: 4 payers, 6 recipients, 394K KZT received in observed graph."
100000008512827100,distributor,0.5,13,0.741453257229,Fan-out hypothesis: sends 1.9M KZT to 10 recipients after receiving from 3 payers.
100000008513251100,peripheral,0.9,85,0.0845709468331,Known seed with 0 observed transfers in this graph.
100000008514970100,terminal,0.633276666667,3,0.489625514233,Possible holding point: receives 380K KZT from 1 payers; observed onward flow is 8%.
100000008516839100,terminal,0.75,19,0.468858576226,Money stops here in the observed graph: receives 155K KZT from 3 payers; no outgoing transfers were traced.
100000008517061100,peripheral,0.9,14,0.247964030202,Outgoing transfers not observed: graph cut off at hop 4.
100000008517538100,distributor,0.85,8,0.532696675281,Fan-out hypothesis: sends 1.4M KZT to 17 recipients after receiving from 3 payers.
100000008522127100,peripheral,0.6,61,0.0845709468331,"Limited role evidence: 0 payers, 1 recipients, 0 KZT received in observed graph."
100000008524903100,peripheral,0.9,0,0.179325197746,Outgoing transfers not observed: graph cut off at hop 4.
100000008525136100,peripheral,0.9,0,0.141547235697,Outgoing transfers not observed: graph cut off at hop 4.
100000008531133100,peripheral,0.6,4,0.681016810168,"Limited role evidence: 1 payers, 3 recipients, 25K KZT received in observed graph."
100000008531186100,peripheral,0.9,2,0.56706791787,Single inflow of 125K KZT; 0 further outgoing transfers observed.
100000008532050100,terminal,0.758593333333,5,0.401831658766,Money stops here in the observed graph: receives 455K KZT from 1 payers; no outgoing transfers were traced.
100000008536546100,terminal,0.5,17,0.356017155677,Money stops here in the observed graph: receives 250K KZT from 2 payers; no outgoing transfers were traced.
100000008537380100,peripheral,0.9,1,0.162269487863,Single inflow of 8K KZT; 0 further outgoing transfers observed.
100000008545727100,peripheral,0.6,7,0.584827084226,"Limited role evidence: 1 payers, 6 recipients, 30K KZT received in observed graph."
100000008546855100,consolidator,0.6,18,0.803278650764,"Signs of consolidation: receives from 6 payers (1 seeds within 2 hops), 72K KZT in, forwards 14%."
100000008547295100,peripheral,0.9,6,0.435912673733,Single inflow of 15K KZT; 0 further outgoing transfers observed.
100000008547844100,distributor,0.95,9,0.709804626136,Fan-out hypothesis: sends 2.0M KZT to 19 recipients after receiving from 3 payers.
100000008547948100,consolidator,0.6,8,0.805593561554,"Signs of consolidation: receives from 6 payers (1 seeds within 2 hops), 213K KZT in, forwards 2438%."
100000008548853100,peripheral,0.9,1,0.173636736367,Single inflow of 14K KZT; 0 further outgoing transfers observed.
100000008551752100,peripheral,0.9,38,0.171295566888,Outgoing transfers not observed: graph cut off at hop 4.
100000008554390100,peripheral,0.9,7,0.130518586085,Outgoing transfers not observed: graph cut off at hop 4.
100000008555233100,terminal,0.734333333333,17,0.480124014723,Money stops here in the observed graph: receives 441K KZT from 1 payers; no outgoing transfers were traced.
100000008555918100,peripheral,0.6,2,0.728766164066,"Limited role evidence: 1 payers, 2 recipients, 139K KZT received in observed graph."
100000008556318100,terminal,0.5,2,0.762128520162,Money stops here in the observed graph: receives 180K KZT from 2 payers; no outgoing transfers were traced.
100000008557672100,peripheral,0.9,1,0.45083866569,Single inflow of 49K KZT; 0 further outgoing transfers observed.
100000008560263100,peripheral,0.9,5,0.196255142327,Outgoing transfers not observed: graph cut off at hop 4.
100000008560717100,consolidator,0.7,5,0.823974644241,"Signs of consolidation: receives from 7 payers (1 seeds within 2 hops), 529K KZT in, forwards 5%."
100000008561016100,transit,0.930555555556,8,0.476199031653,Pass-through hypothesis: forwards 103% of 180K KZT received; 100% forwarded within 2 days.
100000008566737100,terminal,0.5,0,0.723569707607,Money stops here in the observed graph: receives 230K KZT from 2 payers; no outgoing transfers were traced.
100000008568512100,peripheral,0.9,5,0.287551077758,Single inflow of 200K KZT; 0 further outgoing transfers observed.
100000008571243100,peripheral,0.9,7,0.290246048528,Single inflow of 134K KZT; 0 further outgoing transfers observed.
100000008571433100,peripheral,0.6,51,0.449117569827,"Limited role evidence: 2 payers, 2 recipients, 350K KZT received in observed graph."
100000008571443100,terminal,0.5,12,0.534023430122,Money stops here in the observed graph: receives 65K KZT from 2 payers; no outgoing transfers were traced.
100000008575624100,peripheral,0.6,46,0.0845709468331,"Limited role evidence: 0 payers, 3 recipients, 0 KZT received in observed graph."
100000008576243100,terminal,0.5,0,0.524418277891,Money stops here in the observed graph: receives 83K KZT from 2 payers; no outgoing transfers were traced.
100000008576528100,peripheral,0.9,5,0.195507460693,Single inflow of 28K KZT; 0 further outgoing transfers observed.
100000008579978100,peripheral,0.6,5,0.270344725919,"Limited role evidence: 1 payers, 1 recipients, 34K KZT received in observed graph."
100000008582730100,transit,1,18,0.470290826504,Pass-through hypothesis: forwards 100% of 5K KZT received; 100% forwarded within 2 days.
100000008583360100,peripheral,0.6,7,0.450147647544,"Limited role evidence: 1 payers, 1 recipients, 113K KZT received in observed graph."
100000008583971100,peripheral,0.9,0,0.180776335853,Outgoing transfers not observed: graph cut off at hop 4.
100000008586731100,peripheral,0.9,10,0.462102261472,Single inflow of 12K KZT; 0 further outgoing transfers observed.
100000008587459100,peripheral,0.6,0,0.513030298842,"Limited role evidence: 2 payers, 2 recipients, 182K KZT received in observed graph."
100000008588665100,peripheral,0.9,0,0.251156534037,Outgoing transfers not observed: graph cut off at hop 4.
100000008595687100,peripheral,0.6,4,0.446070640482,"Limited role evidence: 1 payers, 1 recipients, 64K KZT received in observed graph."
100000008596924100,peripheral,0.9,6,0.437847524543,Single inflow of 100K KZT; 0 further outgoing transfers observed.
100000008598972100,peripheral,0.9,3,0.298607368096,Single inflow of 120K KZT; 0 further outgoing transfers observed.
100000008599354100,peripheral,0.6,0,0.46828687388,"Limited role evidence: 1 payers, 1 recipients, 177K KZT received in observed graph."
100000008601794100,peripheral,0.6,55,0.451128432633,"Limited role evidence: 2 payers, 1 recipients, 494K KZT received in observed graph."
100000008603331100,peripheral,0.6,9,0.600098585256,"Limited role evidence: 2 payers, 6 recipients, 40K KZT received in observed graph."
100000008603629100,coordinator,0.504151838671,3,0.921311460306,Bridge hypothesis: top 1% betweenness; links 19 payers and 61 recipients.
100000008612257100,peripheral,0.9,16,0.203730576632,Single inflow of 10K KZT; 0 further outgoing transfers observed.
100000008619159100,peripheral,0.9,62,0.211830691341,Outgoing transfers not observed: graph cut off at hop 4.
100000008619857100,peripheral,0.6,0,0.253967595856,"Limited role evidence: 1 payers, 2 recipients, 29K KZT received in observed graph."
100000008620570100,peripheral,0.6,3,0.483247416744,"Limited role evidence: 2 payers, 2 recipients, 145K KZT received in observed graph."
100000008624978100,peripheral,0.9,17,0.548963242441,Single inflow of 109K KZT; 0 further outgoing transfers observed.
100000008625905100,peripheral,0.6,15,0.4995899959,"Limited role evidence: 1 payers, 2 recipients, 198K KZT received in observed graph."
100000008628231100,peripheral,0.6,64,0.677008904921,"Limited role evidence: 1 payers, 2 recipients, 50K KZT received in observed graph."
100000008628818100,peripheral,0.9,7,0.200608556647,Outgoing transfers not observed: graph cut off at hop 4.
100000008629504100,peripheral,0.9,0,0.152479142769,Outgoing transfers not observed: graph cut off at hop 4.
100000008629581100,peripheral,0.9,2,0.517867425865,Single inflow of 54K KZT; 0 further outgoing transfers observed.
100000008631800100,peripheral,0.9,7,0.128777220356,Outgoing transfers not observed: graph cut off at hop 4.
100000008632060100,peripheral,0.6,0,0.261430591834,"Limited role evidence: 1 payers, 9 recipients, 6K KZT received in observed graph."
100000008633099100,peripheral,0.6,6,0.304135513265,"Limited role evidence: 1 payers, 1 recipients, 19K KZT received in observed graph."
100000008634520100,peripheral,0.9,9,0.253069272266,Single inflow of 90K KZT; 0 further outgoing transfers observed.
100000008636603100,coordinator,0.503253172292,4,0.827885806948,Bridge hypothesis: top 1% betweenness; links 2 payers and 6 recipients.
100000008637537100,peripheral,0.6,9,0.493867904971,"Limited role evidence: 3 payers, 3 recipients, 620K KZT received in observed graph."
100000008638859100,peripheral,0.9,18,0.23703212313,Outgoing transfers not observed: graph cut off at hop 4.
100000008647905100,peripheral,0.6,18,0.591426307522,"Limited role evidence: 1 payers, 2 recipients, 50K KZT received in observed graph."
100000008648783100,peripheral,0.9,7,0.111073335452,Outgoing transfers not observed: graph cut off at hop 4.
100000008649416100,peripheral,0.9,16,0.213233458177,Outgoing transfers not observed: graph cut off at hop 4.
100000008650785100,peripheral,0.6,4,0.464043561784,"Limited role evidence: 2 payers, 2 recipients, 92K KZT received in observed graph."
100000008652094100,peripheral,0.9,0,0.197373209687,Single inflow of 35K KZT; 0 further outgoing transfers observed.
100000008653041100,peripheral,0.9,1,0.203661474817,Single inflow of 28K KZT; 0 further outgoing transfers observed.
100000008654653100,peripheral,0.6,4,0.0845709468331,"Limited role evidence: 0 payers, 1 recipients, 0 KZT received in observed graph."
100000008655035100,peripheral,0.9,6,0.656347462351,Single inflow of 30K KZT; 0 further outgoing transfers observed.
100000008655779100,peripheral,0.6,27,0.472122024591,"Limited role evidence: 1 payers, 2 recipients, 47K KZT received in observed graph."
100000008656043100,peripheral,0.9,1,0.414767518462,Single inflow of 26K KZT; 0 further outgoing transfers observed.
100000008659445100,peripheral,0.6,40,0.438005998038,"Limited role evidence: 3 payers, 4 recipients, 138K KZT received in observed graph."
100000008659950100,peripheral,0.9,9,0.313464258238,Single inflow of 246K KZT; 0 further outgoing transfers observed.
100000008661550100,peripheral,0.9,1,0.192674286293,Single inflow of 23K KZT; 0 further outgoing transfers observed.
100000008661585100,peripheral,0.9,1,0.542882282755,Single inflow of 43K KZT; 0 further outgoing transfers observed.
100000008662216100,peripheral,0.9,1,0.201208360398,Single inflow of 26K KZT; 0 further outgoing transfers observed.
100000008662805100,peripheral,0.9,1,0.178923025185,Single inflow of 16K KZT; 0 further outgoing transfers observed.
100000008663007100,peripheral,0.9,1,0.472640288201,Single inflow of 14K KZT; 0 further outgoing transfers observed.
100000008663723100,peripheral,0.9,1,0.17667721621,Single inflow of 16K KZT; 0 further outgoing transfers observed.
100000008664469100,peripheral,0.9,2,0.550276176919,Single inflow of 25K KZT; 0 further outgoing transfers observed.
100000008664774100,peripheral,0.9,1,0.178404761576,Single inflow of 16K KZT; 0 further outgoing transfers observed.
100000008665380100,peripheral,0.6,0,0.545991864413,"Limited role evidence: 2 payers, 1 recipients, 69K KZT received in observed graph."
100000008666075100,peripheral,0.9,1,0.512961197028,Single inflow of 26K KZT; 0 further outgoing transfers observed.
100000008667058100,peripheral,0.9,1,0.485700531163,Single inflow of 18K KZT; 0 further outgoing transfers observed.
100000008667795100,peripheral,0.9,1,0.21247195618,Single inflow of 34K KZT; 0 further outgoing transfers observed.
100000008667799100,peripheral,0.9,1,0.21247195618,Single inflow of 34K KZT; 0 further outgoing transfers observed.
100000008668099100,peripheral,0.9,1,0.177160928913,Single inflow of 16K KZT; 0 further outgoing transfers observed.
100000008669037100,peripheral,0.9,86,0.0845709468331,Known seed with 0 observed transfers in this graph.
100000008669310100,peripheral,0.9,0,0.219416688549,Single inflow of 60K KZT; 0 further outgoing transfers observed.
100000008670667100,peripheral,0.9,1,0.478583044257,Single inflow of 16K KZT; 0 further outgoing transfers observed.
100000008671026100,peripheral,0.9,1,0.504634428367,Single inflow of 24K KZT; 0 further outgoing transfers observed.
100000008671081100,peripheral,0.9,1,0.217067226852,Single inflow of 37K KZT; 0 further outgoing transfers observed.
100000008671129100,peripheral,0.9,1,0.201208360398,Single inflow of 26K KZT; 0 further outgoing transfers observed.
100000008671929100,peripheral,0.9,2,0.617166733465,Single inflow of 75K KZT; 0 further outgoing transfers observed.
100000008672162100,peripheral,0.9,1,0.479101307867,Single inflow of 16K KZT; 0 further outgoing transfers observed.
100000008672200100,peripheral,0.9,1,0.451045971134,Single inflow of 9K KZT; 0 further outgoing transfers observed.
100000008672480100,peripheral,0.9,1,0.369954991685,Single inflow of 13K KZT; 0 further outgoing transfers observed.
100000008672493100,peripheral,0.9,1,0.173636736367,Single inflow of 14K KZT; 0 further outgoing transfers observed.
100000008672603100,peripheral,0.9,2,0.468874239304,Single inflow of 21K KZT; 0 further outgoing transfers observed.
100000008672762100,peripheral,0.9,1,0.369954991685,Single inflow of 13K KZT; 0 further outgoing transfers observed.
100000008673001100,peripheral,0.9,19,0.379504401786,Single inflow of 80K KZT; 0 further outgoing transfers observed.
100000008675322100,peripheral,0.9,34,0.18000239553,Outgoing transfers not observed: graph cut off at hop 4.
100000008676812100,peripheral,0.9,18,0.437432913655,Single inflow of 231K KZT; 0 further outgoing transfers observed.
100000008677215100,peripheral,0.9,21,0.353681514343,Single inflow of 9K KZT; 0 further outgoing transfers observed.
100000008677368100,peripheral,0.9,6,0.223101197304,Outgoing transfers not observed: graph cut off at hop 4.
100000008677518100,peripheral,0.9,1,0.229090942595,Single inflow of 49K KZT; 0 further outgoing transfers observed.
100000008679986100,peripheral,0.9,1,0.489846640039,Single inflow of 19K KZT; 0 further outgoing transfers observed.
100000008680061100,peripheral,0.9,5,0.206364737805,Outgoing transfers not observed: graph cut off at hop 4.
100000008680451100,peripheral,0.9,1,0.504634428367,Single inflow of 24K KZT; 0 further outgoing transfers observed.
100000008680731100,distributor,1,10,0.159101400003,Fan-out hypothesis: sends 1.5M KZT to 27 recipients after receiving from 0 payers.
100000008680912100,peripheral,0.6,0,0.425063688839,"Limited role evidence: 1 payers, 1 recipients, 45K KZT received in observed graph."
100000008682426100,peripheral,0.9,14,0.213819441565,Single inflow of 20K KZT; 0 further outgoing transfers observed.
100000008683818100,peripheral,0.9,1,0.389061643425,Single inflow of 17K KZT; 0 further outgoing transfers observed.
100000008684452100,peripheral,0.9,1,0.23351345873,Single inflow of 52K KZT; 0 further outgoing transfers observed.
100000008684767100,peripheral,0.9,1,0.208394949118,Single inflow of 31K KZT; 0 further outgoing transfers observed.
100000008684951100,peripheral,0.9,1,0.18078877418,Single inflow of 17K KZT; 0 further outgoing transfers observed.
100000008686214100,peripheral,0.9,3,0.30959455662,Single inflow of 25K KZT; 0 further outgoing transfers observed.
100000008686234100,peripheral,0.9,0,0.534244555929,Single inflow of 40K KZT; 0 further outgoing transfers observed.
100000008686247100,peripheral,0.6,22,0.365705230086,"Limited role evidence: 1 payers, 1 recipients, 22K KZT received in observed graph."
100000008686313100,consolidator,0.6,0,0.911872152429,"Signs of consolidation: receives from 6 payers (1 seeds within 2 hops), 1.9M KZT in, forwards 17%."
100000008686494100,peripheral,0.9,1,0.177160928913,Single inflow of 16K KZT; 0 further outgoing transfers observed.
100000008687492100,peripheral,0.9,1,0.379663796638,Single inflow of 15K KZT; 0 further outgoing transfers observed.
100000008687617100,peripheral,0.9,1,0.224322917386,Single inflow of 43K KZT; 0 further outgoing transfers observed.
100000008687671100,peripheral,0.9,1,0.534037250485,Single inflow of 38K KZT; 0 further outgoing transfers observed.
100000008687733100,peripheral,0.9,1,0.174915119938,Single inflow of 15K KZT; 0 further outgoing transfers observed.
100000008687990100,peripheral,0.9,1,0.182516319545,Single inflow of 18K KZT; 0 further outgoing transfers observed.
100000008688109100,peripheral,0.9,1,0.171667334651,Single inflow of 13K KZT; 0 further outgoing transfers observed.
100000008688155100,peripheral,0.9,1,0.194436382566,Single inflow of 24K KZT; 0 further outgoing transfers observed.
100000008688476100,peripheral,0.9,1,0.409308475107,Single inflow of 24K KZT; 0 further outgoing transfers observed.
100000008688881100,peripheral,0.9,1,0.44544872415,Single inflow of 44K KZT; 0 further outgoing transfers observed.
100000008690762100,peripheral,0.9,1,0.20221033671,Single inflow of 27K KZT; 0 further outgoing transfers observed.
100000008690932100,peripheral,0.9,1,0.501974008504,Single inflow of 23K KZT; 0 further outgoing transfers observed.
100000008691027100,peripheral,0.9,1,0.485700531163,Single inflow of 18K KZT; 0 further outgoing transfers observed.
100000008691168100,peripheral,0.9,1,0.409308475107,Single inflow of 24K KZT; 0 further outgoing transfers observed.
100000008691330100,peripheral,0.9,1,0.49907173229,Single inflow of 21K KZT; 0 further outgoing transfers observed.
100000008691495100,peripheral,0.9,1,0.514412335135,Single inflow of 27K KZT; 0 further outgoing transfers observed.
100000008692291100,transit,0.9375,9,0.522497247444,Pass-through hypothesis: forwards 98% of 160K KZT received; 13% forwarded within 2 days.
100000008693069100,peripheral,0.9,1,0.494096401638,Single inflow of 20K KZT; 0 further outgoing transfers observed.
100000008695133100,peripheral,0.9,1,0.216168903262,Single inflow of 37K KZT; 0 further outgoing transfers observed.
100000008695157100,peripheral,0.9,3,0.239789285533,Outgoing transfers not observed: graph cut off at hop 4.
100000008695495100,peripheral,0.9,1,0.497378737832,Single inflow of 21K KZT; 0 further outgoing transfers observed.
100000008695566100,peripheral,0.9,1,0.211953692571,Single inflow of 34K KZT; 0 further outgoing transfers observed.
100000008695689100,peripheral,0.9,1,0.201208360398,Single inflow of 26K KZT; 0 further outgoing transfers observed.
100000008696692100,peripheral,0.9,1,0.394797094038,Single inflow of 19K KZT; 0 further outgoing transfers observed.
100000008696919100,peripheral,0.9,1,0.523810181922,Single inflow of 32K KZT; 0 further outgoing transfers observed.
100000008697670100,peripheral,0.9,1,0.19771871876,Single inflow of 25K KZT; 0 further outgoing transfers observed.
100000008699083100,peripheral,0.9,13,0.152285657688,Outgoing transfers not observed: graph cut off at hop 4.
100000008701222100,peripheral,0.9,87,0.0845709468331,Known seed with 0 observed transfers in this graph.
100000008701256100,peripheral,0.9,0,0.47060178467,Single inflow of 58K KZT; 0 further outgoing transfers observed.
100000008701944100,peripheral,0.9,59,0.659111534936,Single inflow of 52K KZT; 0 further outgoing transfers observed.
100000008703533100,peripheral,0.9,9,0.136129653431,Outgoing transfers not observed: graph cut off at hop 4.
100000008706846100,peripheral,0.9,1,0.173947694533,Single inflow of 14K KZT; 0 further outgoing transfers observed.
100000008706947100,peripheral,0.9,1,0.18078877418,Single inflow of 17K KZT; 0 further outgoing transfers observed.
100000008707810100,peripheral,0.9,1,0.201208360398,Single inflow of 26K KZT; 0 further outgoing transfers observed.
100000008708025100,peripheral,0.9,27,0.294979522829,Single inflow of 10K KZT; 0 further outgoing transfers observed.
100000008708061100,peripheral,0.9,1,0.1638588296,Single inflow of 9K KZT; 0 further outgoing transfers observed.
100000008708207100,terminal,0.775,8,0.462019339295,Money stops here in the observed graph: receives 465K KZT from 2 payers; no outgoing transfers were traced.
100000008708368100,peripheral,0.9,1,0.505118141069,Single inflow of 24K KZT; 0 further outgoing transfers observed.
100000008708595100,peripheral,0.9,1,0.18078877418,Single inflow of 17K KZT; 0 further outgoing transfers observed.
100000008708743100,peripheral,0.9,1,0.17629715623,Single inflow of 16K KZT; 0 further outgoing transfers observed.
100000008710791100,distributor,1,8,0.744631940701,Fan-out hypothesis: sends 5.5M KZT to 23 recipients after receiving from 3 payers.
100000008710843100,distributor,0.65,17,0.629784724814,Fan-out hypothesis: sends 2.0M KZT to 13 recipients after receiving from 2 payers.
100000008710913100,peripheral,0.9,8,0.114459324369,Outgoing transfers not observed: graph cut off at hop 4.
100000008712036100,peripheral,0.9,1,0.190324824597,Single inflow of 21K KZT; 0 further outgoing transfers observed.
100000008712184100,peripheral,0.9,1,0.184243864911,Single inflow of 18K KZT; 0 further outgoing transfers observed.
100000008712827100,peripheral,0.9,1,0.253000170451,Single inflow of 76K KZT; 0 further outgoing transfers observed.
100000008712991100,peripheral,0.9,1,0.246435498063,Single inflow of 66K KZT; 0 further outgoing transfers observed.
100000008713270100,peripheral,0.6,6,0.530927668827,"Limited role evidence: 1 payers, 3 recipients, 30K KZT received in observed graph."
100000008713685100,peripheral,0.9,1,0.230472978887,Single inflow of 50K KZT; 0 further outgoing transfers observed.
100000008714412100,peripheral,0.9,7,0.306139465889,Single inflow of 169K KZT; 0 further outgoing transfers observed.
100000008715513100,peripheral,0.9,7,0.150108950528,Outgoing transfers not observed: graph cut off at hop 4.
100000008715887100,peripheral,0.9,1,0.184243864911,Single inflow of 18K KZT; 0 further outgoing transfers observed.
100000008716072100,peripheral,0.9,1,0.169041465696,Single inflow of 12K KZT; 0 further outgoing transfers observed.
100000008716222100,peripheral,0.9,1,0.487462627435,Single inflow of 18K KZT; 0 further outgoing transfers observed.
100000008716439100,peripheral,0.9,1,0.465902861276,Single inflow of 12K KZT; 0 further outgoing transfers observed.
100000008716773100,peripheral,0.9,1,0.480034182364,Single inflow of 16K KZT; 0 further outgoing transfers observed.
100000008717340100,peripheral,0.9,1,0.540740126502,Single inflow of 42K KZT; 0 further outgoing transfers observed.
100000008717341100,peripheral,0.9,1,0.475162504434,Single inflow of 15K KZT; 0 further outgoing transfers observed.
100000008717375100,peripheral,0.9,2,0.485873285699,Single inflow of 30K KZT; 0 further outgoing transfers observed.
100000008717802100,peripheral,0.9,1,0.199999078642,Single inflow of 26K KZT; 0 further outgoing transfers observed.
100000008718089100,peripheral,0.9,1,0.478583044257,Single inflow of 16K KZT; 0 further outgoing transfers observed.
100000008718811100,peripheral,0.9,1,0.250719810569,Single inflow of 73K KZT; 0 further outgoing transfers observed.
100000008720668100,peripheral,0.9,1,0.17771374343,Single inflow of 16K KZT; 0 further outgoing transfers observed.
100000008720798100,peripheral,0.9,1,0.478583044257,Single inflow of 16K KZT; 0 further outgoing transfers observed.
100000008720856100,peripheral,0.6,5,0.378385413068,"Limited role evidence: 1 payers, 1 recipients, 18K KZT received in observed graph."
100000008721637100,peripheral,0.6,6,0.350157321798,"Limited role evidence: 1 payers, 2 recipients, 24K KZT received in observed graph."
100000008722328100,peripheral,0.9,1,0.505118141069,Single inflow of 24K KZT; 0 further outgoing transfers observed.
100000008722417100,peripheral,0.6,5,0.403469371772,"Limited role evidence: 1 payers, 3 recipients, 332K KZT received in observed graph."
100000008722541100,peripheral,0.9,5,0.238386518697,Outgoing transfers not observed: graph cut off at hop 4.
100000008723830100,transit,0.97398240482,4,0.809511634442,Pass-through hypothesis: forwards 99% of 460K KZT received; 100% forwarded within 2 days.
100000008724279100,peripheral,0.9,4,0.457541541708,Single inflow of 12K KZT; 0 further outgoing transfers observed.
100000008724461100,peripheral,0.6,8,0.334816718954,"Limited role evidence: 1 payers, 1 recipients, 100K KZT received in observed graph."
100000008727982100,peripheral,0.9,26,0.282646230957,Outgoing transfers not observed: graph cut off at hop 4.
100000008728457100,peripheral,0.9,11,0.579506244501,Single inflow of 45K KZT; 0 further outgoing transfers observed.
100000008729597100,peripheral,0.9,3,0.345043787517,Single inflow of 83K KZT; 0 further outgoing transfers observed.
100000008729801100,peripheral,0.9,1,0.485700531163,Single inflow of 18K KZT; 0 further outgoing transfers observed.
100000008730021100,peripheral,0.9,59,0.674037526892,Single inflow of 76K KZT; 0 further outgoing transfers observed.
100000008730238100,peripheral,0.9,9,0.231227570703,Outgoing transfers not observed: graph cut off at hop 4.
100000008730371100,terminal,0.866666666667,0,0.525662110554,Money stops here in the observed graph: receives 520K KZT from 2 payers; no outgoing transfers were traced.
100000008730846100,consolidator,0.7,11,0.789492838749,"Signs of consolidation: receives from 7 payers (1 seeds within 2 hops), 155K KZT in, forwards 234%."
100000008731444100,peripheral,0.6,0,0.64135236858,"Limited role evidence: 3 payers, 9 recipients, 439K KZT received in observed graph."
100000008732098100,peripheral,0.9,1,0.480034182364,Single inflow of 16K KZT; 0 further outgoing transfers observed.
100000008732488100,peripheral,0.6,3,0.440266088054,"Limited role evidence: 1 payers, 1 recipients, 137K KZT received in observed graph."
100000008733049100,peripheral,0.9,15,0.370162297129,Single inflow of 10K KZT; 0 further outgoing transfers observed.
100000008733194100,peripheral,0.6,12,0.617166733465,"Limited role evidence: 4 payers, 8 recipients, 251K KZT received in observed graph."
100000008734279100,peripheral,0.9,3,0.155526532793,Outgoing transfers not observed: graph cut off at hop 4.
100000008734364100,peripheral,0.9,1,0.414767518462,Single inflow of 26K KZT; 0 further outgoing transfers observed.
100000008735384100,peripheral,0.9,1,0.537146832142,Single inflow of 39K KZT; 0 further outgoing transfers observed.
100000008735802100,peripheral,0.9,0,0.209218642748,Outgoing transfers not observed: graph cut off at hop 4.
100000008735832100,peripheral,0.9,1,0.182516319545,Single inflow of 18K KZT; 0 further outgoing transfers observed.
100000008736173100,peripheral,0.9,1,0.522013534742,Single inflow of 31K KZT; 0 further outgoing transfers observed.
100000008736394100,peripheral,0.9,1,0.382877031018,Single inflow of 16K KZT; 0 further outgoing transfers observed.
100000008736760100,peripheral,0.9,1,0.559397616448,Single inflow of 55K KZT; 0 further outgoing transfers observed.
100000008736940100,peripheral,0.6,40,0.751258804723,"Limited role evidence: 3 payers, 3 recipients, 451K KZT received in observed graph."
100000008737422100,peripheral,0.9,1,0.577571393691,Single inflow of 77K KZT; 0 further outgoing transfers observed.
100000008737514100,peripheral,0.9,15,0.487877238323,Single inflow of 85K KZT; 0 further outgoing transfers observed.
100000008737958100,terminal,0.5,1,0.606649437281,Money stops here in the observed graph: receives 53K KZT from 2 payers; no outgoing transfers were traced.
100000008738325100,peripheral,0.6,19,0.403095761295,"Limited role evidence: 1 payers, 1 recipients, 37K KZT received in observed graph."
100000008738526100,peripheral,0.6,17,0.238039627587,"Limited role evidence: 1 payers, 1 recipients, 15K KZT received in observed graph."
100000008738658100,peripheral,0.9,1,0.207254769177,Single inflow of 30K KZT; 0 further outgoing transfers observed.
100000008739887100,peripheral,0.6,3,0.48086340414,"Limited role evidence: 2 payers, 2 recipients, 214K KZT received in observed graph."
100000008740295100,peripheral,0.9,8,0.232049882297,Outgoing transfers not observed: graph cut off at hop 4.
100000008740793100,peripheral,0.9,1,0.190324824597,Single inflow of 21K KZT; 0 further outgoing transfers observed.
100000008741372100,peripheral,0.9,1,0.531065872456,Single inflow of 36K KZT; 0 further outgoing transfers observed.
100000008742053100,distributor,0.6,13,0.383229450272,Fan-out hypothesis: sends 2.8M KZT to 12 recipients after receiving from 1 payers.
100000008742266100,peripheral,0.9,1,0.4017072755,Single inflow of 21K KZT; 0 further outgoing transfers observed.
100000008743913100,distributor,0.65,17,0.752924158455,Fan-out hypothesis: sends 1.9M KZT to 13 recipients after receiving from 3 payers.
100000008744364100,peripheral,0.9,1,0.195300155249,Single inflow of 24K KZT; 0 further outgoing transfers observed.
100000008744799100,peripheral,0.9,1,0.170699909246,Single inflow of 13K KZT; 0 further outgoing transfers observed.
100000008744849100,peripheral,0.9,1,0.544817133565,Single inflow of 44K KZT; 0 further outgoing transfers observed.
100000008745474100,peripheral,0.9,1,0.539427192025,Single inflow of 41K KZT; 0 further outgoing transfers observed.
100000008745489100,peripheral,0.9,1,0.560295940038,Single inflow of 56K KZT; 0 further outgoing transfers observed.
100000008745643100,peripheral,0.9,1,0.49547843793,Single inflow of 20K KZT; 0 further outgoing transfers observed.
100000008745676100,peripheral,0.9,1,0.199931358864,Outgoing transfers not observed: graph cut off at hop 4.
100000008745725100,peripheral,0.9,1,0.548306775203,Single inflow of 47K KZT; 0 further outgoing transfers observed.
100000008745863100,peripheral,0.9,1,0.193019795366,Single inflow of 23K KZT; 0 further outgoing transfers observed.
100000008745884100,peripheral,0.9,1,0.188148117436,Single inflow of 20K KZT; 0 further outgoing transfers observed.
100000008746025100,peripheral,0.9,1,0.500246463139,Single inflow of 22K KZT; 0 further outgoing transfers observed.
100000008746449100,distributor,0.5,8,0.377977712361,Fan-out hypothesis: sends 1.0M KZT to 10 recipients after receiving from 1 payers.
100000008746673100,peripheral,0.9,1,0.55732456201,Single inflow of 53K KZT; 0 further outgoing transfers observed.
100000008747113100,terminal,0.5,5,0.693441316436,Money stops here in the observed graph: receives 198K KZT from 2 payers; no outgoing transfers were traced.
100000008748408100,distributor,1,6,0.818018067821,Fan-out hypothesis: sends 1.5M KZT to 21 recipients after receiving from 1 payers.
100000008748795100,peripheral,0.9,0,0.208291296396,Single inflow of 47K KZT; 0 further outgoing transfers observed.
100000008748914100,distributor,0.65,2,0.882282755412,Fan-out hypothesis: sends 4.5M KZT to 13 recipients after receiving from 2 payers.
100000008749063100,peripheral,0.9,1,0.489846640039,Single inflow of 19K KZT; 0 further outgoing transfers observed.
100000008749405100,peripheral,0.9,1,0.216756268686,Single inflow of 37K KZT; 0 further outgoing transfers observed.
100000008749406100,peripheral,0.9,1,0.483972985797,Single inflow of 17K KZT; 0 further outgoing transfers observed.
100000008749618100,peripheral,0.9,1,0.549032344256,Single inflow of 47K KZT; 0 further outgoing transfers observed.
100000008749900100,peripheral,0.9,1,0.179752246961,Single inflow of 17K KZT; 0 further outgoing transfers observed.
100000008749989100,peripheral,0.9,1,0.382877031018,Single inflow of 16K KZT; 0 further outgoing transfers observed.
100000008750464100,peripheral,0.9,1,0.163582422341,Single inflow of 8K KZT; 0 further outgoing transfers observed.
100000008751349100,peripheral,0.9,25,0.169317872954,Single inflow of 12K KZT; 0 further outgoing transfers observed.
100000008751380100,terminal,0.5763,8,0.420420046897,Money stops here in the observed graph: receives 346K KZT from 2 payers; no outgoing transfers were traced.
100000008751429100,terminal,0.75,40,0.749275582643,Possible holding point: receives 386K KZT from 3 payers; observed onward flow is 19%.
100000008752616100,peripheral,0.6,8,0.602517148767,"Limited role evidence: 2 payers, 7 recipients, 65K KZT received in observed graph."
100000008753061100,peripheral,0.9,1,0.204767103851,Single inflow of 28K KZT; 0 further outgoing transfers observed.
100000008753193100,peripheral,0.9,1,0.529338327091,Single inflow of 35K KZT; 0 further outgoing transfers observed.
100000008753897100,peripheral,0.9,1,0.195783867951,Single inflow of 24K KZT; 0 further outgoing transfers observed.
100000008754608100,peripheral,0.9,1,0.170147094729,Single inflow of 12K KZT; 0 further outgoing transfers observed.
100000008754747100,peripheral,0.9,1,0.226534175454,Single inflow of 46K KZT; 0 further outgoing transfers observed.
100000008754997100,peripheral,0.9,1,0.184243864911,Single inflow of 18K KZT; 0 further outgoing transfers observed.
100000008755168100,peripheral,0.9,1,0.182516319545,Single inflow of 18K KZT; 0 further outgoing transfers observed.
100000008755361100,peripheral,0.9,1,0.475162504434,Single inflow of 15K KZT; 0 further outgoing transfers observed.
100000008755580100,peripheral,0.9,1,0.17771374343,Single inflow of 16K KZT; 0 further outgoing transfers observed.
100000008755754100,peripheral,0.9,13,0.259910351913,Single inflow of 7K KZT; 0 further outgoing transfers observed.
100000008757301100,peripheral,0.9,0,0.246271035744,Outgoing transfers not observed: graph cut off at hop 4.
100000008757369100,peripheral,0.6,0,0.308281622142,"Limited role evidence: 1 payers, 1 recipients, 26K KZT received in observed graph."
100000008758106100,peripheral,0.9,8,0.115281635962,Outgoing transfers not observed: graph cut off at hop 4.
100000008758168100,peripheral,0.6,17,0.606801461273,"Limited role evidence: 2 payers, 5 recipients, 75K KZT received in observed graph."
100000008758607100,peripheral,0.9,8,0.109235227184,Outgoing transfers not observed: graph cut off at hop 4.
100000008759795100,peripheral,0.9,7,0.135355713108,Outgoing transfers not observed: graph cut off at hop 4.
100000008759857100,peripheral,0.6,17,0.254900470353,"Limited role evidence: 1 payers, 2 recipients, 5K KZT received in observed graph."
100000008760098100,peripheral,0.6,17,0.264160113511,"Limited role evidence: 1 payers, 1 recipients, 7K KZT received in observed graph."
100000008761132100,peripheral,0.9,8,0.115281635962,Outgoing transfers not observed: graph cut off at hop 4.
100000008761219100,peripheral,0.6,45,0.346425823809,"Limited role evidence: 2 payers, 2 recipients, 50K KZT received in observed graph."
100000008761220100,peripheral,0.9,8,0.115281635962,Outgoing transfers not observed: graph cut off at hop 4.
100000008762005100,peripheral,0.9,8,0.10420461508,Outgoing transfers not observed: graph cut off at hop 4.
100000008762728100,peripheral,0.9,4,0.529338327091,Single inflow of 17K KZT; 0 further outgoing transfers observed.
100000008762832100,peripheral,0.6,2,0.489812089132,"Limited role evidence: 1 payers, 1 recipients, 150K KZT received in observed graph."
100000008762843100,peripheral,0.9,8,0.105970166443,Outgoing transfers not observed: graph cut off at hop 4.
100000008762885100,peripheral,0.9,8,0.105970166443,Outgoing transfers not observed: graph cut off at hop 4.
100000008763688100,peripheral,0.9,1,0.190324824597,Single inflow of 21K KZT; 0 further outgoing transfers observed.
100000008764436100,peripheral,0.9,1,0.371095171626,Single inflow of 13K KZT; 0 further outgoing transfers observed.
100000008764654100,peripheral,0.9,1,0.199999078642,Single inflow of 26K KZT; 0 further outgoing transfers observed.
100000008765494100,peripheral,0.9,1,0.409308475107,Single inflow of 24K KZT; 0 further outgoing transfers observed.
100000008765627100,peripheral,0.9,6,0.509367902668,Single inflow of 60K KZT; 0 further outgoing transfers observed.
100000008766031100,peripheral,0.9,8,0.106623178591,Outgoing transfers not observed: graph cut off at hop 4.
100000008766764100,peripheral,0.9,8,0.109235227184,Outgoing transfers not observed: graph cut off at hop 4.
100000008767027100,peripheral,0.9,17,0.189564704636,Single inflow of 5K KZT; 0 further outgoing transfers observed.
100000008767065100,peripheral,0.9,17,0.20939692543,Single inflow of 10K KZT; 0 further outgoing transfers observed.
100000008767925100,peripheral,0.9,1,0.483972985797,Single inflow of 17K KZT; 0 further outgoing transfers observed.
100000008767950100,peripheral,0.9,1,0.181825301399,Single inflow of 17K KZT; 0 further outgoing transfers observed.
100000008768896100,peripheral,0.9,1,0.548306775203,Single inflow of 47K KZT; 0 further outgoing transfers observed.
100000008769097100,peripheral,0.9,1,0.208394949118,Single inflow of 31K KZT; 0 further outgoing transfers observed.
100000008769636100,peripheral,0.9,1,0.502457721206,Single inflow of 23K KZT; 0 further outgoing transfers observed.
100000008770483100,peripheral,0.9,45,0.118425768527,Outgoing transfers not observed: graph cut off at hop 4.
100000008771627100,peripheral,0.9,1,0.384846432734,Single inflow of 16K KZT; 0 further outgoing transfers observed.
100000008771814100,peripheral,0.9,1,0.407719133371,Single inflow of 24K KZT; 0 further outgoing transfers observed.
100000008771819100,peripheral,0.9,1,0.536732221255,Single inflow of 39K KZT; 0 further outgoing transfers observed.
100000008772058100,peripheral,0.9,1,0.451944294724,Single inflow of 50K KZT; 0 further outgoing transfers observed.
100000008772246100,peripheral,0.9,1,0.225186690069,Single inflow of 44K KZT; 0 further outgoing transfers observed.
100000008773876100,peripheral,0.9,1,0.512062873438,Single inflow of 26K KZT; 0 further outgoing transfers observed.
100000008774237100,peripheral,0.6,23,0.458578068927,"Limited role evidence: 1 payers, 1 recipients, 50K KZT received in observed graph."
100000008775471100,terminal,0.966666666667,17,0.392295608349,Money stops here in the observed graph: receives 580K KZT from 1 payers; no outgoing transfers were traced.
100000008775747100,peripheral,0.9,8,0.109235227184,Outgoing transfers not observed: graph cut off at hop 4.
100000008776298100,peripheral,0.9,1,0.542260366424,Single inflow of 43K KZT; 0 further outgoing transfers observed.
100000008776310100,peripheral,0.9,1,0.18617871572,Single inflow of 19K KZT; 0 further outgoing transfers observed.
100000008776420100,peripheral,0.9,1,0.24878495976,Single inflow of 70K KZT; 0 further outgoing transfers observed.
100000008776576100,peripheral,0.9,1,0.475922624395,Single inflow of 15K KZT; 0 further outgoing transfers observed.
100000008776720100,peripheral,0.9,1,0.199999078642,Single inflow of 26K KZT; 0 further outgoing transfers observed.
100000008777088100,peripheral,0.9,1,0.487462627435,Single inflow of 18K KZT; 0 further outgoing transfers observed.
100000008778010100,peripheral,0.9,1,0.195190974382,Outgoing transfers not observed: graph cut off at hop 4.
100000008778753100,peripheral,0.9,24,0.139564013618,Outgoing transfers not observed: graph cut off at hop 4.
100000008779584100,peripheral,0.9,1,0.522842756517,Single inflow of 31K KZT; 0 further outgoing transfers observed.
100000008782056100,peripheral,0.9,1,0.518212934938,Single inflow of 29K KZT; 0 further outgoing transfers observed.
100000008782421100,peripheral,0.9,1,0.552280129543,Single inflow of 50K KZT; 0 further outgoing transfers observed.
100000008782800100,peripheral,0.9,1,0.543227791828,Single inflow of 43K KZT; 0 further outgoing transfers observed.
